source,native,name,p_value,significant,description,term_size,query_size,intersection_size,effective_domain_size,precision,recall,query,parents,cluster
GO:BP,GO:0048522,positive regulation of cellular process,3.391644435014977e-29,True,"""Any process that activates or increases the frequency, rate or extent of a cellular process, any of those that are carried out at the cellular level, but are not necessarily restricted to a single cell. For example, cell communication occurs among more than one cell, but occurs at the cellular level."" [GOC:jid]",6243,208,128,26963,0.6153846153846154,0.020502963318917187,query_1,"['GO:0009987', 'GO:0048518', 'GO:0050794']",0
GO:BP,GO:0048518,positive regulation of biological process,3.332258175032547e-28,True,"""Any process that activates or increases the frequency, rate or extent of a biological process. Biological processes are regulated by many means; examples include the control of gene expression, protein modification or interaction with a protein or substrate molecule."" [GOC:jid]",6584,208,130,26963,0.625,0.01974483596597813,query_1,"['GO:0008150', 'GO:0050789']",0
GO:BP,GO:0051239,regulation of multicellular organismal process,1.6233135807462454e-27,True,"""Any process that modulates the frequency, rate or extent of a multicellular organismal process, the processes pertinent to the function of a multicellular organism above the cellular level; includes the integrated processes of tissues and organs."" [GOC:ai, GOC:dph, GOC:tb]",3145,208,90,26963,0.4326923076923077,0.028616852146263912,query_1,"['GO:0032501', 'GO:0050789']",0
GO:BP,GO:0006950,response to stress,6.551471420348822e-25,True,"""Any process that results in a change in state or activity of a cell or an organism (in terms of movement, secretion, enzyme production, gene expression, etc.) as a result of a disturbance in organismal or cellular homeostasis, usually, but not necessarily, exogenous (e.g. temperature, humidity, ionizing radiation)."" [GOC:mah]",3966,208,97,26963,0.46634615384615385,0.024457892082702975,query_1,['GO:0050896'],0
GO:BP,GO:0010604,positive regulation of macromolecule metabolic process,3.33672103062097e-24,True,"""Any process that increases the frequency, rate or extent of the chemical reactions and pathways involving macromolecules, any molecule of high relative molecular mass, the structure of which essentially comprises the multiple repetition of units derived, actually or conceptually, from molecules of low relative molecular mass."" [GOC:dph, GOC:tb]",3404,208,89,26963,0.42788461538461536,0.026145710928319625,query_1,"['GO:0009893', 'GO:0043170', 'GO:0060255']",0
GO:BP,GO:0007275,multicellular organism development,4.4067979832331483e-23,True,"""The biological process whose specific outcome is the progression of a multicellular organism over time from an initial condition (e.g. a zygote or a young adult) to a later condition (e.g. a multicellular animal or an aged adult)."" [GOC:dph, GOC:ems, GOC:isa_complete, GOC:tb]",4886,208,105,26963,0.5048076923076923,0.02148997134670487,query_1,"['GO:0032501', 'GO:0048856']",0
GO:BP,GO:0002376,immune system process,7.722552772080189e-23,True,"""Any process involved in the development or functioning of the immune system, an organismal system for calibrated responses to potential internal or invasive threats."" [GO_REF:0000022, GOC:add]",2866,208,80,26963,0.38461538461538464,0.027913468248429867,query_1,['GO:0008150'],0
GO:BP,GO:0002682,regulation of immune system process,2.4741041451606663e-22,True,"""Any process that modulates the frequency, rate, or extent of an immune system process."" [GOC:add]",1590,208,60,26963,0.28846153846153844,0.03773584905660377,query_1,"['GO:0002376', 'GO:0050789']",0
GO:BP,GO:0009893,positive regulation of metabolic process,4.638835278682384e-22,True,"""Any process that activates or increases the frequency, rate or extent of the chemical reactions and pathways within a cell or an organism."" [GOC:go_curators]",3725,208,90,26963,0.4326923076923077,0.024161073825503355,query_1,"['GO:0008152', 'GO:0019222', 'GO:0048522']",0
GO:BP,GO:0035556,intracellular signal transduction,6.354299585107925e-22,True,"""The process in which a signal is passed on to downstream components within the cell, which become activated themselves to further propagate the signal and finally trigger a change in the function or state of the cell."" [GOC:bf, GOC:jl, GOC:signaling, ISBN:3527303782]",2885,208,79,26963,0.3798076923076923,0.027383015597920276,query_1,['GO:0007165'],0
GO:BP,GO:0051240,positive regulation of multicellular organismal process,1.2252520629094416e-21,True,"""Any process that activates or increases the frequency, rate or extent of an organismal process, any of the processes pertinent to the function of an organism above the cellular level; includes the integrated processes of tissues and organs."" [GOC:ai]",1822,208,63,26963,0.30288461538461536,0.03457738748627882,query_1,"['GO:0032501', 'GO:0048518', 'GO:0051239']",0
GO:BP,GO:0009605,response to external stimulus,1.2549333152862075e-21,True,"""Any process that results in a change in state or activity of a cell or an organism (in terms of movement, secretion, enzyme production, gene expression, etc.) as a result of an external stimulus."" [GOC:hb]",2624,208,75,26963,0.3605769230769231,0.028582317073170733,query_1,['GO:0050896'],0
GO:BP,GO:0032502,developmental process,1.4555972461736418e-21,True,"""A biological process whose specific outcome is the progression of an integrated living unit: an anatomical structure (which may be a subcellular structure, cell, tissue, or organ), or organism over time from an initial condition to a later condition."" [GOC:isa_complete]",6876,208,123,26963,0.5913461538461539,0.01788830715532286,query_1,['GO:0008150'],0
GO:BP,GO:0006952,defense response,1.9032651489853924e-21,True,"""Reactions, triggered in response to the presence of a foreign body or the occurrence of an injury, which result in restriction of damage to the organism attacked or prevention/recovery from the infection caused by the attack."" [GOC:go_curators]",1837,208,63,26963,0.30288461538461536,0.03429504627109418,query_1,['GO:0006950'],0
GO:BP,GO:0048856,anatomical structure development,2.3314934921372452e-21,True,"""The biological process whose specific outcome is the progression of an anatomical structure from an initial condition to its mature state. This process begins with the formation of the structure and ends with the mature structure, whatever form that may be including its natural destruction. An anatomical structure is any biological entity that occupies space and is distinguished from its surroundings. Anatomical structures can be macroscopic such as a carpel, or microscopic such as an acrosome."" [GO_REF:0000021]",6290,208,117,26963,0.5625,0.01860095389507154,query_1,['GO:0032502'],0
GO:BP,GO:0002684,positive regulation of immune system process,2.9652309729874366e-20,True,"""Any process that activates or increases the frequency, rate, or extent of an immune system process."" [GOC:add]",1118,208,49,26963,0.23557692307692307,0.04382826475849732,query_1,"['GO:0002376', 'GO:0002682', 'GO:0048518']",0
GO:BP,GO:0001817,regulation of cytokine production,3.037308915893324e-20,True,"""Any process that modulates the frequency, rate, or extent of production of a cytokine."" [GOC:add, ISBN:0781735149]",825,208,43,26963,0.20673076923076922,0.052121212121212124,query_1,"['GO:0001816', 'GO:0010468', 'GO:0051239']",0
GO:BP,GO:0001816,cytokine production,4.22343589148201e-20,True,"""The appearance of a cytokine due to biosynthesis or secretion following a cellular stimulus, resulting in an increase in its intracellular or extracellular levels."" [GOC:add, ISBN:0781735149]",832,208,43,26963,0.20673076923076922,0.051682692307692304,query_1,"['GO:0010467', 'GO:0032501']",0
GO:BP,GO:0006954,inflammatory response,6.726475400590246e-20,True,"""The immediate defensive reaction (by vertebrate tissue) to infection or injury caused by chemical or physical agents. The process is characterized by local vasodilation, extravasation of plasma into intercellular spaces and accumulation of white blood cells and macrophages."" [GO_REF:0000022, ISBN:0198506732]",842,208,43,26963,0.20673076923076922,0.0510688836104513,query_1,['GO:0006952'],0
GO:BP,GO:0050794,regulation of cellular process,1.652385996041401e-19,True,"""Any process that modulates the frequency, rate or extent of a cellular process, any of those that are carried out at the cellular level, but are not necessarily restricted to a single cell. For example, cell communication occurs among more than one cell, but occurs at the cellular level."" [GOC:go_curators]",12758,208,167,26963,0.8028846153846154,0.013089825991534723,query_1,"['GO:0009987', 'GO:0050789']",0
GO:BP,GO:0010557,positive regulation of macromolecule biosynthetic process,2.277703019976157e-19,True,"""Any process that increases the rate, frequency or extent of the chemical reactions and pathways resulting in the formation of a macromolecule, any molecule of high relative molecular mass, the structure of which essentially comprises the multiple repetition of units derived, actually or conceptually, from molecules of low relative molecular mass."" [GOC:dph, GOC:tb]",2708,208,73,26963,0.35096153846153844,0.026957163958641065,query_1,"['GO:0009059', 'GO:0009891', 'GO:0010556', 'GO:0010604']",0
GO:BP,GO:0043067,regulation of programmed cell death,3.107288896547709e-19,True,"""Any process that modulates the frequency, rate or extent of programmed cell death, cell death resulting from activation of endogenous cellular processes."" [GOC:jl]",1702,208,58,26963,0.27884615384615385,0.03407755581668625,query_1,"['GO:0012501', 'GO:0050794']",0
GO:BP,GO:0050789,regulation of biological process,4.479874530056939e-19,True,"""Any process that modulates the frequency, rate or extent of a biological process. Biological processes are regulated by many means; examples include the control of gene expression, protein modification or interaction with a protein or substrate molecule."" [GOC:ai, GOC:go_curators]",13153,208,169,26963,0.8125,0.012848779746065537,query_1,"['GO:0008150', 'GO:0065007']",0
GO:BP,GO:0042981,regulation of apoptotic process,4.896280930656022e-19,True,"""Any process that modulates the occurrence or rate of cell death by apoptotic process."" [GOC:jl, GOC:mtg_apoptosis]",1656,208,57,26963,0.27403846153846156,0.034420289855072464,query_1,"['GO:0006915', 'GO:0043067']",0
GO:BP,GO:0050896,response to stimulus,5.675801697261172e-19,True,"""Any process that results in a change in state or activity of a cell or an organism (in terms of movement, secretion, enzyme production, gene expression, etc.) as a result of a stimulus. The process begins with detection of the stimulus and ends with a change in state or activity or the cell or organism."" [GOC:ai, GOC:bf]",10529,208,150,26963,0.7211538461538461,0.014246367176370026,query_1,['GO:0008150'],0
GO:BP,GO:0051716,cellular response to stimulus,5.880348605074497e-19,True,"""Any process that results in a change in state or activity of a cell (in terms of movement, secretion, enzyme production, gene expression, etc.) as a result of a stimulus. The process begins with detection of the stimulus by a cell and ends with a change in state or activity or the cell."" [GOC:bf, GOC:jl]",8566,208,134,26963,0.6442307692307693,0.015643240719122112,query_1,"['GO:0009987', 'GO:0050896']",0
GO:BP,GO:0048519,negative regulation of biological process,6.237105083136127e-19,True,"""Any process that stops, prevents, or reduces the frequency, rate or extent of a biological process. Biological processes are regulated by many means; examples include the control of gene expression, protein modification or interaction with a protein or substrate molecule."" [GOC:jid]",5981,208,110,26963,0.5288461538461539,0.01839157331549908,query_1,"['GO:0008150', 'GO:0050789']",0
GO:BP,GO:0009891,positive regulation of biosynthetic process,7.326689179355533e-19,True,"""Any process that activates or increases the frequency, rate or extent of the chemical reactions and pathways resulting in the formation of substances."" [GOC:go_curators]",2837,208,74,26963,0.3557692307692308,0.02608389143461403,query_1,"['GO:0009058', 'GO:0009889', 'GO:0009893']",0
GO:BP,GO:0012501,programmed cell death,9.455221678027334e-19,True,"""A process which begins when a cell receives an internal or external signal and activates a series of biochemical events (signaling pathway). The process ends with the death of the cell."" [GOC:lr, GOC:mtg_apoptosis]",2133,208,64,26963,0.3076923076923077,0.030004688232536336,query_1,['GO:0008219'],0
GO:BP,GO:0008219,cell death,9.455221678027334e-19,True,"""Any biological process that results in permanent cessation of all vital functions of a cell. A cell should be considered dead when any one of the following molecular or morphological criteria is met: (1) the cell has lost the integrity of its plasma membrane; (2) the cell, including its nucleus, has undergone complete fragmentation into discrete bodies (frequently referred to as apoptotic bodies). The cell corpse (or its fragments) may be engulfed by an adjacent cell in vivo, but engulfment of whole cells should not be considered a strict criteria to define cell death as, under some circumstances, live engulfed cells can be released from phagosomes (see PMID:18045538)."" [GOC:mah, GOC:mtg_apoptosis, PMID:25236395]",2133,208,64,26963,0.3076923076923077,0.030004688232536336,query_1,['GO:0009987'],0
GO:BP,GO:0006915,apoptotic process,9.53994893673247e-19,True,"""A programmed cell death process which begins when a cell receives an internal (e.g. DNA damage) or external signal (e.g. an extracellular death ligand), and proceeds through a series of biochemical events (signaling pathway phase) which trigger an execution phase. The execution phase is the last step of an apoptotic process, and is typically characterized by rounding-up of the cell, retraction of pseudopodes, reduction of cellular volume (pyknosis), chromatin condensation, nuclear fragmentation (karyorrhexis), plasma membrane blebbing and fragmentation of the cell into apoptotic bodies. When the execution phase is completed, the cell has died."" [GOC:cjm, GOC:dhl, GOC:ecd, GOC:go_curators, GOC:mtg_apoptosis, GOC:tb, ISBN:0198506732, PMID:18846107, PMID:21494263]",2066,208,63,26963,0.30288461538461536,0.03049370764762827,query_1,['GO:0012501'],0
GO:BP,GO:0070887,cellular response to chemical stimulus,2.6090504870269653e-18,True,"""Any process that results in a change in state or activity of a cell (in terms of movement, secretion, enzyme production, gene expression, etc.) as a result of a chemical stimulus."" [GOC:mah]",2527,208,69,26963,0.3317307692307692,0.027305104867431738,query_1,"['GO:0042221', 'GO:0051716']",0
GO:BP,GO:0048731,system development,2.7466359927890728e-18,True,"""The process whose specific outcome is the progression of an organismal system over time, from its formation to the mature structure. A system is a regularly interacting or interdependent group of organs or tissues that work together to carry out a given biological process."" [GOC:dph, GOC:jid]",4123,208,89,26963,0.42788461538461536,0.021586223623575068,query_1,"['GO:0007275', 'GO:0048856']",0
GO:BP,GO:0065007,biological regulation,2.120815960811853e-17,True,"""Any process that modulates a measurable attribute of any biological process, quality or function."" [GOC:dph, GOC:isa_complete, GOC:mah, GOC:pr, GOC:vw]",13542,208,169,26963,0.8125,0.01247969280756166,query_1,['GO:0008150'],0
GO:BP,GO:0042127,regulation of cell population proliferation,2.779426050874399e-17,True,"""Any process that modulates the frequency, rate or extent of cell proliferation."" [GOC:jl]",1802,208,57,26963,0.27403846153846156,0.031631520532741396,query_1,"['GO:0008283', 'GO:0050794']",0
GO:BP,GO:0001775,cell activation,5.1308524328754117e-17,True,"""A multicellular organismal process by which exposure to an activating factor such as a cellular or soluble ligand results in a change in the morphology or behavior of a cell."" [GOC:mgi_curators]",1162,208,46,26963,0.22115384615384615,0.039586919104991396,query_1,"['GO:0009987', 'GO:0032501']",0
GO:BP,GO:0048523,negative regulation of cellular process,7.158691186520973e-17,True,"""Any process that stops, prevents, or reduces the frequency, rate or extent of a cellular process, any of those that are carried out at the cellular level, but are not necessarily restricted to a single cell. For example, cell communication occurs among more than one cell, but occurs at the cellular level."" [GOC:jid]",5732,208,104,26963,0.5,0.018143754361479414,query_1,"['GO:0009987', 'GO:0048519', 'GO:0050794']",0
GO:BP,GO:0030154,cell differentiation,9.231083606375904e-17,True,"""The cellular developmental process in which a relatively unspecialized cell, e.g. embryonic or regenerative cell, acquires specialized structural and/or functional features that characterize a specific cell. Differentiation includes the processes involved in commitment of a cell to a specific fate and its subsequent development to the mature state."" [ISBN:0198506732]",4795,208,94,26963,0.4519230769230769,0.019603753910323252,query_1,['GO:0048869'],0
GO:BP,GO:0048869,cellular developmental process,9.3680231255734e-17,True,"""A biological process whose specific outcome is the progression of a cell over time from an initial condition to a later condition."" [GOC:isa_complete]",4796,208,94,26963,0.4519230769230769,0.019599666388657216,query_1,"['GO:0009987', 'GO:0032502']",0
GO:BP,GO:0006955,immune response,1.1594135921313942e-16,True,"""Any immune system process that functions in the calibrated response of an organism to a potential internal or invasive threat."" [GO_REF:0000022, GOC:add]",1991,208,59,26963,0.28365384615384615,0.029633350075339026,query_1,"['GO:0002376', 'GO:0050896']",0
GO:BP,GO:1901700,response to oxygen-containing compound,1.5864205316054095e-16,True,"""Any process that results in a change in state or activity of a cell or an organism (in terms of movement, secretion, enzyme production, gene expression, etc.) as a result of an oxygen-containing compound stimulus."" [GOC:pr, GOC:TermGenie]",2004,208,59,26963,0.28365384615384615,0.02944111776447106,query_1,['GO:0042221'],0
GO:BP,GO:0045321,leukocyte activation,1.6638754455322895e-16,True,"""A change in morphology and behavior of a leukocyte resulting from exposure to a specific antigen, mitogen, cytokine, cellular ligand, or soluble factor."" [GOC:add]",1033,208,43,26963,0.20673076923076922,0.041626331074540175,query_1,"['GO:0001775', 'GO:0002376']",0
GO:BP,GO:0032501,multicellular organismal process,2.8796853073771185e-16,True,"""Any biological process, occurring at the level of a multicellular organism, pertinent to its function."" [GOC:curators, GOC:dph, GOC:isa_complete, GOC:tb]",8528,208,129,26963,0.6201923076923077,0.015126641651031895,query_1,['GO:0008150'],0
GO:BP,GO:0001819,positive regulation of cytokine production,2.887775712393063e-16,True,"""Any process that activates or increases the frequency, rate or extent of production of a cytokine."" [GOC:add, ISBN:0781735149]",527,208,32,26963,0.15384615384615385,0.06072106261859583,query_1,"['GO:0001816', 'GO:0001817', 'GO:0010628', 'GO:0051240']",0
GO:BP,GO:0009607,response to biotic stimulus,3.2136989009788734e-16,True,"""Any process that results in a change in state or activity of a cell or an organism (in terms of movement, secretion, enzyme production, gene expression, etc.) as a result of a biotic stimulus, a stimulus caused or produced by a living organism."" [GOC:hb]",1832,208,56,26963,0.2692307692307692,0.03056768558951965,query_1,['GO:0050896'],0
GO:BP,GO:0008283,cell population proliferation,3.4998903773486393e-16,True,"""The multiplication or reproduction of cells, resulting in the expansion of a cell population."" [GOC:mah, GOC:mb]",2176,208,61,26963,0.2932692307692308,0.02803308823529412,query_1,['GO:0009987'],0
GO:BP,GO:0048583,regulation of response to stimulus,5.518118347773944e-16,True,"""Any process that modulates the frequency, rate or extent of a response to a stimulus. Response to stimulus is a change in state or activity of a cell or an organism (in terms of movement, secretion, enzyme production, gene expression, etc.) as a result of a stimulus."" [GOC:jid]",4015,208,84,26963,0.40384615384615385,0.02092154420921544,query_1,"['GO:0050789', 'GO:0050896']",0
GO:BP,GO:0010628,positive regulation of gene expression,6.103809448609962e-16,True,"""Any process that increases the frequency, rate or extent of gene expression. Gene expression is the process in which a gene's coding sequence is converted into a mature gene product (protein or RNA)."" [GOC:txnOH-2018]",1295,208,47,26963,0.22596153846153846,0.036293436293436294,query_1,"['GO:0010467', 'GO:0010468', 'GO:0010557']",0
GO:BP,GO:0060255,regulation of macromolecule metabolic process,7.497840815574334e-16,True,"""Any process that modulates the frequency, rate or extent of the chemical reactions and pathways involving macromolecules, any molecule of high relative molecular mass, the structure of which essentially comprises the multiple repetition of units derived, actually or conceptually, from molecules of low relative molecular mass."" [GOC:dph, GOC:tb]",6316,208,108,26963,0.5192307692307693,0.017099430018999367,query_1,"['GO:0019222', 'GO:0043170']",0
GO:BP,GO:0019222,regulation of metabolic process,8.50540252652424e-16,True,"""Any process that modulates the frequency, rate or extent of the chemical reactions and pathways within a cell or an organism."" [GOC:go_curators]",6848,208,113,26963,0.5432692307692307,0.016501168224299066,query_1,"['GO:0008152', 'GO:0050794']",0
GO:BP,GO:0023052,signaling,9.711967313733408e-16,True,"""The entirety of a process in which information is transmitted within a biological system. This process begins with an active signal and ends when a cellular response has been triggered."" [GOC:mtg_signal, GOC:mtg_signaling_feb11, GOC:signaling]",7507,208,119,26963,0.5721153846153846,0.01585187158651925,query_1,['GO:0050789'],0
GO:BP,GO:0048584,positive regulation of response to stimulus,1.1165792174038298e-15,True,"""Any process that activates, maintains or increases the rate of a response to a stimulus. Response to stimulus is a change in state or activity of a cell or an organism (in terms of movement, secretion, enzyme production, gene expression, etc.) as a result of a stimulus."" [GOC:jid]",2372,208,63,26963,0.30288461538461536,0.026559865092748734,query_1,"['GO:0048518', 'GO:0048583', 'GO:0050896']",0
GO:BP,GO:0044419,biological process involved in interspecies interaction between organisms,1.117966419776616e-15,True,"""Any process evolved to enable an interaction with an organism of a different species."" [GOC:cc]",1950,208,57,26963,0.27403846153846156,0.02923076923076923,query_1,['GO:0008150'],0
GO:BP,GO:0050793,regulation of developmental process,2.0070438185899834e-15,True,"""Any process that modulates the frequency, rate or extent of development, the biological process whose specific outcome is the progression of a multicellular organism over time from an initial condition (e.g. a zygote, or a young adult) to a later condition (e.g. a multicellular animal or an aged adult)."" [GOC:go_curators]",2699,208,67,26963,0.32211538461538464,0.02482400889218229,query_1,"['GO:0032502', 'GO:0050789']",0
GO:BP,GO:0032101,regulation of response to external stimulus,2.414662433571526e-15,True,"""Any process that modulates the frequency, rate or extent of a response to an external stimulus."" [GOC:mah]",1110,208,43,26963,0.20673076923076922,0.03873873873873874,query_1,"['GO:0009605', 'GO:0048583']",0
GO:BP,GO:0010556,regulation of macromolecule biosynthetic process,2.53464053099968e-15,True,"""Any process that modulates the rate, frequency or extent of the chemical reactions and pathways resulting in the formation of a macromolecule, any molecule of high relative molecular mass, the structure of which essentially comprises the multiple repetition of units derived, actually or conceptually, from molecules of low relative molecular mass."" [GOC:dph, GOC:tb]",5509,208,99,26963,0.47596153846153844,0.01797059357415139,query_1,"['GO:0009059', 'GO:0009889', 'GO:0060255']",0
GO:BP,GO:0051707,response to other organism,3.1046515515228307e-15,True,"""Any process that results in a change in state or activity of a cell or an organism (in terms of movement, secretion, enzyme production, gene expression, etc.) as a result of a stimulus from another living organism."" [GOC:ai]",1791,208,54,26963,0.25961538461538464,0.03015075376884422,query_1,"['GO:0043207', 'GO:0044419']",0
GO:BP,GO:0043207,response to external biotic stimulus,3.425421532385913e-15,True,"""Any process that results in a change in state or activity of a cell or an organism (in terms of movement, secretion, enzyme production, gene expression, etc.) as a result of an external biotic stimulus, an external stimulus caused by, or produced by living things."" [GOC:go_curators]",1795,208,54,26963,0.25961538461538464,0.030083565459610027,query_1,"['GO:0009605', 'GO:0009607']",0
GO:BP,GO:0141124,intracellular signaling cassette,4.482470526766856e-15,True,"""An intracellular signaling module that is part of larger signaling pathways that can be initiated either intracellularly or by cell surface receptors. Intracellular signaling cassettes are discrete signaling units that are often shared by multiple signaling pathways."" [GOC:ha, GOC:pg]",1806,208,54,26963,0.25961538461538464,0.029900332225913623,query_1,['GO:0035556'],0
GO:BP,GO:0007154,cell communication,4.8064582444922835e-15,True,"""Any process that mediates interactions between a cell and its surroundings. Encompasses interactions such as signaling or attachment between one cell and another cell, between a cell and an extracellular matrix, or between a cell and any other aspect of its environment."" [GOC:mah]",7538,208,118,26963,0.5673076923076923,0.015654019633855133,query_1,['GO:0009987'],0
GO:BP,GO:0023051,regulation of signaling,5.0703882968806375e-15,True,"""Any process that modulates the frequency, rate or extent of a signaling process."" [GOC:mtg_signal]",3638,208,78,26963,0.375,0.021440351841671246,query_1,"['GO:0023052', 'GO:0050789']",0
GO:BP,GO:0080134,regulation of response to stress,8.98589856052596e-15,True,"""Any process that modulates the frequency, rate or extent of a response to stress. Response to stress is a change in state or activity of a cell or an organism (in terms of movement, secretion, enzyme production, gene expression, etc.) as a result of a disturbance in organismal or cellular homeostasis, usually, but not necessarily, exogenous (e.g. temperature, humidity, ionizing radiation)."" [GOC:dhl]",1386,208,47,26963,0.22596153846153846,0.03391053391053391,query_1,"['GO:0006950', 'GO:0048583']",0
GO:BP,GO:0009889,regulation of biosynthetic process,9.73260739006529e-15,True,"""Any process that modulates the frequency, rate or extent of the chemical reactions and pathways resulting in the formation of substances."" [GOC:go_curators]",5712,208,100,26963,0.4807692307692308,0.01750700280112045,query_1,"['GO:0009058', 'GO:0019222']",0
GO:BP,GO:0043068,positive regulation of programmed cell death,1.3482981380288467e-14,True,"""Any process that activates or increases the frequency, rate or extent of programmed cell death, cell death resulting from activation of endogenous cellular processes."" [GOC:jl]",646,208,33,26963,0.15865384615384615,0.05108359133126935,query_1,"['GO:0012501', 'GO:0043067', 'GO:0048522']",0
GO:BP,GO:0030097,hemopoiesis,1.5037124655696762e-14,True,"""The process whose specific outcome is the progression of the myeloid and lymphoid derived organ/tissue systems of the blood and other parts of the body over time, from formation to the mature structure. The site of hemopoiesis is variable during development, but occurs primarily in bone marrow or kidney in many adult vertebrates."" [GOC:dgh, ISBN:0198506732]",1054,208,41,26963,0.1971153846153846,0.03889943074003795,query_1,['GO:0048468'],0
GO:BP,GO:0080090,regulation of primary metabolic process,1.6077330643003986e-14,True,"""Any process that modulates the frequency, rate or extent of the chemical reactions and pathways within a cell or an organism involving those compounds formed as a part of the normal anabolic and catabolic processes. These processes take place in most, if not all, cells of the organism."" [PMID:19211694]",5358,208,96,26963,0.46153846153846156,0.01791713325867861,query_1,"['GO:0019222', 'GO:0044238']",0
GO:BP,GO:0010646,regulation of cell communication,2.0118740213437678e-14,True,"""Any process that modulates the frequency, rate or extent of cell communication. Cell communication is the process that mediates interactions between a cell and its surroundings. Encompasses interactions such as signaling or attachment between one cell and another cell, between a cell and an extracellular matrix, or between a cell and any other aspect of its environment."" [GOC:dph, GOC:tb]",3639,208,77,26963,0.3701923076923077,0.02115965924704589,query_1,"['GO:0007154', 'GO:0050794']",0
GO:BP,GO:0010468,regulation of gene expression,2.368730287800381e-14,True,"""Any process that modulates the frequency, rate or extent of gene expression. Gene expression is the process in which a gene's coding sequence is converted into a mature gene product (protein or RNA)."" [GOC:txnOH-2018]",5388,208,96,26963,0.46153846153846156,0.017817371937639197,query_1,"['GO:0010467', 'GO:0010556']",0
GO:BP,GO:0007165,signal transduction,2.4537445835930463e-14,True,"""The cellular process in which a signal is conveyed to trigger a change in the activity or state of a cell. Signal transduction begins with reception of a signal (e.g. a ligand binding to a receptor or receptor activation by a stimulus such as light), or for signal transduction in the absence of ligand, signal-withdrawal or the activity of a constitutively active receptor. Signal transduction ends with regulation of a downstream cellular process, e.g. regulation of transcription or regulation of a metabolic process. Signal transduction covers signaling from receptors located on the surface of the cell and signaling via molecules located within the cell. For signaling between cells, signal transduction is restricted to events at and within the receiving cell."" [GOC:go_curators, GOC:mtg_signaling_feb11]",6923,208,111,26963,0.5336538461538461,0.016033511483460928,query_1,"['GO:0007154', 'GO:0009987', 'GO:0023052', 'GO:0050794', 'GO:0051716']",0
GO:BP,GO:2000026,regulation of multicellular organismal development,2.6787946295179898e-14,True,"""Any process that modulates the frequency, rate or extent of multicellular organismal development."" [GOC:obol]",1551,208,49,26963,0.23557692307692307,0.03159252095422308,query_1,"['GO:0007275', 'GO:0050793', 'GO:0051239']",0
GO:BP,GO:0007166,cell surface receptor signaling pathway,3.6709730793487884e-14,True,"""The series of molecular signals initiated by an extracellular ligand binding to a receptor located on the cell surface. The pathway ends with regulation of a downstream cellular process, e.g. transcription."" [GOC:signaling]",2776,208,66,26963,0.3173076923076923,0.02377521613832853,query_1,['GO:0007165'],0
GO:BP,GO:0008284,positive regulation of cell population proliferation,6.101377827514137e-14,True,"""Any process that activates or increases the rate or extent of cell proliferation."" [GOC:go_curators]",1097,208,41,26963,0.1971153846153846,0.037374658158614404,query_1,"['GO:0008283', 'GO:0042127', 'GO:0048522']",0
GO:BP,GO:0051241,negative regulation of multicellular organismal process,7.185122035637704e-14,True,"""Any process that stops, prevents, or reduces the frequency, rate or extent of an organismal process, the processes pertinent to the function of an organism above the cellular level; includes the integrated processes of tissues and organs."" [GOC:ai]",1218,208,43,26963,0.20673076923076922,0.035303776683087026,query_1,"['GO:0032501', 'GO:0048519', 'GO:0051239']",0
GO:BP,GO:0001944,vasculature development,1.2824593203691764e-13,True,"""The process whose specific outcome is the progression of the vasculature over time, from its formation to the mature structure. The vasculature is an interconnected tubular multi-tissue structure that contains fluid that is actively transported around the organism."" [GOC:dph, UBERON:0002409]",796,208,35,26963,0.16826923076923078,0.04396984924623116,query_1,"['GO:0048731', 'GO:0072359']",0
GO:BP,GO:0009653,anatomical structure morphogenesis,1.3349020119216874e-13,True,"""The process in which anatomical structures are generated and organized. Morphogenesis pertains to the creation of form."" [GOC:go_curators, ISBN:0521436125]",2769,208,65,26963,0.3125,0.023474178403755867,query_1,"['GO:0032502', 'GO:0048856']",0
GO:BP,GO:0022409,positive regulation of cell-cell adhesion,1.9041249351562934e-13,True,"""Any process that activates or increases the rate or extent of cell adhesion to another cell."" [GOC:isa_complete]",327,208,24,26963,0.11538461538461539,0.07339449541284404,query_1,"['GO:0022407', 'GO:0045785', 'GO:0098609']",0
GO:BP,GO:0009966,regulation of signal transduction,2.1649495789000247e-13,True,"""Any process that modulates the frequency, rate or extent of signal transduction."" [GOC:sm]",3036,208,68,26963,0.3269230769230769,0.022397891963109356,query_1,"['GO:0007165', 'GO:0010646', 'GO:0023051', 'GO:0048583']",0
GO:BP,GO:1902531,regulation of intracellular signal transduction,2.534936642446666e-13,True,"""Any process that modulates the frequency, rate or extent of intracellular signal transduction."" [GOC:dph, GOC:signaling, GOC:tb, GOC:TermGenie]",1912,208,53,26963,0.2548076923076923,0.027719665271966527,query_1,"['GO:0009966', 'GO:0035556']",0
GO:BP,GO:0002694,regulation of leukocyte activation,3.027391101174766e-13,True,"""Any process that modulates the frequency, rate, or extent of leukocyte activation."" [GOC:add]",577,208,30,26963,0.14423076923076922,0.05199306759098787,query_1,"['GO:0002682', 'GO:0045321', 'GO:0050865']",0
GO:BP,GO:0031347,regulation of defense response,3.554645952706611e-13,True,"""Any process that modulates the frequency, rate or extent of a defense response."" [GOC:mah]",823,208,35,26963,0.16826923076923078,0.0425273390036452,query_1,"['GO:0006952', 'GO:0080134']",0
GO:BP,GO:0043065,positive regulation of apoptotic process,4.003409279857558e-13,True,"""Any process that activates or increases the frequency, rate or extent of cell death by apoptotic process."" [GOC:jl, GOC:mtg_apoptosis]",629,208,31,26963,0.14903846153846154,0.0492845786963434,query_1,"['GO:0006915', 'GO:0042981', 'GO:0043068']",0
GO:BP,GO:0040011,locomotion,4.0453579785170296e-13,True,"""Self-propelled movement of a cell or organism from one location to another."" [GOC:dgh]",1278,208,43,26963,0.20673076923076922,0.033646322378716745,query_1,['GO:0008150'],0
GO:BP,GO:0072359,circulatory system development,4.314994023499439e-13,True,"""The process whose specific outcome is the progression of the circulatory system over time, from its formation to the mature structure. The circulatory system is the organ system that passes nutrients (such as amino acids and electrolytes), gases, hormones, blood cells, etc. to and from cells in the body to help fight diseases and help stabilize body temperature and pH to maintain homeostasis."" [GOC:mah, UBERON:0001009]",1220,208,42,26963,0.20192307692307693,0.03442622950819672,query_1,['GO:0048731'],0
GO:BP,GO:0022407,regulation of cell-cell adhesion,4.612076959068229e-13,True,"""Any process that modulates the frequency, rate or extent of attachment of a cell to another cell."" [GOC:isa_complete]",498,208,28,26963,0.1346153846153846,0.05622489959839357,query_1,"['GO:0030155', 'GO:0098609']",0
GO:BP,GO:0007159,leukocyte cell-cell adhesion,5.218803640767692e-13,True,"""The attachment of a leukocyte to another cell via adhesion molecules."" [GOC:go_curators]",418,208,26,26963,0.125,0.06220095693779904,query_1,['GO:0098609'],0
GO:BP,GO:1903037,regulation of leukocyte cell-cell adhesion,5.505329472310107e-13,True,"""Any process that modulates the frequency, rate or extent of leukocyte cell-cell adhesion."" [GO_REF:0000058, GOC:BHF, GOC:rl, GOC:TermGenie, PMID:21106532]",380,208,25,26963,0.1201923076923077,0.06578947368421052,query_1,"['GO:0007159', 'GO:0022407']",0
GO:BP,GO:0016477,cell migration,5.881994594403239e-13,True,"""The controlled self-propelled movement of a cell from one site to a destination guided by molecular cues."" [GOC:cjm, GOC:dph, GOC:ems, GOC:pf, Wikipedia:Cell_migration]",1544,208,47,26963,0.22596153846153846,0.03044041450777202,query_1,['GO:0048870'],0
GO:BP,GO:1903039,positive regulation of leukocyte cell-cell adhesion,9.253543454455952e-13,True,"""Any process that activates or increases the frequency, rate or extent of leukocyte cell-cell adhesion."" [GO_REF:0000058, GOC:BHF, GOC:rl, GOC:TermGenie, PMID:21106532]",280,208,22,26963,0.10576923076923077,0.07857142857142857,query_1,"['GO:0007159', 'GO:0022409', 'GO:1903037']",0
GO:BP,GO:0048870,cell motility,1.0549419003379082e-12,True,"""Any process involved in the controlled self-propelled movement of a cell that results in translocation of the cell from one place to another."" [GOC:dgh, GOC:dph, GOC:isa_complete, GOC:mlg]",1769,208,50,26963,0.2403846153846154,0.02826455624646693,query_1,['GO:0009987'],0
GO:BP,GO:0034097,response to cytokine,1.2390895269202427e-12,True,"""Any process that results in a change in state or activity of a cell or an organism (in terms of movement, secretion, enzyme production, gene expression, etc.) as a result of a cytokine stimulus."" [GOC:sl]",1197,208,41,26963,0.1971153846153846,0.034252297410192145,query_1,['GO:1901652'],0
GO:BP,GO:0032103,positive regulation of response to external stimulus,1.3867182850361048e-12,True,"""Any process that activates, maintains or increases the rate of a response to an external stimulus."" [GOC:mah]",658,208,31,26963,0.14903846153846154,0.04711246200607903,query_1,"['GO:0009605', 'GO:0032101', 'GO:0048584']",0
GO:BP,GO:0042110,T cell activation,1.4743120571906655e-12,True,"""The change in morphology and behavior of a mature or immature T cell resulting from exposure to a mitogen, cytokine, chemokine, cellular ligand, or an antigen for which it is specific."" [GOC:mgi_curators, ISBN:0781735149]",612,208,30,26963,0.14423076923076922,0.049019607843137254,query_1,['GO:0046649'],0
GO:BP,GO:1901698,response to nitrogen compound,1.5828544533077065e-12,True,"""Any process that results in a change in state or activity of a cell or an organism (in terms of movement, secretion, enzyme production, gene expression, etc.) as a result of a nitrogen compound stimulus."" [GOC:pr, GOC:TermGenie]",1146,208,40,26963,0.19230769230769232,0.034904013961605584,query_1,['GO:0042221'],0
GO:BP,GO:0001568,blood vessel development,1.8193445404972752e-12,True,"""The process whose specific outcome is the progression of a blood vessel over time, from its formation to the mature structure. The blood vessel is the vasculature carrying blood."" [GOC:hjd, UBERON:0001981]",764,208,33,26963,0.15865384615384615,0.04319371727748691,query_1,"['GO:0001944', 'GO:0048856']",0
GO:BP,GO:1901652,response to peptide,1.8945972233850567e-12,True,"""Any process that results in a change in state or activity of a cell or an organism (in terms of movement, secretion, enzyme production, gene expression, etc.) as a result of a peptide stimulus."" [GOC:pr, GOC:TermGenie]",1212,208,41,26963,0.1971153846153846,0.03382838283828383,query_1,['GO:0042221'],0
GO:BP,GO:0050865,regulation of cell activation,3.4751000260249144e-12,True,"""Any process that modulates the frequency, rate or extent of cell activation, the change in the morphology or behavior of a cell resulting from exposure to an activating factor such as a cellular or soluble ligand."" [GOC:ai]",632,208,30,26963,0.14423076923076922,0.04746835443037975,query_1,"['GO:0001775', 'GO:0050794', 'GO:0051239']",0
GO:BP,GO:1901701,cellular response to oxygen-containing compound,4.298621778802187e-12,True,"""Any process that results in a change in state or activity of a cell (in terms of movement, secretion, enzyme production, gene expression, etc.) as a result of an oxygen-containing compound stimulus."" [GOC:pr, GOC:TermGenie]",1430,208,44,26963,0.21153846153846154,0.03076923076923077,query_1,"['GO:0070887', 'GO:1901700']",0
GO:BP,GO:0045785,positive regulation of cell adhesion,5.363651783134685e-12,True,"""Any process that activates or increases the frequency, rate or extent of cell adhesion."" [GOC:go_curators]",504,208,27,26963,0.12980769230769232,0.05357142857142857,query_1,"['GO:0007155', 'GO:0030155', 'GO:0048522']",0
GO:BP,GO:0046649,lymphocyte activation,5.888607047186196e-12,True,"""A change in morphology and behavior of a lymphocyte resulting from exposure to a specific antigen, mitogen, cytokine, chemokine, cellular ligand, or soluble factor."" [GOC:mgi_curators, ISBN:0781735149]",849,208,34,26963,0.16346153846153846,0.04004711425206125,query_1,['GO:0045321'],0
GO:BP,GO:0048514,blood vessel morphogenesis,1.0521616894994797e-11,True,"""The process in which the anatomical structures of blood vessels are generated and organized. The blood vessel is the vasculature carrying blood."" [GOC:jid]",659,208,30,26963,0.14423076923076922,0.04552352048558422,query_1,"['GO:0001568', 'GO:0035239']",0
GO:BP,GO:0031349,positive regulation of defense response,1.0952484760845678e-11,True,"""Any process that activates or increases the frequency, rate or extent of a defense response."" [GOC:mah]",519,208,27,26963,0.12980769230769232,0.05202312138728324,query_1,"['GO:0006952', 'GO:0031347', 'GO:0048584']",0
GO:BP,GO:0035239,tube morphogenesis,1.2343720898265685e-11,True,"""The process in which the anatomical structures of a tube are generated and organized. Epithelial and endothelial tubes transport gases, liquids and cells from one site to another and form the basic structure of many organs and tissues, with tube shape and organization varying from the single-celled excretory organ in Caenorhabditis elegans to the branching trees of the mammalian kidney and insect tracheal system."" [GOC:bf, PMID:14624839]",926,208,35,26963,0.16826923076923078,0.03779697624190065,query_1,"['GO:0009653', 'GO:0035295']",0
GO:BP,GO:0033554,cellular response to stress,1.396750131564654e-11,True,"""Any process that results in a change in state or activity of a cell (in terms of movement, secretion, enzyme production, gene expression, etc.) as a result of a stimulus indicating the organism is under stress. The stress is usually, but not necessarily, exogenous (e.g. temperature, humidity, ionizing radiation)."" [GOC:mah]",1818,208,49,26963,0.23557692307692307,0.02695269526952695,query_1,"['GO:0006950', 'GO:0051716']",0
GO:BP,GO:0098542,defense response to other organism,1.7266992584064906e-11,True,"""Reactions triggered in response to the presence of another organism that act to protect the cell or organism from damage caused by that organism."" [GOC:dos]",1294,208,41,26963,0.1971153846153846,0.03168469860896445,query_1,"['GO:0006952', 'GO:0051707']",0
GO:BP,GO:0009888,tissue development,1.8700441790569085e-11,True,"""The process whose specific outcome is the progression of a tissue over time, from its formation to the mature structure."" [ISBN:0471245208]",2121,208,53,26963,0.2548076923076923,0.02498821310702499,query_1,['GO:0048856'],0
GO:BP,GO:0002521,leukocyte differentiation,2.4005845311411165e-11,True,"""The process in which a relatively unspecialized hemopoietic precursor cell acquires the specialized features of a leukocyte. A leukocyte is an achromatic cell of the myeloid or lymphoid lineages capable of ameboid movement, found in blood or other tissue."" [CL:0000738, GOC:add, PMID:16551264]",680,208,30,26963,0.14423076923076922,0.04411764705882353,query_1,"['GO:0030097', 'GO:0030154']",0
GO:BP,GO:0002696,positive regulation of leukocyte activation,2.569118975077539e-11,True,"""Any process that activates or increases the frequency, rate, or extent of leukocyte activation."" [GOC:add]",367,208,23,26963,0.11057692307692307,0.06267029972752043,query_1,"['GO:0002684', 'GO:0002694', 'GO:0045321', 'GO:0050867']",0
GO:BP,GO:0051254,positive regulation of RNA metabolic process,4.548519968569703e-11,True,"""Any process that activates or increases the frequency, rate or extent of the chemical reactions and pathways involving RNA."" [GOC:ai]",1875,208,49,26963,0.23557692307692307,0.026133333333333335,query_1,"['GO:0010604', 'GO:0016070', 'GO:0045935', 'GO:0051252']",0
GO:BP,GO:0045893,positive regulation of DNA-templated transcription,5.4236558956800605e-11,True,"""Any process that activates or increases the frequency, rate or extent of cellular DNA-templated transcription."" [GOC:go_curators, GOC:txnOH]",1742,208,47,26963,0.22596153846153846,0.0269804822043628,query_1,"['GO:0006351', 'GO:0006355', 'GO:1902680']",0
GO:BP,GO:0048468,cell development,5.715169068036128e-11,True,"""The cellular developmental process in which a specific cell progresses from an immature to a mature state. Cell development start once cell commitment has taken place."" [GOC:go_curators]",3222,208,66,26963,0.3173076923076923,0.020484171322160148,query_1,"['GO:0030154', 'GO:0048856', 'GO:0048869']",0
GO:BP,GO:1902680,positive regulation of RNA biosynthetic process,5.77800911305305e-11,True,"""Any process that activates or increases the frequency, rate or extent of RNA biosynthetic process."" [GO:jl, GO_REF:0000058, GOC:TermGenie]",1745,208,47,26963,0.22596153846153846,0.026934097421203437,query_1,"['GO:0010557', 'GO:0032774', 'GO:0051254', 'GO:2001141']",0
GO:BP,GO:0043066,negative regulation of apoptotic process,6.136237993409896e-11,True,"""Any process that stops, prevents, or reduces the frequency, rate or extent of cell death by apoptotic process."" [GOC:jl, GOC:mtg_apoptosis]",1036,208,36,26963,0.17307692307692307,0.03474903474903475,query_1,"['GO:0006915', 'GO:0042981', 'GO:0043069']",0
GO:BP,GO:0048646,anatomical structure formation involved in morphogenesis,6.349313445980092e-11,True,"""The developmental process pertaining to the initial formation of an anatomical structure from unspecified parts. This process begins with the specific processes that contribute to the appearance of the discrete structure and ends when the structural rudiment is recognizable. An anatomical structure is any biological entity that occupies space and is distinguished from its surroundings. Anatomical structures can be macroscopic such as a carpel, or microscopic such as an acrosome."" [GOC:dph, GOC:jid, GOC:tb]",1219,208,39,26963,0.1875,0.03199343724364233,query_1,"['GO:0009653', 'GO:0032502']",0
GO:BP,GO:0002237,response to molecule of bacterial origin,6.55332286760566e-11,True,"""Any process that results in a change in state or activity of an organism (in terms of movement, secretion, enzyme production, gene expression, etc.) as a result of a stimulus by molecules of bacterial origin such as peptides derived from bacterial flagellin."" [GOC:rl, GOC:sm]",468,208,25,26963,0.1201923076923077,0.053418803418803416,query_1,"['GO:0009617', 'GO:0043207']",0
GO:BP,GO:0051094,positive regulation of developmental process,6.906014881798903e-11,True,"""Any process that activates or increases the rate or extent of development, the biological process whose specific outcome is the progression of an organism over time from an initial condition (e.g. a zygote, or a young adult) to a later condition (e.g. a multicellular animal or an aged adult)."" [GOC:ai]",1480,208,43,26963,0.20673076923076922,0.029054054054054056,query_1,"['GO:0032502', 'GO:0048518', 'GO:0050793']",0
GO:BP,GO:0140546,defense response to symbiont,7.404764264777654e-11,True,"""Reactions triggered in response to the presence of a symbiont that act to protect or prevent damage to the host."" [GOC:pg]",1163,208,38,26963,0.18269230769230768,0.03267411865864144,query_1,['GO:0098542'],0
GO:BP,GO:0050867,positive regulation of cell activation,9.307795353116311e-11,True,"""Any process that activates or increases the frequency, rate or extent of activation."" [GOC:ai]",390,208,23,26963,0.11057692307692307,0.05897435897435897,query_1,"['GO:0001775', 'GO:0048522', 'GO:0050865', 'GO:0051240']",0
GO:BP,GO:0045935,positive regulation of nucleobase-containing compound metabolic process,1.2319565923554395e-10,True,"""Any cellular process that activates or increases the frequency, rate or extent of the chemical reactions and pathways involving nucleobases, nucleosides, nucleotides and nucleic acids."" [GOC:go_curators]",2072,208,51,26963,0.24519230769230768,0.024613899613899613,query_1,"['GO:0006139', 'GO:0009893', 'GO:0019219']",0
GO:BP,GO:0043069,negative regulation of programmed cell death,1.4387580660739003e-10,True,"""Any process that stops, prevents, or reduces the frequency, rate or extent of programmed cell death, cell death resulting from activation of endogenous cellular processes."" [GOC:jl]",1066,208,36,26963,0.17307692307692307,0.03377110694183865,query_1,"['GO:0012501', 'GO:0043067', 'GO:0048523']",0
GO:BP,GO:0048585,negative regulation of response to stimulus,2.492502112666858e-10,True,"""Any process that stops, prevents, or reduces the frequency, rate or extent of a response to a stimulus. Response to stimulus is a change in state or activity of a cell or an organism (in terms of movement, secretion, enzyme production, gene expression, etc.) as a result of a stimulus."" [GOC:jid]",1745,208,46,26963,0.22115384615384615,0.026361031518624643,query_1,"['GO:0048519', 'GO:0048583', 'GO:0050896']",0
GO:BP,GO:0032496,response to lipopolysaccharide,2.508110579287414e-10,True,"""Any process that results in a change in state or activity of an organism (in terms of movement, secretion, enzyme production, gene expression, etc.) as a result of a lipopolysaccharide stimulus; lipopolysaccharide is a major component of the cell wall of gram-negative bacteria."" [GOC:add, ISBN:0721601464]",452,208,24,26963,0.11538461538461539,0.05309734513274336,query_1,"['GO:0002237', 'GO:0033993', 'GO:1901700']",0
GO:BP,GO:0002263,cell activation involved in immune response,2.5258527303967785e-10,True,"""A change in the morphology or behavior of a cell resulting from exposure to an activating factor such as a cellular or soluble ligand, leading to the initiation or perpetuation of an immune response."" [GO_REF:0000022, GOC:add, ISBN:0781735149]",328,208,21,26963,0.10096153846153846,0.06402439024390244,query_1,"['GO:0001775', 'GO:0002252', 'GO:0006955']",0
GO:BP,GO:0006357,regulation of transcription by RNA polymerase II,2.541483262270327e-10,True,"""Any process that modulates the frequency, rate or extent of transcription mediated by RNA polymerase II."" [GOC:go_curators, GOC:txnOH]",2497,208,56,26963,0.2692307692307692,0.022426912294753704,query_1,"['GO:0006355', 'GO:0006366']",0
GO:BP,GO:0030155,regulation of cell adhesion,2.6724069222733845e-10,True,"""Any process that modulates the frequency, rate or extent of attachment of a cell to another cell or to the extracellular matrix."" [GOC:mah]",800,208,31,26963,0.14903846153846154,0.03875,query_1,"['GO:0007155', 'GO:0050794']",0
GO:BP,GO:0048871,multicellular organismal-level homeostasis,2.7813546446677895e-10,True,"""Any process involved in the maintenance of an internal steady state at the level of the multicellular organism."" [GOC:isa_complete]",913,208,33,26963,0.15865384615384615,0.03614457831325301,query_1,"['GO:0032501', 'GO:0042592']",0
GO:BP,GO:0050870,positive regulation of T cell activation,2.78829746174741e-10,True,"""Any process that activates or increases the frequency, rate or extent of T cell activation."" [GOC:ai]",256,208,19,26963,0.09134615384615384,0.07421875,query_1,"['GO:0042110', 'GO:0050863', 'GO:0051251', 'GO:1903039']",0
GO:BP,GO:0006366,transcription by RNA polymerase II,2.9175050621636085e-10,True,"""The synthesis of RNA from a DNA template by RNA polymerase II (RNAP II), originating at an RNA polymerase II promoter. Includes transcription of messenger RNA (mRNA) and certain small nuclear RNAs (snRNAs)."" [GOC:jl, GOC:txnOH, ISBN:0321000382]",2585,208,57,26963,0.27403846153846156,0.022050290135396517,query_1,['GO:0006351'],0
GO:BP,GO:0033993,response to lipid,3.315053271231903e-10,True,"""Any process that results in a change in state or activity of a cell or an organism (in terms of movement, secretion, enzyme production, gene expression, etc.) as a result of a lipid stimulus."" [GOC:sl]",1158,208,37,26963,0.1778846153846154,0.03195164075993091,query_1,['GO:0042221'],0
GO:BP,GO:0045595,regulation of cell differentiation,3.520780709289033e-10,True,"""Any process that modulates the frequency, rate or extent of cell differentiation, the process in which relatively unspecialized cells acquire specialized structural and functional features."" [GOC:go_curators]",1762,208,46,26963,0.22115384615384615,0.026106696935300794,query_1,"['GO:0030154', 'GO:0050793', 'GO:0050794']",0
GO:BP,GO:0048513,animal organ development,3.790885425131701e-10,True,"""Development of a tissue or tissues that work together to perform a specific function or functions. Development pertains to the process whose specific outcome is the progression of a structure over time, from its formation to the mature structure. Organs are commonly observed as visibly distinct structures, but may also exist as loosely associated clusters of cells that work together to perform a specific function or functions."" [GOC:dph, GOC:jid]",3267,208,65,26963,0.3125,0.019895928986838077,query_1,['GO:0048856'],0
GO:BP,GO:0051249,regulation of lymphocyte activation,4.1155667618999676e-10,True,"""Any process that modulates the frequency, rate or extent of lymphocyte activation."" [GOC:ai]",508,208,25,26963,0.1201923076923077,0.04921259842519685,query_1,"['GO:0002694', 'GO:0046649']",0
GO:BP,GO:0045087,innate immune response,4.701389769169898e-10,True,"""Innate immune responses are defense responses mediated by germline encoded components that directly recognize components of potential pathogens."" [GO_REF:0000022, GOC:add, GOC:ebc, GOC:mtg_sensu]",989,208,34,26963,0.16346153846153846,0.034378159757330634,query_1,"['GO:0006955', 'GO:0140546']",0
GO:BP,GO:0009719,response to endogenous stimulus,6.149162263567013e-10,True,"""Any process that results in a change in state or activity of a cell or an organism (in terms of movement, secretion, enzyme production, gene expression, etc.) as a result of a stimulus arising within the organism."" [GOC:sm]",1648,208,44,26963,0.21153846153846154,0.02669902912621359,query_1,['GO:0050896'],0
GO:BP,GO:0051179,localization,6.521649541068132e-10,True,"""Any process in which a cell, a substance, or a cellular entity, such as a protein complex or organelle, is transported, tethered to or otherwise maintained in a specific location. In the case of substances, localization may also be achieved via selective degradation."" [GOC:ai, GOC:dos]",5362,208,87,26963,0.4182692307692308,0.016225289071242075,query_1,['GO:0008150'],0
GO:BP,GO:1903706,regulation of hemopoiesis,7.171776679239765e-10,True,"""Any process that modulates the frequency, rate or extent of hemopoiesis."" [GO_REF:0000058, GOC:pad, GOC:PARL, GOC:TermGenie, PMID:20080761]",430,208,23,26963,0.11057692307692307,0.053488372093023255,query_1,"['GO:0002682', 'GO:0030097', 'GO:0060284', 'GO:2000026']",0
GO:BP,GO:0042221,response to chemical,8.500404235073669e-10,True,"""Any process that results in a change in state or activity of a cell or an organism (in terms of movement, secretion, enzyme production, gene expression, etc.) as a result of a chemical stimulus."" [GOC:jl]",5487,208,88,26963,0.4230769230769231,0.016037907782030254,query_1,['GO:0050896'],0
GO:BP,GO:1903708,positive regulation of hemopoiesis,9.99951252158648e-10,True,"""Any process that activates or increases the frequency, rate or extent of hemopoiesis."" [GO_REF:0000058, GOC:pad, GOC:PARL, GOC:TermGenie, PMID:20080761]",206,208,17,26963,0.08173076923076923,0.0825242718446602,query_1,"['GO:0002684', 'GO:0010720', 'GO:0030097', 'GO:0051240', 'GO:1903706']",0
GO:BP,GO:1902107,positive regulation of leukocyte differentiation,9.99951252158648e-10,True,"""Any process that activates or increases the frequency, rate or extent of leukocyte differentiation."" [GOC:add, GOC:TermGenie]",206,208,17,26963,0.08173076923076923,0.0825242718446602,query_1,"['GO:0002521', 'GO:1902105', 'GO:1903708']",0
GO:BP,GO:0045944,positive regulation of transcription by RNA polymerase II,1.0320097015987562e-09,True,"""Any process that activates or increases the frequency, rate or extent of transcription from an RNA polymerase II promoter."" [GOC:go_curators, GOC:txnOH]",1332,208,39,26963,0.1875,0.02927927927927928,query_1,"['GO:0006357', 'GO:0006366', 'GO:0045893']",0
GO:BP,GO:0071345,cellular response to cytokine stimulus,1.153196117352281e-09,True,"""Any process that results in a change in state or activity of a cell (in terms of movement, secretion, enzyme production, gene expression, etc.) as a result of a cytokine stimulus."" [GOC:mah]",1082,208,35,26963,0.16826923076923078,0.03234750462107209,query_1,['GO:0034097'],0
GO:BP,GO:0023057,negative regulation of signaling,1.1642774485870773e-09,True,"""Any process that stops, prevents, or reduces the frequency, rate or extent of a signaling process."" [GOC:mtg_signal]",1471,208,41,26963,0.1971153846153846,0.02787219578518015,query_1,"['GO:0023051', 'GO:0023052', 'GO:0048519']",0
GO:BP,GO:0040012,regulation of locomotion,1.5794636363457437e-09,True,"""Any process that modulates the frequency, rate or extent of locomotion of a cell or organism."" [GOC:ems]",1094,208,35,26963,0.16826923076923078,0.031992687385740404,query_1,"['GO:0040011', 'GO:0050789']",0
GO:BP,GO:0060326,cell chemotaxis,1.7346030310488853e-09,True,"""The directed movement of a motile cell guided by a specific chemical concentration gradient. Movement may be towards a higher concentration (positive chemotaxis) or towards a lower concentration (negative chemotaxis)."" [GOC:dph]",322,208,20,26963,0.09615384615384616,0.062111801242236024,query_1,"['GO:0006935', 'GO:0016477', 'GO:0070887']",0
GO:BP,GO:0002366,leukocyte activation involved in immune response,2.0581568448450593e-09,True,"""A change in morphology and behavior of a leukocyte resulting from exposure to a specific antigen, mitogen, cytokine, cellular ligand, or soluble factor, leading to the initiation or perpetuation of an immune response."" [GOC:add, ISBN:0781735149]",325,208,20,26963,0.09615384615384616,0.06153846153846154,query_1,"['GO:0002263', 'GO:0045321']",0
GO:BP,GO:2000145,regulation of cell motility,2.5718123679884643e-09,True,"""Any process that modulates the frequency, rate or extent of cell motility."" [GOC:mah]",1051,208,34,26963,0.16346153846153846,0.03235014272121789,query_1,"['GO:0040012', 'GO:0048870', 'GO:0050794']",0
GO:BP,GO:0050729,positive regulation of inflammatory response,2.888625662168236e-09,True,"""Any process that activates or increases the frequency, rate or extent of the inflammatory response."" [GOC:ai]",157,208,15,26963,0.07211538461538461,0.09554140127388536,query_1,"['GO:0006954', 'GO:0031349', 'GO:0032103', 'GO:0050727']",0
GO:BP,GO:0035295,tube development,2.9055066231025374e-09,True,"""The process whose specific outcome is the progression of a tube over time, from its initial formation to a mature structure. Epithelial and endothelial tubes transport gases, liquids and cells from one site to another and form the basic structure of many organs and tissues including lung and trachea, kidney, the mammary gland, the vascular system and the gastrointestinal and urinary-genital tracts."" [PMID:12526790]",1181,208,36,26963,0.17307692307692307,0.03048264182895851,query_1,"['GO:0007275', 'GO:0048856']",0
GO:BP,GO:0009628,response to abiotic stimulus,2.982769446558462e-09,True,"""Any process that results in a change in state or activity of a cell or an organism (in terms of movement, secretion, enzyme production, gene expression, etc.) as a result of an abiotic (not derived from living organisms) stimulus."" [GOC:hb]",1312,208,38,26963,0.18269230769230768,0.028963414634146343,query_1,['GO:0050896'],0
GO:BP,GO:0051251,positive regulation of lymphocyte activation,3.4013594915984727e-09,True,"""Any process that activates or increases the frequency, rate or extent of lymphocyte activation."" [GOC:ai]",334,208,20,26963,0.09615384615384616,0.059880239520958084,query_1,"['GO:0002696', 'GO:0046649', 'GO:0051249']",0
GO:BP,GO:0019219,regulation of nucleobase-containing compound metabolic process,4.363095088324059e-09,True,"""Any cellular process that modulates the frequency, rate or extent of the chemical reactions and pathways involving nucleobases, nucleosides, nucleotides and nucleic acids."" [GOC:go_curators]",3897,208,70,26963,0.33653846153846156,0.01796253528355145,query_1,"['GO:0006139', 'GO:0080090']",0
GO:BP,GO:0009968,negative regulation of signal transduction,4.492316192213402e-09,True,"""Any process that stops, prevents, or reduces the frequency, rate or extent of signal transduction."" [GOC:sm]",1330,208,38,26963,0.18269230769230768,0.02857142857142857,query_1,"['GO:0007165', 'GO:0009966', 'GO:0010648', 'GO:0023057', 'GO:0048585']",0
GO:BP,GO:0050863,regulation of T cell activation,4.746087133957069e-09,True,"""Any process that modulates the frequency, rate or extent of T cell activation."" [GOC:ai]",382,208,21,26963,0.10096153846153846,0.0549738219895288,query_1,"['GO:0042110', 'GO:0051249']",0
GO:BP,GO:0010648,negative regulation of cell communication,5.4053810348236546e-09,True,"""Any process that decreases the frequency, rate or extent of cell communication. Cell communication is the process that mediates interactions between a cell and its surroundings. Encompasses interactions such as signaling or attachment between one cell and another cell, between a cell and an extracellular matrix, or between a cell and any other aspect of its environment."" [GOC:dph, GOC:tb]",1474,208,40,26963,0.19230769230769232,0.027137042062415198,query_1,"['GO:0007154', 'GO:0010646', 'GO:0048523']",0
GO:BP,GO:0006810,transport,5.735814094864448e-09,True,"""The directed movement of substances (such as macromolecules, small molecules, ions) or cellular components (such as complexes and organelles) into, out of or within a cell, or between cells, or within a multicellular organism by means of some agent such as a transporter or a transporter complex, a pore or a motor protein."" [GOC:dos, GOC:dph, GOC:jl, GOC:mah]",4387,208,75,26963,0.3605769230769231,0.017095965352176886,query_1,['GO:0051234'],0
GO:BP,GO:0042592,homeostatic process,5.757615054541659e-09,True,"""Any biological process involved in the maintenance of an internal steady state."" [GOC:jl, ISBN:0395825172]",1834,208,45,26963,0.21634615384615385,0.024536532170119956,query_1,['GO:0008150'],0
GO:BP,GO:0010647,positive regulation of cell communication,6.722851162336969e-09,True,"""Any process that increases the frequency, rate or extent of cell communication. Cell communication is the process that mediates interactions between a cell and its surroundings. Encompasses interactions such as signaling or attachment between one cell and another cell, between a cell and an extracellular matrix, or between a cell and any other aspect of its environment."" [GOC:dph, GOC:tb]",1992,208,47,26963,0.22596153846153846,0.02359437751004016,query_1,"['GO:0007154', 'GO:0010646', 'GO:0048522']",0
GO:BP,GO:0023056,positive regulation of signaling,6.722851162336969e-09,True,"""Any process that activates, maintains or increases the frequency, rate or extent of a signaling process."" [GOC:mtg_signal]",1992,208,47,26963,0.22596153846153846,0.02359437751004016,query_1,"['GO:0023051', 'GO:0023052', 'GO:0048518']",0
GO:BP,GO:0002252,immune effector process,8.743544251570326e-09,True,"""Any process of the immune system that executes a component of an immune response. An effector immune process takes place after its activation."" [GO_REF:0000022, GOC:add, ISBN:0781735149]",799,208,29,26963,0.13942307692307693,0.03629536921151439,query_1,['GO:0002376'],0
GO:BP,GO:0006355,regulation of DNA-templated transcription,1.199930070428931e-08,True,"""Any process that modulates the frequency, rate or extent of cellular DNA-templated transcription."" [GOC:go_curators, GOC:txnOH]",3347,208,63,26963,0.30288461538461536,0.01882282641171198,query_1,"['GO:0006351', 'GO:0010468', 'GO:2001141']",0
GO:BP,GO:0030334,regulation of cell migration,1.3007456578492992e-08,True,"""Any process that modulates the frequency, rate or extent of cell migration."" [GOC:go_curators]",990,208,32,26963,0.15384615384615385,0.03232323232323232,query_1,"['GO:0016477', 'GO:2000145']",0
GO:BP,GO:2001141,regulation of RNA biosynthetic process,1.3660698662021358e-08,True,"""Any process that modulates the frequency, rate or extent of RNA biosynthetic process."" [GOC:dph]",3357,208,63,26963,0.30288461538461536,0.01876675603217158,query_1,"['GO:0010556', 'GO:0032774', 'GO:0051252']",0
GO:BP,GO:0030217,T cell differentiation,1.3706953357435196e-08,True,"""The process in which a precursor cell type acquires characteristics of a more mature T-cell. A T cell is a type of lymphocyte whose definin characteristic is the expression of a T cell receptor complex."" [GO_REF:0000022, GOC:jid, GOC:mah]",319,208,19,26963,0.09134615384615384,0.05956112852664577,query_1,"['GO:0030098', 'GO:0042110']",0
GO:BP,GO:1903131,mononuclear cell differentiation,1.7507053545003275e-08,True,"""The process in which a relatively unspecialized cell acquires the specialized features of a mononuclear cell."" [CL:0000842, GO_REF:0000086, GOC:TermGenie, PMID:24759906]",552,208,24,26963,0.11538461538461539,0.043478260869565216,query_1,['GO:0002521'],0
GO:BP,GO:0006351,DNA-templated transcription,1.905191020377347e-08,True,"""The synthesis of an RNA transcript from a DNA template."" [GOC:jl, GOC:txnOH]",3472,208,64,26963,0.3076923076923077,0.018433179723502304,query_1,"['GO:0010467', 'GO:0032774']",0
GO:BP,GO:0051234,establishment of localization,1.9417758085223252e-08,True,"""Any process that localizes a substance or cellular component. This may occur via movement, tethering or selective degradation."" [GOC:ai, GOC:dos]",4689,208,77,26963,0.3701923076923077,0.016421411814885902,query_1,['GO:0051179'],0
GO:BP,GO:0030098,lymphocyte differentiation,1.981966411376305e-08,True,"""The process in which a relatively unspecialized precursor cell acquires specialized features of a lymphocyte. A lymphocyte is a leukocyte commonly found in the blood and lymph that has the characteristics of a large nucleus, a neutral staining cytoplasm, and prominent heterochromatin."" [CL:0000542, GOC:go_curators]",458,208,22,26963,0.10576923076923077,0.048034934497816595,query_1,"['GO:0046649', 'GO:1903131']",0
GO:BP,GO:0051246,regulation of protein metabolic process,2.2651170046470114e-08,True,"""Any process that modulates the frequency, rate or extent of the chemical reactions and pathways involving a protein."" [GOC:ai]",1835,208,44,26963,0.21153846153846154,0.023978201634877384,query_1,"['GO:0019538', 'GO:0060255', 'GO:0080090']",0
GO:BP,GO:2000147,positive regulation of cell motility,2.40773770752286e-08,True,"""Any process that activates or increases the frequency, rate or extent of cell motility."" [GOC:mah]",612,208,25,26963,0.1201923076923077,0.04084967320261438,query_1,"['GO:0040017', 'GO:0048522', 'GO:0048870', 'GO:2000145']",0
GO:BP,GO:0014070,response to organic cyclic compound,2.5022068077913375e-08,True,"""Any process that results in a change in state or activity of a cell or an organism (in terms of movement, secretion, enzyme production, gene expression, etc.) as a result of an organic cyclic compound stimulus."" [GOC:ef]",1142,208,34,26963,0.16346153846153846,0.0297723292469352,query_1,['GO:0042221'],0
GO:BP,GO:0001525,angiogenesis,2.638871374592028e-08,True,"""Blood vessel formation when new vessels emerge from the proliferation of pre-existing blood vessels."" [ISBN:0878932453]",563,208,24,26963,0.11538461538461539,0.04262877442273535,query_1,"['GO:0048514', 'GO:0048646']",0
GO:BP,GO:0097530,granulocyte migration,2.9437823819825192e-08,True,"""The movement of a granulocyte within or between different tissues and organs of the body."" [GOC:cvs, PMID:24163421, PMID:24193336]",153,208,14,26963,0.0673076923076923,0.0915032679738562,query_1,['GO:0097529'],0
GO:BP,GO:0051247,positive regulation of protein metabolic process,2.9663713343095888e-08,True,"""Any process that activates or increases the frequency, rate or extent of the chemical reactions and pathways involving a protein."" [GOC:ai]",1085,208,33,26963,0.15865384615384615,0.030414746543778803,query_1,"['GO:0010604', 'GO:0019538', 'GO:0051246']",0
GO:BP,GO:1990266,neutrophil migration,3.4593020790431443e-08,True,"""The movement of a neutrophil within or between different tissues and organs of the body."" [PMID:1826836]",126,208,13,26963,0.0625,0.10317460317460317,query_1,['GO:0097530'],0
GO:BP,GO:0051252,regulation of RNA metabolic process,3.4913796164843125e-08,True,"""Any process that modulates the frequency, rate or extent of the chemical reactions and pathways involving RNA."" [GOC:ai]",3611,208,65,26963,0.3125,0.01800055386319579,query_1,"['GO:0016070', 'GO:0019219', 'GO:0060255']",0
GO:BP,GO:0040017,positive regulation of locomotion,4.3242045793889844e-08,True,"""Any process that activates or increases the frequency, rate or extent of locomotion of a cell or organism."" [GOC:go_curators]",629,208,25,26963,0.1201923076923077,0.0397456279809221,query_1,"['GO:0040011', 'GO:0040012', 'GO:0048518']",0
GO:BP,GO:0050727,regulation of inflammatory response,4.693388696289017e-08,True,"""Any process that modulates the frequency, rate or extent of the inflammatory response, the immediate defensive reaction (by vertebrate tissue) to infection or injury caused by chemical or physical agents."" [GOC:ai]",386,208,20,26963,0.09615384615384616,0.05181347150259067,query_1,"['GO:0006954', 'GO:0031347', 'GO:0032101']",0
GO:BP,GO:0030335,positive regulation of cell migration,5.24237771446367e-08,True,"""Any process that activates or increases the frequency, rate or extent of cell migration."" [GOC:go_curators]",582,208,24,26963,0.11538461538461539,0.041237113402061855,query_1,"['GO:0016477', 'GO:0030334', 'GO:2000147']",0
GO:BP,GO:0071347,cellular response to interleukin-1,6.22633043919235e-08,True,"""Any process that results in a change in state or activity of a cell (in terms of movement, secretion, enzyme production, gene expression, etc.) as a result of an interleukin-1 stimulus."" [GOC:mah]",105,208,12,26963,0.057692307692307696,0.11428571428571428,query_1,"['GO:0070555', 'GO:0071345']",0
GO:BP,GO:0051128,regulation of cellular component organization,6.693024150356836e-08,True,"""Any process that modulates the frequency, rate or extent of a process involved in the formation, arrangement of constituent parts, or disassembly of cell structures, including the plasma membrane and any external encapsulating structures such as the cell wall and cell envelope."" [GOC:ai]",2532,208,52,26963,0.25,0.020537124802527645,query_1,"['GO:0016043', 'GO:0050794']",0
GO:BP,GO:0098609,cell-cell adhesion,7.599537029964331e-08,True,"""The attachment of one cell to another cell via adhesion molecules."" [GOC:dos]",935,208,30,26963,0.14423076923076922,0.03208556149732621,query_1,['GO:0007155'],0
GO:BP,GO:0060284,regulation of cell development,8.430496693120619e-08,True,"""Any process that modulates the rate, frequency or extent of the progression of the cell over time, from its formation to the mature structure. Cell development does not include the steps involved in committing a cell to a specific fate."" [GOC:dph, GOC:tb]",939,208,30,26963,0.14423076923076922,0.03194888178913738,query_1,"['GO:0045595', 'GO:0048468']",0
GO:BP,GO:0009967,positive regulation of signal transduction,8.703024810058889e-08,True,"""Any process that activates or increases the frequency, rate or extent of signal transduction."" [GOC:sm]",1614,208,40,26963,0.19230769230769232,0.024783147459727387,query_1,"['GO:0007165', 'GO:0009966', 'GO:0010647', 'GO:0023056', 'GO:0048584']",0
GO:BP,GO:0045639,positive regulation of myeloid cell differentiation,1.2083517458221604e-07,True,"""Any process that activates or increases the frequency, rate or extent of myeloid cell differentiation."" [GOC:go_curators]",111,208,12,26963,0.057692307692307696,0.10810810810810811,query_1,"['GO:0030099', 'GO:0045597', 'GO:0045637']",0
GO:BP,GO:0051093,negative regulation of developmental process,1.2482439595449118e-07,True,"""Any process that stops, prevents or reduces the rate or extent of development, the biological process whose specific outcome is the progression of an organism over time from an initial condition (e.g. a zygote, or a young adult) to a later condition (e.g. a multicellular animal or an aged adult)."" [GOC:ai]",1081,208,32,26963,0.15384615384615385,0.02960222016651249,query_1,"['GO:0032502', 'GO:0048519', 'GO:0050793']",0
GO:BP,GO:0050890,cognition,1.331509781022652e-07,True,"""The operation of the mind by which an organism becomes aware of objects of thought or perception; it includes the mental activities associated with thinking, learning, and memory."" [ISBN:0721619908]",364,208,19,26963,0.09134615384615384,0.0521978021978022,query_1,['GO:0050877'],0
GO:BP,GO:0022603,regulation of anatomical structure morphogenesis,1.583911017292027e-07,True,"""Any process that modulates the frequency, rate or extent of anatomical structure morphogenesis."" [GOC:mah]",902,208,29,26963,0.13942307692307693,0.03215077605321508,query_1,"['GO:0009653', 'GO:0050793']",0
GO:BP,GO:0002831,regulation of response to biotic stimulus,1.797622178073835e-07,True,"""Any process that modulates the frequency, rate, or extent of a response to biotic stimulus."" [GOC:add]",565,208,23,26963,0.11057692307692307,0.04070796460176991,query_1,"['GO:0009607', 'GO:0048583']",0
GO:BP,GO:0009617,response to bacterium,1.8037497199112868e-07,True,"""Any process that results in a change in state or activity of a cell or an organism (in terms of movement, secretion, enzyme production, gene expression, etc.) as a result of a stimulus from a bacterium."" [GOC:hb]",969,208,30,26963,0.14423076923076922,0.030959752321981424,query_1,['GO:0051707'],0
GO:BP,GO:0009725,response to hormone,1.9243077738097763e-07,True,"""Any process that results in a change in state or activity of a cell or an organism (in terms of movement, secretion, enzyme production, gene expression, etc.) as a result of a hormone stimulus."" [GOC:jl]",1035,208,31,26963,0.14903846153846154,0.02995169082125604,query_1,"['GO:0009719', 'GO:0042221']",0
GO:BP,GO:0071706,tumor necrosis factor superfamily cytokine production,2.0269831870219052e-07,True,"""The appearance of any member of the TNF superfamily due to biosynthesis or secretion following a cellular stimulus, resulting in an increase in its intracellular or extracellular levels."" [GOC:add]",211,208,15,26963,0.07211538461538461,0.07109004739336493,query_1,['GO:0001816'],0
GO:BP,GO:1903555,regulation of tumor necrosis factor superfamily cytokine production,2.0269831870219052e-07,True,"""Any process that modulates the frequency, rate or extent of tumor necrosis factor superfamily cytokine production."" [GO_REF:0000058, GOC:TermGenie, PMID:24187568]",211,208,15,26963,0.07211538461538461,0.07109004739336493,query_1,"['GO:0001817', 'GO:0071706']",0
GO:BP,GO:0051049,regulation of transport,2.3477988080759817e-07,True,"""Any process that modulates the frequency, rate or extent of the directed movement of substances (such as macromolecules, small molecules, ions) into, out of or within a cell, or between cells, by means of some agent such as a transporter or pore."" [GOC:ai]",1743,208,41,26963,0.1971153846153846,0.023522662076878944,query_1,"['GO:0006810', 'GO:0032879']",0
GO:BP,GO:0065008,regulation of biological quality,2.453851559082139e-07,True,"""Any process that modulates a qualitative or quantitative trait of a biological quality. A biological quality is a measurable attribute of an organism or part of an organism, such as size, mass, shape, color, etc."" [GOC:dph, GOC:isa_complete, GOC:mah, GOC:pr, GOC:vw]",3142,208,58,26963,0.27884615384615385,0.018459579885423297,query_1,['GO:0065007'],0
GO:BP,GO:0050900,leukocyte migration,2.7635264300579706e-07,True,"""The movement of a leukocyte within or between different tissues and organs of the body."" [GOC:add, ISBN:0781735149, PMID:14680625, PMID:14708592, PMID:7507411, PMID:8600538]",380,208,19,26963,0.09134615384615384,0.05,query_1,"['GO:0002376', 'GO:0016477']",0
GO:BP,GO:0009892,negative regulation of metabolic process,2.830090288977057e-07,True,"""Any process that stops, prevents, or reduces the frequency, rate or extent of the chemical reactions and pathways within a cell or an organism."" [GOC:go_curators]",3332,208,60,26963,0.28846153846153844,0.01800720288115246,query_1,"['GO:0008152', 'GO:0019222', 'GO:0048523']",0
GO:BP,GO:0034612,response to tumor necrosis factor,3.0575786238893903e-07,True,"""Any process that results in a change in state or activity of a cell or an organism (in terms of movement, secretion, enzyme production, gene expression, etc.) as a result of a tumor necrosis factor stimulus."" [GOC:mah]",255,208,16,26963,0.07692307692307693,0.06274509803921569,query_1,['GO:0034097'],0
GO:BP,GO:0050776,regulation of immune response,3.080849281674432e-07,True,"""Any process that modulates the frequency, rate or extent of the immune response, the immunological reaction of an organism to an immunogenic stimulus."" [GOC:ai]",928,208,29,26963,0.13942307692307693,0.03125,query_1,"['GO:0002682', 'GO:0006955', 'GO:0048583']",0
GO:BP,GO:0019221,cytokine-mediated signaling pathway,3.74552922289366e-07,True,"""The series of molecular signals initiated by the binding of a cytokine to a receptor on the surface of a cell, and ending with the regulation of a downstream cellular process, e.g. transcription."" [GOC:mah, GOC:signaling, PMID:19295629]",483,208,21,26963,0.10096153846153846,0.043478260869565216,query_1,"['GO:0007166', 'GO:0071345']",0
GO:BP,GO:1902105,regulation of leukocyte differentiation,3.94498139931961e-07,True,"""Any process that modulates the frequency, rate or extent of leukocyte differentiation."" [GOC:add, GOC:TermGenie]",343,208,18,26963,0.08653846153846154,0.052478134110787174,query_1,"['GO:0002521', 'GO:1903706']",0
GO:BP,GO:0031667,response to nutrient levels,4.339129116437149e-07,True,"""Any process that results in a change in state or activity of a cell or an organism (in terms of movement, secretion, enzyme production, gene expression, etc.) as a result of a stimulus reflecting the presence, absence, or concentration of nutrients."" [GOC:mah]",591,208,23,26963,0.11057692307692307,0.038917089678511,query_1,['GO:0050896'],0
GO:BP,GO:0071621,granulocyte chemotaxis,5.392856019059481e-07,True,"""The movement of a granulocyte in response to an external stimulus."" [GOC:rph]",126,208,12,26963,0.057692307692307696,0.09523809523809523,query_1,"['GO:0030595', 'GO:0097530']",0
GO:BP,GO:0043434,response to peptide hormone,5.848995937899053e-07,True,"""Any process that results in a change in state or activity of a cell or an organism (in terms of movement, secretion, enzyme production, gene expression, etc.) as a result of a peptide hormone stimulus. A peptide hormone is any of a class of peptides that are secreted into the blood stream and have endocrine functions in living animals."" [PMID:11027914, PMID:15134857, Wikipedia:Peptide_hormone]",495,208,21,26963,0.10096153846153846,0.04242424242424243,query_1,"['GO:0009725', 'GO:1901698', 'GO:1901700']",0
GO:BP,GO:0001660,fever generation,5.955988055723025e-07,True,"""The heat generation process that results in a rise in body temperature above the normal, often as a response to infection."" [GOC:dph, GOC:jl]",13,208,6,26963,0.028846153846153848,0.46153846153846156,query_1,"['GO:0006953', 'GO:0031649']",0
GO:BP,GO:0002683,negative regulation of immune system process,7.503811910747185e-07,True,"""Any process that stops, prevents, or reduces the frequency, rate, or extent of an immune system process."" [GOC:add]",554,208,22,26963,0.10576923076923077,0.039711191335740074,query_1,"['GO:0002376', 'GO:0002682', 'GO:0048519']",0
GO:BP,GO:1901342,regulation of vasculature development,8.325786329906053e-07,True,"""Any process that modulates the frequency, rate or extent of vasculature development."" [GOC:TermGenie]",315,208,17,26963,0.08173076923076923,0.05396825396825397,query_1,"['GO:0001944', 'GO:2000026']",0
GO:BP,GO:0070555,response to interleukin-1,8.496767133331887e-07,True,"""Any process that results in a change in state or activity of a cell or an organism (in terms of movement, secretion, enzyme production, gene expression, etc.) as a result of an interleukin-1 stimulus."" [GOC:BHF, GOC:mah]",131,208,12,26963,0.057692307692307696,0.0916030534351145,query_1,['GO:0034097'],0
GO:BP,GO:0006935,chemotaxis,8.554129600774298e-07,True,"""The directed movement of a motile cell or organism, or the directed growth of a cell guided by a specific chemical concentration gradient. Movement may be towards a higher concentration (positive chemotaxis) or towards a lower concentration (negative chemotaxis)."" [ISBN:0198506732]",455,208,20,26963,0.09615384615384616,0.04395604395604396,query_1,"['GO:0042221', 'GO:0042330']",0
GO:BP,GO:0008285,negative regulation of cell population proliferation,8.728606521251505e-07,True,"""Any process that stops, prevents or reduces the rate or extent of cell proliferation."" [GOC:go_curators]",726,208,25,26963,0.1201923076923077,0.03443526170798898,query_1,"['GO:0008283', 'GO:0042127', 'GO:0048523']",0
GO:BP,GO:0030593,neutrophil chemotaxis,8.776671072022271e-07,True,"""The directed movement of a neutrophil cell, the most numerous polymorphonuclear leukocyte found in the blood, in response to an external stimulus, usually an infection or wounding."" [GOC:jl, ISBN:0198506732]",103,208,11,26963,0.052884615384615384,0.10679611650485436,query_1,"['GO:0071621', 'GO:1990266']",0
GO:BP,GO:0045597,positive regulation of cell differentiation,8.796567898521263e-07,True,"""Any process that activates or increases the frequency, rate or extent of cell differentiation."" [GOC:go_curators]",971,208,29,26963,0.13942307692307693,0.029866117404737384,query_1,"['GO:0030154', 'GO:0045595', 'GO:0048522', 'GO:0051094']",0
GO:BP,GO:0042330,taxis,9.231073672890713e-07,True,"""The directed movement of a motile cell or organism in response to an external stimulus."" [GOC:jl, ISBN:0192801023]",457,208,20,26963,0.09615384615384616,0.0437636761487965,query_1,"['GO:0009605', 'GO:0040011']",0
GO:BP,GO:0002286,T cell activation involved in immune response,9.283761931162238e-07,True,"""The change in morphology and behavior of a mature or immature T cell resulting from exposure to a mitogen, cytokine, chemokine, cellular ligand, or an antigen for which it is specific, leading to the initiation or perpetuation of an immune response."" [GOC:add, ISBN:0781735149]",132,208,12,26963,0.057692307692307696,0.09090909090909091,query_1,"['GO:0002285', 'GO:0042110']",0
GO:BP,GO:0097529,myeloid leukocyte migration,9.704976244985379e-07,True,"""The movement of a myeloid leukocyte within or between different tissues and organs of the body."" [GOC:cvs, PMID:22342843, PMID:24157461]",236,208,15,26963,0.07211538461538461,0.0635593220338983,query_1,['GO:0050900'],0
GO:BP,GO:0032946,positive regulation of mononuclear cell proliferation,1.0347335231557435e-06,True,"""Any process that activates or increases the frequency, rate or extent of mononuclear cell proliferation."" [GOC:add]",165,208,13,26963,0.0625,0.07878787878787878,query_1,"['GO:0032943', 'GO:0032944', 'GO:0070665']",0
GO:BP,GO:0033002,muscle cell proliferation,1.1439371593294939e-06,True,"""The expansion of a muscle cell population by cell division."" [CL:0000187, GOC:mah]",279,208,16,26963,0.07692307692307693,0.05734767025089606,query_1,['GO:0008283'],0
GO:BP,GO:0031399,regulation of protein modification process,1.1907291323146165e-06,True,"""Any process that modulates the frequency, rate or extent of the covalent alteration of one or more amino acid residues within a protein."" [GOC:mah, GOC:tb]",1049,208,30,26963,0.14423076923076922,0.028598665395614873,query_1,"['GO:0036211', 'GO:0051246']",0
GO:BP,GO:0051726,regulation of cell cycle,1.245219908461424e-06,True,"""Any process that modulates the rate or extent of progression through the cell cycle."" [GOC:ai, GOC:dph, GOC:tb]",1051,208,30,26963,0.14423076923076922,0.028544243577545196,query_1,"['GO:0007049', 'GO:0050794']",0
GO:BP,GO:0019220,regulation of phosphate metabolic process,1.4702637831510786e-06,True,"""Any process that modulates the frequency, rate or extent of the chemical reactions and pathways involving phosphates."" [GOC:go_curators]",993,208,29,26963,0.13942307692307693,0.02920443101711984,query_1,"['GO:0006796', 'GO:0051174']",0
GO:BP,GO:0070663,regulation of leukocyte proliferation,1.4811434592070277e-06,True,"""Any process that modulates the frequency, rate or extent of leukocyte proliferation."" [GOC:add, GOC:mah]",284,208,16,26963,0.07692307692307693,0.056338028169014086,query_1,"['GO:0042127', 'GO:0070661']",0
GO:BP,GO:0051174,regulation of phosphorus metabolic process,1.5044618549329368e-06,True,"""Any process that modulates the frequency, rate or extent of the chemical reactions and pathways involving phosphorus or compounds containing phosphorus."" [GOC:ai]",994,208,29,26963,0.13942307692307693,0.029175050301810865,query_1,"['GO:0006793', 'GO:0019222']",0
GO:BP,GO:0031650,regulation of heat generation,1.71493660398753e-06,True,"""Any process that modulates the rate or extent of heat generation."" [GOC:dph, GOC:mah, GOC:tb]",15,208,6,26963,0.028846153846153848,0.4,query_1,"['GO:0031649', 'GO:0051239']",0
GO:BP,GO:1902533,positive regulation of intracellular signal transduction,1.735290802426984e-06,True,"""Any process that activates or increases the frequency, rate or extent of intracellular signal transduction."" [GOC:BHF, GOC:dph, GOC:signaling, GOC:tb, GOC:TermGenie]",1133,208,31,26963,0.14903846153846154,0.02736098852603707,query_1,"['GO:0009967', 'GO:0035556', 'GO:1902531']",0
GO:BP,GO:0032680,regulation of tumor necrosis factor production,1.7661400730696078e-06,True,"""Any process that modulates the frequency, rate or extent of tumor necrosis factor production."" [GOC:mah, PMID:10891884, PMID:15560120]",208,208,14,26963,0.0673076923076923,0.0673076923076923,query_1,"['GO:0032640', 'GO:1903555']",0
GO:BP,GO:0032640,tumor necrosis factor production,1.7661400730696078e-06,True,"""The appearance of tumor necrosis factor due to biosynthesis or secretion following a cellular stimulus, resulting in an increase in its intracellular or extracellular levels. Tumor necrosis factor is an inflammatory cytokine produced by macrophages/monocytes during acute inflammation and which is responsible for a diverse range of signaling events within cells, leading to necrosis or apoptosis."" [GOC:mah, PMID:10891884, PMID:15560120]",208,208,14,26963,0.0673076923076923,0.0673076923076923,query_1,['GO:0071706'],0
GO:BP,GO:1901699,cellular response to nitrogen compound,1.8344559221718528e-06,True,"""Any process that results in a change in state or activity of a cell (in terms of movement, secretion, enzyme production, gene expression, etc.) as a result of a nitrogen compound stimulus."" [GOC:pr, GOC:TermGenie]",694,208,24,26963,0.11538461538461539,0.0345821325648415,query_1,"['GO:0070887', 'GO:1901698']",0
GO:BP,GO:0051641,cellular localization,2.121100949014414e-06,True,"""A cellular localization process whereby a substance or cellular entity, such as a protein complex or organelle, is transported to, and/or maintained in, a specific location within a cell including the localization of substances or cellular entities to the cell membrane."" [GOC:tb, GOC:vw]",3506,208,60,26963,0.28846153846153844,0.017113519680547633,query_1,"['GO:0009987', 'GO:0051179']",0
GO:BP,GO:0031622,positive regulation of fever generation,2.6497129920085287e-06,True,"""Any process that activates or increases the frequency, rate, or extent of fever generation."" [GOC:add]",8,208,5,26963,0.02403846153846154,0.625,query_1,"['GO:0001660', 'GO:0002675', 'GO:0031620', 'GO:0031652']",0
GO:BP,GO:0006468,protein phosphorylation,3.033139833590051e-06,True,"""The process of introducing a phosphate group on to a protein."" [GOC:hb]",1229,208,32,26963,0.15384615384615385,0.026037428803905614,query_1,"['GO:0016310', 'GO:0036211']",0
GO:BP,GO:0070665,positive regulation of leukocyte proliferation,3.233028742391106e-06,True,"""Any process that activates or increases the frequency, rate or extent of leukocyte proliferation."" [GOC:add, GOC:mah]",181,208,13,26963,0.0625,0.0718232044198895,query_1,"['GO:0008284', 'GO:0070661', 'GO:0070663']",0
GO:BP,GO:0070661,leukocyte proliferation,3.459500512684786e-06,True,"""The expansion of a leukocyte population by cell division."" [GOC:add]",393,208,18,26963,0.08653846153846154,0.04580152671755725,query_1,['GO:0008283'],0
GO:BP,GO:0007610,behavior,3.486531431579012e-06,True,"""The internally coordinated responses (actions or inactions) of animals (individuals or groups) to internal or external stimuli, via a mechanism that involves nervous system activity."" [GOC:ems, GOC:jl, ISBN:0395448956, PMID:20160973]",777,208,25,26963,0.1201923076923077,0.032175032175032175,query_1,['GO:0032501'],0
GO:BP,GO:0031649,heat generation,3.6774431998539048e-06,True,"""Any homeostatic process in which an organism produces heat, thereby raising its internal temperature."" [GOC:mah]",29,208,7,26963,0.03365384615384615,0.2413793103448276,query_1,['GO:0001659'],0
GO:BP,GO:0010038,response to metal ion,3.7473587751252105e-06,True,"""Any process that results in a change in state or activity of a cell or an organism (in terms of movement, secretion, enzyme production, gene expression, etc.) as a result of a metal ion stimulus."" [GOC:sm]",395,208,18,26963,0.08653846153846154,0.04556962025316456,query_1,['GO:0042221'],0
GO:BP,GO:0032944,regulation of mononuclear cell proliferation,3.880988364357371e-06,True,"""Any process that modulates the frequency, rate or extent of mononuclear cell proliferation."" [GOC:add]",261,208,15,26963,0.07211538461538461,0.05747126436781609,query_1,"['GO:0032943', 'GO:0070663']",0
GO:BP,GO:0097305,response to alcohol,4.05721092197394e-06,True,"""Any process that results in a change in state or activity of a cell or an organism (in terms of movement, secretion, enzyme production, gene expression, etc.) as a result of an alcohol stimulus."" [GOC:pr, PMID:24014527]",397,208,18,26963,0.08653846153846154,0.04534005037783375,query_1,['GO:1901700'],0
GO:BP,GO:0016310,phosphorylation,4.23412245761885e-06,True,"""The process of introducing a phosphate group into a molecule, usually with the formation of a phosphoric ester, a phosphoric anhydride or a phosphoric amide."" [ISBN:0198506732]",1462,208,35,26963,0.16826923076923078,0.023939808481532147,query_1,['GO:0006796'],0
GO:BP,GO:0045765,regulation of angiogenesis,4.773412632831125e-06,True,"""Any process that modulates the frequency, rate or extent of angiogenesis."" [GOC:go_curators]",308,208,16,26963,0.07692307692307693,0.05194805194805195,query_1,"['GO:0001525', 'GO:0022603', 'GO:1901342']",0
GO:BP,GO:0071396,cellular response to lipid,4.9973224374348646e-06,True,"""Any process that results in a change in state or activity of a cell (in terms of movement, secretion, enzyme production, gene expression, etc.) as a result of a lipid stimulus."" [GOC:mah]",791,208,25,26963,0.1201923076923077,0.0316055625790139,query_1,"['GO:0033993', 'GO:0070887']",0
GO:BP,GO:0002285,lymphocyte activation involved in immune response,5.184774834622757e-06,True,"""A change in morphology and behavior of a lymphocyte resulting from exposure to a specific antigen, mitogen, cytokine, chemokine, cellular ligand, or soluble factor, leading to the initiation or perpetuation of an immune response."" [GOC:add, ISBN:0781735149]",226,208,14,26963,0.0673076923076923,0.061946902654867256,query_1,"['GO:0002366', 'GO:0046649']",0
GO:BP,GO:0032943,mononuclear cell proliferation,5.78820856316297e-06,True,"""The expansion of a mononuclear cell population by cell division. A mononuclear cell is a leukocyte with a single non-segmented nucleus in the mature form."" [GOC:add]",358,208,17,26963,0.08173076923076923,0.04748603351955307,query_1,['GO:0070661'],0
GO:BP,GO:0007399,nervous system development,6.5194295978241075e-06,True,"""The process whose specific outcome is the progression of nervous tissue over time, from its formation to its mature state."" [GOC:dgh]",2531,208,48,26963,0.23076923076923078,0.018964836033188465,query_1,['GO:0048731'],0
GO:BP,GO:0001932,regulation of protein phosphorylation,7.653549541025677e-06,True,"""Any process that modulates the frequency, rate or extent of addition of phosphate groups into an amino acid in a protein."" [GOC:hjd]",808,208,25,26963,0.1201923076923077,0.03094059405940594,query_1,"['GO:0006468', 'GO:0031399', 'GO:0042325']",0
GO:BP,GO:0035710,"CD4-positive, alpha-beta T cell activation",7.661165127043036e-06,True,"""The change in morphology and behavior of a CD4-positive, alpha-beta T cell resulting from exposure to a mitogen, cytokine, chemokine, cellular ligand, or an antigen for which it is specific."" [CL:0000624, GOC:BHF]",126,208,11,26963,0.052884615384615384,0.0873015873015873,query_1,['GO:0046631'],0
GO:BP,GO:0043367,"CD4-positive, alpha-beta T cell differentiation",7.807334728132417e-06,True,"""The process in which a relatively unspecialized T cell acquires specialized features of a mature CD4-positive, alpha-beta T cell."" [CL:0000624, ISBN:0781735149]",97,208,10,26963,0.04807692307692308,0.10309278350515463,query_1,"['GO:0035710', 'GO:0046632']",0
GO:BP,GO:0002763,positive regulation of myeloid leukocyte differentiation,8.422086130438004e-06,True,"""Any process that activates or increases the frequency, rate, or extent of myeloid leukocyte differentiation."" [GOC:add]",72,208,9,26963,0.04326923076923077,0.125,query_1,"['GO:0002573', 'GO:0002761', 'GO:0045639', 'GO:1902107']",0
GO:BP,GO:0034341,response to type II interferon,9.1059214609337e-06,True,"""Any process that results in a change in state or activity of a cell or an organism (in terms of movement, secretion, enzyme production, gene expression, etc.) as a result of an interferon-gamma stimulus. Interferon-gamma is also known as type II interferon."" [GOC:add, ISBN:0126896631, PMID:15546383]",161,208,12,26963,0.057692307692307696,0.07453416149068323,query_1,"['GO:0034097', 'GO:0045087']",0
GO:BP,GO:0097190,apoptotic signaling pathway,9.53445176129666e-06,True,"""The series of molecular signals which triggers the apoptotic death of a cell. The pathway starts with reception of a signal, and ends when the execution phase of apoptosis is triggered."" [GOC:mtg_apoptosis]",636,208,22,26963,0.10576923076923077,0.03459119496855346,query_1,"['GO:0006915', 'GO:0007165']",0
GO:BP,GO:0050671,positive regulation of lymphocyte proliferation,9.768463388779183e-06,True,"""Any process that activates or increases the rate or extent of lymphocyte proliferation."" [GOC:ai]",162,208,12,26963,0.057692307692307696,0.07407407407407407,query_1,"['GO:0032946', 'GO:0046651', 'GO:0050670', 'GO:0051251']",0
GO:BP,GO:0000165,MAPK cascade,1.0022377631888367e-05,True,"""An intracellular protein kinase cascade containing at least a MAP kinase (MAPK). It starts with the activation of a MAP3K, and the consecutive activation of a MPK2K and a MAPK. The cascade can also contain an additional tier: the upstream MAP4K. The kinases in each tier phosphorylate and activate the kinase in the downstream tier to transmit a signal within a cell."" [PMID:20811974, PMID:9561267]",757,208,24,26963,0.11538461538461539,0.031704095112285335,query_1,['GO:0141124'],0
GO:BP,GO:0050778,positive regulation of immune response,1.0022377631888367e-05,True,"""Any process that activates or increases the frequency, rate or extent of the immune response, the immunological reaction of an organism to an immunogenic stimulus."" [GOC:ai]",757,208,24,26963,0.11538461538461539,0.031704095112285335,query_1,"['GO:0002684', 'GO:0006955', 'GO:0048584', 'GO:0050776']",0
GO:BP,GO:0010605,negative regulation of macromolecule metabolic process,1.0628566611559953e-05,True,"""Any process that decreases the frequency, rate or extent of the chemical reactions and pathways involving macromolecules, any molecule of high relative molecular mass, the structure of which essentially comprises the multiple repetition of units derived, actually or conceptually, from molecules of low relative molecular mass."" [GOC:dph, GOC:tb]",3101,208,54,26963,0.25961538461538464,0.017413737504030958,query_1,"['GO:0009892', 'GO:0043170', 'GO:0060255']",0
GO:BP,GO:0002526,acute inflammatory response,1.066870771207805e-05,True,"""Inflammation which comprises a rapid, short-lived, relatively uniform response to acute injury or antigenic challenge and is characterized by accumulations of fluid, plasma proteins, and granulocytic leukocytes. An acute inflammatory response occurs within a matter of minutes or hours, and either resolves within a few days or becomes a chronic inflammatory response."" [GO_REF:0000022, GOC:add, ISBN:0781735149]",130,208,11,26963,0.052884615384615384,0.08461538461538462,query_1,['GO:0006954'],0
GO:BP,GO:0007611,learning or memory,1.0725629180666663e-05,True,"""The acquisition and processing of information and/or the storage and retrieval of this information over time."" [GOC:jid, PMID:8938125]",326,208,16,26963,0.07692307692307693,0.049079754601226995,query_1,"['GO:0007610', 'GO:0050890']",0
GO:BP,GO:0045088,regulation of innate immune response,1.0728925024289634e-05,True,"""Any process that modulates the frequency, rate or extent of the innate immune response, the organism's first line of defense against infection."" [GOC:ebc]",474,208,19,26963,0.09134615384615384,0.04008438818565401,query_1,"['GO:0002831', 'GO:0031347', 'GO:0032101', 'GO:0045087', 'GO:0050776']",0
GO:BP,GO:0002757,immune response-activating signaling pathway,1.0728925024289634e-05,True,"""The series of molecular signals generated by a ligand binding to its receptor that lead to the activation or perpetuation of an immune response."" [GOC:add]",474,208,19,26963,0.09134615384615384,0.04008438818565401,query_1,"['GO:0002253', 'GO:0002764']",0
GO:BP,GO:0030099,myeloid cell differentiation,1.1100958575841882e-05,True,"""The process in which a relatively unspecialized myeloid precursor cell acquires the specialized features of any cell of the myeloid leukocyte, megakaryocyte, thrombocyte, or erythrocyte lineages."" [GOC:add, ISBN:0781735149]",475,208,19,26963,0.09134615384615384,0.04,query_1,"['GO:0030097', 'GO:0030154']",0
GO:BP,GO:0032879,regulation of localization,1.1204856986354991e-05,True,"""Any process that modulates the frequency, rate or extent of any process in which a cell, a substance, or a cellular entity is transported to, or maintained in, a specific location."" [GOC:mah]",2151,208,43,26963,0.20673076923076922,0.0199907019990702,query_1,"['GO:0050789', 'GO:0051179']",0
GO:BP,GO:0031620,regulation of fever generation,1.1774608389723975e-05,True,"""Any process that modulates the rate or extent of fever generation."" [GOC:add, GOC:dph, GOC:tb]",10,208,5,26963,0.02403846153846154,0.5,query_1,"['GO:0001660', 'GO:0002673', 'GO:0031650']",0
GO:BP,GO:0060429,epithelium development,1.2845537165528446e-05,True,"""The process whose specific outcome is the progression of an epithelium over time, from its formation to the mature structure. An epithelium is a tissue that covers the internal or external surfaces of an anatomical structure."" [GOC:dph, GOC:mtg_lung]",1305,208,32,26963,0.15384615384615385,0.024521072796934867,query_1,['GO:0009888'],0
GO:BP,GO:0007267,cell-cell signaling,1.3584639378680315e-05,True,"""Any process that mediates the transfer of information from one cell to another. This process includes signal transduction in the receiving cell and, where applicable, release of a ligand and any processes that actively facilitate its transport and presentation to the receiving cell. Examples include signaling via soluble ligands, via cell adhesion molecules and via gap junctions."" [GOC:dos, GOC:mah]",1381,208,33,26963,0.15865384615384615,0.02389572773352643,query_1,"['GO:0007154', 'GO:0023052']",0
GO:BP,GO:0042093,T-helper cell differentiation,1.3727228040220197e-05,True,"""The process in which a relatively unspecialized thymocyte acquires specialized features of a T-helper cell."" [GOC:ebc]",76,208,9,26963,0.04326923076923077,0.11842105263157894,query_1,['GO:0002294'],0
GO:BP,GO:0002687,positive regulation of leukocyte migration,1.3778290817172352e-05,True,"""Any process that activates or increases the frequency, rate, or extent of leukocyte migration."" [GOC:add]",167,208,12,26963,0.057692307692307696,0.0718562874251497,query_1,"['GO:0002684', 'GO:0002685', 'GO:0030335', 'GO:0050900']",0
GO:BP,GO:0002695,negative regulation of leukocyte activation,1.3795688430901425e-05,True,"""Any process that stops, prevents, or reduces the frequency, rate, or extent of leukocyte activation."" [GOC:add]",204,208,13,26963,0.0625,0.06372549019607843,query_1,"['GO:0002683', 'GO:0002694', 'GO:0045321', 'GO:0050866']",0
GO:BP,GO:0010720,positive regulation of cell development,1.4023966609916513e-05,True,"""Any process that increases the rate, frequency or extent of the progression of the cell over time, from its formation to the mature structure. Cell development does not include the steps involved in committing a cell to a specific fate."" [GOC:BHF, GOC:dph, GOC:tb]",536,208,20,26963,0.09615384615384616,0.03731343283582089,query_1,"['GO:0045597', 'GO:0048468', 'GO:0060284']",0
GO:BP,GO:0002294,"CD4-positive, alpha-beta T cell differentiation involved in immune response",1.544103458005907e-05,True,"""The process in which an antigenically naive CD4-positive, alpha-beta T cell acquires the specialized features of an effector, regulatory, or memory T cell as part of an immune response. Effector T cells include cells which provide T cell help or exhibit cytotoxicity towards other cells."" [GOC:add, ISBN:0781735149]",77,208,9,26963,0.04326923076923077,0.11688311688311688,query_1,"['GO:0002293', 'GO:0043367']",0
GO:BP,GO:0046631,alpha-beta T cell activation,1.55115102315661e-05,True,"""The change in morphology and behavior of an alpha-beta T cell resulting from exposure to a mitogen, cytokine, chemokine, cellular ligand, or an antigen for which it is specific."" [GOC:add]",206,208,13,26963,0.0625,0.06310679611650485,query_1,['GO:0042110'],0
GO:BP,GO:0007155,cell adhesion,1.693188512419398e-05,True,"""The attachment of a cell, either to another cell or to an underlying substrate such as the extracellular matrix, via cell adhesion molecules."" [GOC:hb, GOC:pf]",1468,208,34,26963,0.16346153846153846,0.02316076294277929,query_1,['GO:0009987'],0
GO:BP,GO:0002293,alpha-beta T cell differentiation involved in immune response,1.7339387661242494e-05,True,"""The process in which an antigenically naive alpha-beta T cell acquires the specialized features of an effector, regulatory, or memory T cell during an immune response. Effector T cells include cells which provide T cell help or exhibit cytotoxicity towards other cells."" [GOC:add, ISBN:0781735149]",78,208,9,26963,0.04326923076923077,0.11538461538461539,query_1,"['GO:0002287', 'GO:0002292', 'GO:0046632']",0
GO:BP,GO:0002764,immune response-regulating signaling pathway,1.7729549096137356e-05,True,"""The cascade of processes by which a signal interacts with a receptor, causing a change in the level or activity of a second messenger or other downstream target, and ultimately leading to the activation, perpetuation, or inhibition of an immune response."" [GOC:add, ISBN:0781735149, PMID:15771571]",489,208,19,26963,0.09134615384615384,0.03885480572597137,query_1,"['GO:0007165', 'GO:0050776']",0
GO:BP,GO:0002287,alpha-beta T cell activation involved in immune response,1.943903809048234e-05,True,"""The change in morphology and behavior of an alpha-beta T cell resulting from exposure to a mitogen, cytokine, chemokine, cellular ligand, or an antigen for which it is specific, leading to the initiation or perpetuation of an immune response."" [GOC:add, ISBN:0781735149]",79,208,9,26963,0.04326923076923077,0.11392405063291139,query_1,"['GO:0002286', 'GO:0046631']",0
GO:BP,GO:0071248,cellular response to metal ion,2.0676771678558727e-05,True,"""Any process that results in a change in state or activity of a cell (in terms of movement, secretion, enzyme production, gene expression, etc.) as a result of a metal ion stimulus."" [GOC:mah]",211,208,13,26963,0.0625,0.061611374407582936,query_1,"['GO:0010038', 'GO:0070887']",0
GO:BP,GO:0043408,regulation of MAPK cascade,2.2446772168797874e-05,True,"""Any process that modulates the frequency, rate or extent of signal transduction mediated by the MAP kinase (MAPK) cascade."" [GOC:go_curators]",667,208,22,26963,0.10576923076923077,0.03298350824587706,query_1,"['GO:0000165', 'GO:1902531']",0
GO:BP,GO:0002253,activation of immune response,2.2917920445469387e-05,True,"""Any process that initiates an immune response."" [GO_REF:0000022, GOC:add, ISBN:0781735149]",552,208,20,26963,0.09615384615384616,0.036231884057971016,query_1,"['GO:0002376', 'GO:0050778']",0
GO:BP,GO:0045672,positive regulation of osteoclast differentiation,2.3022379900806554e-05,True,"""Any process that activates or increases the frequency, rate or extent of osteoclast differentiation."" [GOC:go_curators]",37,208,7,26963,0.03365384615384615,0.1891891891891892,query_1,"['GO:0002763', 'GO:0030316', 'GO:0045670']",0
GO:BP,GO:0002440,production of molecular mediator of immune response,2.3062890513651616e-05,True,"""The synthesis or release of any molecular mediator of the immune response, resulting in an increase in its intracellular or extracellular levels."" [GO_REF:0000022, GOC:add, ISBN:0781735149]",254,208,14,26963,0.0673076923076923,0.05511811023622047,query_1,"['GO:0002376', 'GO:0010467']",0
GO:BP,GO:0001818,negative regulation of cytokine production,2.326211189123974e-05,True,"""Any process that stops, prevents, or reduces the rate of production of a cytokine."" [GOC:add, ISBN:0781735149]",298,208,15,26963,0.07211538461538461,0.050335570469798654,query_1,"['GO:0001816', 'GO:0001817', 'GO:0010629', 'GO:0051241']",0
GO:BP,GO:0010558,negative regulation of macromolecule biosynthetic process,2.4224401600574892e-05,True,"""Any process that decreases the rate, frequency or extent of the chemical reactions and pathways resulting in the formation of a macromolecule, any molecule of high relative molecular mass, the structure of which essentially comprises the multiple repetition of units derived, actually or conceptually, from molecules of low relative molecular mass."" [GOC:dph, GOC:tb]",2725,208,49,26963,0.23557692307692307,0.01798165137614679,query_1,"['GO:0009059', 'GO:0009890', 'GO:0010556', 'GO:0010605']",0
GO:BP,GO:0050670,regulation of lymphocyte proliferation,2.6754843912396e-05,True,"""Any process that modulates the frequency, rate or extent of lymphocyte proliferation."" [GOC:ai]",257,208,14,26963,0.0673076923076923,0.054474708171206226,query_1,"['GO:0032944', 'GO:0046651', 'GO:0051249']",0
GO:BP,GO:0045934,negative regulation of nucleobase-containing compound metabolic process,2.7162243860021337e-05,True,"""Any cellular process that stops, prevents, or reduces the frequency, rate or extent of the chemical reactions and pathways involving nucleobases, nucleosides, nucleotides and nucleic acids."" [GOC:go_curators]",1650,208,36,26963,0.17307692307692307,0.02181818181818182,query_1,"['GO:0006139', 'GO:0009892', 'GO:0019219']",0
GO:BP,GO:0042325,regulation of phosphorylation,3.153967856372894e-05,True,"""Any process that modulates the frequency, rate or extent of addition of phosphate groups into a molecule."" [GOC:jl]",868,208,25,26963,0.1201923076923077,0.02880184331797235,query_1,"['GO:0016310', 'GO:0019220']",0
GO:BP,GO:0046651,lymphocyte proliferation,3.159537754977318e-05,True,"""The expansion of a lymphocyte population by cell division."" [GOC:ai]",352,208,16,26963,0.07692307692307693,0.045454545454545456,query_1,"['GO:0032943', 'GO:0046649']",0
GO:BP,GO:0071216,cellular response to biotic stimulus,3.2872907104253236e-05,True,"""Any process that results in a change in state or activity of a cell (in terms of movement, secretion, enzyme production, gene expression, etc.) as a result of a biotic stimulus, a stimulus caused or produced by a living organism."" [GOC:mah]",353,208,16,26963,0.07692307692307693,0.0453257790368272,query_1,"['GO:0009607', 'GO:0051716']",0
GO:BP,GO:0070371,ERK1 and ERK2 cascade,3.2872907104253236e-05,True,"""A MAPK cascade containing at least the ERK1 or ERK2 MAP kinases. It starts with the activation of a MAP3K, and the consecutive activation of a MPK2K and of ERK1 or ERK2. The cascade can also contain an additional tier: the upstream MAP4K. The kinases in each tier phosphorylate and activate the kinase in the downstream tier. The ERK1/ERK2 cascade is activated by mitogens, growth factors, G protein-coupled receptors, and results in cellular responses such as cell proliferation, cell differentiation and development."" [PMID:20811974, PMID:23125017, PMID:28903453]",353,208,16,26963,0.07692307692307693,0.0453257790368272,query_1,['GO:0000165'],0
GO:BP,GO:0031652,positive regulation of heat generation,3.654330963542937e-05,True,"""Any process that activates or increases the rate or extent of heat generation."" [GOC:dph, GOC:mah, GOC:tb]",12,208,5,26963,0.02403846153846154,0.4166666666666667,query_1,"['GO:0031649', 'GO:0031650', 'GO:0051240']",0
GO:BP,GO:0002292,T cell differentiation involved in immune response,3.7367483008685196e-05,True,"""The process in which an antigenically naive T cell acquires the specialized features of an effector, regulatory, or memory T cell as part of an immune response. Effector T cells include cells which provide T cell help or exhibit cytotoxicity towards other cells."" [GOC:add, ISBN:0781735149]",85,208,9,26963,0.04326923076923077,0.10588235294117647,query_1,"['GO:0002286', 'GO:0030217']",0
GO:BP,GO:0002274,myeloid leukocyte activation,3.754201205916087e-05,True,"""A change in the morphology or behavior of a myeloid leukocyte resulting from exposure to an activating factor such as a cellular or soluble ligand."" [GOC:add, ISBN:0781735149]",264,208,14,26963,0.0673076923076923,0.05303030303030303,query_1,['GO:0045321'],0
GO:BP,GO:0050866,negative regulation of cell activation,3.996246218419337e-05,True,"""Any process that stops, prevents, or reduces the frequency, rate or extent of cell activation."" [GOC:ai]",223,208,13,26963,0.0625,0.05829596412556054,query_1,"['GO:0001775', 'GO:0048523', 'GO:0050865', 'GO:0051241']",0
GO:BP,GO:0010573,vascular endothelial growth factor production,4.088120669285354e-05,True,"""The appearance of vascular endothelial growth factor production due to biosynthesis or secretion following a cellular stimulus, resulting in an increase in its intracellular or extracellular levels."" [GOC:rl]",40,208,7,26963,0.03365384615384615,0.175,query_1,['GO:0001816'],0
GO:BP,GO:0010629,negative regulation of gene expression,4.1770693994402894e-05,True,"""Any process that decreases the frequency, rate or extent of gene expression. Gene expression is the process in which a gene's coding sequence is converted into a mature gene product (protein or RNA)."" [GOC:txnOH-2018]",1523,208,34,26963,0.16346153846153846,0.02232435981615233,query_1,"['GO:0010467', 'GO:0010468', 'GO:0010558']",0
GO:BP,GO:0071222,cellular response to lipopolysaccharide,5.0695823646743163e-05,True,"""Any process that results in a change in state or activity of a cell (in terms of movement, secretion, enzyme production, gene expression, etc.) as a result of a lipopolysaccharide stimulus; lipopolysaccharide is a major component of the cell wall of gram-negative bacteria."" [GOC:mah]",316,208,15,26963,0.07211538461538461,0.04746835443037975,query_1,"['GO:0032496', 'GO:0071219', 'GO:0071396', 'GO:1901701']",0
GO:BP,GO:0016043,cellular component organization,5.2742367157272905e-05,True,"""A process that results in the assembly, arrangement of constituent parts, or disassembly of a cellular component."" [GOC:ai, GOC:jl, GOC:mah]",7621,208,96,26963,0.46153846153846156,0.01259677207715523,query_1,['GO:0071840'],0
GO:BP,GO:0030595,leukocyte chemotaxis,5.471805670719195e-05,True,"""The movement of a leukocyte in response to an external stimulus."" [GOC:add, GOC:jl]",229,208,13,26963,0.0625,0.056768558951965066,query_1,"['GO:0050900', 'GO:0060326']",0
GO:BP,GO:0001659,temperature homeostasis,5.505146663031098e-05,True,"""A homeostatic process in which an organism modulates its internal body temperature."" [GOC:jl]",189,208,12,26963,0.057692307692307696,0.06349206349206349,query_1,['GO:0048871'],0
GO:BP,GO:0045637,regulation of myeloid cell differentiation,5.76067500671236e-05,True,"""Any process that modulates the frequency, rate or extent of myeloid cell differentiation."" [GOC:go_curators]",230,208,13,26963,0.0625,0.05652173913043478,query_1,"['GO:0030099', 'GO:1903706']",0
GO:BP,GO:0071356,cellular response to tumor necrosis factor,5.76067500671236e-05,True,"""Any process that results in a change in state or activity of a cell (in terms of movement, secretion, enzyme production, gene expression, etc.) as a result of a tumor necrosis factor stimulus."" [GOC:mah]",230,208,13,26963,0.0625,0.05652173913043478,query_1,"['GO:0034612', 'GO:0071345']",0
GO:BP,GO:0071495,cellular response to endogenous stimulus,6.20498923805892e-05,True,"""Any process that results in a change in state or activity of a cell (in terms of movement, secretion, enzyme production, gene expression, etc.) as a result of a stimulus arising within the organism."" [GOC:mah]",1321,208,31,26963,0.14903846153846154,0.023467070401211203,query_1,['GO:0009719'],0
GO:BP,GO:0009890,negative regulation of biosynthetic process,6.219913253906525e-05,True,"""Any process that stops, prevents, or reduces the rate of the chemical reactions and pathways resulting in the formation of substances."" [GOC:go_curators]",2807,208,49,26963,0.23557692307692307,0.017456359102244388,query_1,"['GO:0009058', 'GO:0009889', 'GO:0009892']",0
GO:BP,GO:0048660,regulation of smooth muscle cell proliferation,6.554666563584092e-05,True,"""Any process that modulates the frequency, rate or extent of smooth muscle cell proliferation."" [CL:0000192, GOC:ebc]",192,208,12,26963,0.057692307692307696,0.0625,query_1,"['GO:0042127', 'GO:0048659']",0
GO:BP,GO:0071219,cellular response to molecule of bacterial origin,6.767351084246737e-05,True,"""Any process that results in a change in state or activity of a cell (in terms of movement, secretion, enzyme production, gene expression, etc.) as a result of a stimulus by molecules of bacterial origin such as peptides derived from bacterial flagellin."" [GOC:mah]",323,208,15,26963,0.07211538461538461,0.04643962848297214,query_1,"['GO:0002237', 'GO:0071216']",0
GO:BP,GO:0072677,eosinophil migration,7.34966979248111e-05,True,"""The movement of an eosinophil within or between different tissues and organs of the body."" [CL:0000771, GOC:BHF, GOC:mah]",26,208,6,26963,0.028846153846153848,0.23076923076923078,query_1,['GO:0097530'],0
GO:BP,GO:0019538,protein metabolic process,7.909592326044595e-05,True,"""The chemical reactions and pathways involving a protein. Includes protein modification."" [GOC:ma]",4653,208,68,26963,0.3269230769230769,0.014614227380184827,query_1,"['GO:0043170', 'GO:0044238']",0
GO:BP,GO:0009408,response to heat,8.277242557891334e-05,True,"""Any process that results in a change in state or activity of a cell or an organism (in terms of movement, secretion, enzyme production, gene expression, etc.) as a result of a heat stimulus, a temperature stimulus above the optimal temperature for that organism."" [GOC:lr]",93,208,9,26963,0.04326923076923077,0.0967741935483871,query_1,"['GO:0006950', 'GO:0009266']",0
GO:BP,GO:0032652,regulation of interleukin-1 production,8.457294217025385e-05,True,"""Any process that modulates the frequency, rate, or extent of interleukin-1 production."" [GOC:mah]",124,208,10,26963,0.04807692307692308,0.08064516129032258,query_1,"['GO:0001817', 'GO:0032612']",0
GO:BP,GO:0032612,interleukin-1 production,8.457294217025385e-05,True,"""The appearance of interleukin-1 due to biosynthesis or secretion following a cellular stimulus, resulting in an increase in its intracellular or extracellular levels."" [GOC:mah]",124,208,10,26963,0.04807692307692308,0.08064516129032258,query_1,['GO:0001816'],0
GO:BP,GO:0002685,regulation of leukocyte migration,8.614777146379028e-05,True,"""Any process that modulates the frequency, rate, or extent of leukocyte migration."" [GOC:add]",238,208,13,26963,0.0625,0.0546218487394958,query_1,"['GO:0002682', 'GO:0030334', 'GO:0050900']",0
GO:BP,GO:0070372,regulation of ERK1 and ERK2 cascade,8.967386961320365e-05,True,"""Any process that modulates the frequency, rate or extent of signal transduction mediated by the ERK1 and ERK2 cascade."" [GOC:add, ISBN:0121245462, ISBN:0896039986]",330,208,15,26963,0.07211538461538461,0.045454545454545456,query_1,"['GO:0043408', 'GO:0070371']",0
GO:BP,GO:0018108,peptidyl-tyrosine phosphorylation,9.049161264850837e-05,True,"""The phosphorylation of peptidyl-tyrosine to form peptidyl-O4'-phospho-L-tyrosine."" [RESID:AA0039]",239,208,13,26963,0.0625,0.05439330543933055,query_1,"['GO:0006468', 'GO:0018212']",0
GO:BP,GO:0048872,homeostasis of number of cells,9.13387649975206e-05,True,"""Any biological process involved in the maintenance of the steady-state number of cells within a population of cells."" [GOC:isa_complete]",380,208,16,26963,0.07692307692307693,0.042105263157894736,query_1,['GO:0048871'],0
GO:BP,GO:0002443,leukocyte mediated immunity,9.616433384667464e-05,True,"""Any process involved in the carrying out of an immune response by a leukocyte."" [GO_REF:0000022, GOC:add, ISBN:0781735149]",544,208,19,26963,0.09134615384615384,0.034926470588235295,query_1,['GO:0002252'],0
GO:BP,GO:0007616,long-term memory,9.631151555964528e-05,True,"""The memory process that deals with the storage, retrieval and modification of information a long time (typically weeks, months or years) after receiving that information. This type of memory is typically dependent on gene transcription regulated by second messenger activation."" [http://hebb.mit.edu/courses/9.03/lecture4.html, ISBN:0582227089]",45,208,7,26963,0.03365384615384615,0.15555555555555556,query_1,['GO:0007613'],0
GO:BP,GO:0018212,peptidyl-tyrosine modification,9.977589170651069e-05,True,"""The modification of peptidyl-tyrosine."" [GOC:go_curators]",241,208,13,26963,0.0625,0.05394190871369295,query_1,['GO:0018193'],0
GO:BP,GO:1990868,response to chemokine,9.978087251669492e-05,True,"""Any process that results in a change in state or activity of a cell or an organism (in terms of movement, secretion, enzyme production, gene expression, etc.) as a result of a chemokine stimulus."" [PMID:11113082]",95,208,9,26963,0.04326923076923077,0.09473684210526316,query_1,['GO:0034097'],0
GO:BP,GO:1990869,cellular response to chemokine,9.978087251669492e-05,True,"""Any process that results in a change in state or activity of a cell (in terms of movement, secretion, enzyme production, gene expression, etc.) as a result of a chemokine stimulus."" [PMID:11113082]",95,208,9,26963,0.04326923076923077,0.09473684210526316,query_1,"['GO:0071345', 'GO:1990868']",0
GO:BP,GO:0050673,epithelial cell proliferation,0.00010013259635690561,True,"""The multiplication or reproduction of epithelial cells, resulting in the expansion of a cell population. Epithelial cells make up the epithelium, the covering of internal and external surfaces of the body, including the lining of vessels and other small cavities. It consists of cells joined by small amounts of cementing substances."" [ISBN:0721662544]",489,208,18,26963,0.08653846153846154,0.03680981595092025,query_1,['GO:0008283'],0
GO:BP,GO:0002697,regulation of immune effector process,0.0001012371120162466,True,"""Any process that modulates the frequency, rate, or extent of an immune effector process."" [GOC:add]",435,208,17,26963,0.08173076923076923,0.03908045977011494,query_1,"['GO:0002252', 'GO:0002682']",0
GO:BP,GO:0048659,smooth muscle cell proliferation,0.00010863390174681132,True,"""The multiplication or reproduction of smooth muscle cells, resulting in the expansion of a cell population."" [CL:0000192, GOC:ebc, PMID:1840698]",201,208,12,26963,0.057692307692307696,0.05970149253731343,query_1,['GO:0033002'],0
GO:BP,GO:0042098,T cell proliferation,0.00011531519374138286,True,"""The expansion of a T cell population by cell division. Follows T cell activation."" [GOC:jl]",244,208,13,26963,0.0625,0.05327868852459016,query_1,"['GO:0042110', 'GO:0046651']",0
GO:BP,GO:0002699,positive regulation of immune effector process,0.00012116301862568717,True,"""Any process that activates or increases the frequency, rate, or extent of an immune effector process."" [GOC:add]",290,208,14,26963,0.0673076923076923,0.04827586206896552,query_1,"['GO:0002252', 'GO:0002684', 'GO:0002697']",0
GO:BP,GO:0042129,regulation of T cell proliferation,0.00012781895424869151,True,"""Any process that modulates the frequency, rate or extent of T cell proliferation."" [GOC:jl]",204,208,12,26963,0.057692307692307696,0.058823529411764705,query_1,"['GO:0042098', 'GO:0050670', 'GO:0050863']",0
GO:BP,GO:0007613,memory,0.00013580728183890483,True,"""The activities involved in the mental information processing system that receives (registers), modifies, stores, and retrieves informational stimuli. The main stages involved in the formation and retrieval of memory are encoding (processing of received information by acquisition), storage (building a permanent record of received information as a result of consolidation) and retrieval (calling back the stored information and use it in a suitable way to execute a given task)."" [GOC:curators, ISBN:0582227089]",166,208,11,26963,0.052884615384615384,0.06626506024096386,query_1,['GO:0007611'],0
GO:BP,GO:0071346,cellular response to type II interferon,0.00015331933588690828,True,"""Any process that results in a change in state or activity of a cell (in terms of movement, secretion, enzyme production, gene expression, etc.) as a result of an interferon-gamma stimulus. Interferon gamma is the only member of the type II interferon found so far."" [GOC:mah]",132,208,10,26963,0.04807692307692308,0.07575757575757576,query_1,"['GO:0034341', 'GO:0071345']",0
GO:BP,GO:0032760,positive regulation of tumor necrosis factor production,0.00015331933588690828,True,"""Any process that activates or increases the frequency, rate or extent of tumor necrosis factor production."" [GO_REF:0000058, GOC:TermGenie, PMID:10891884, PMID:15560120]",132,208,10,26963,0.04807692307692308,0.07575757575757576,query_1,"['GO:0032640', 'GO:0032680', 'GO:1903557']",0
GO:BP,GO:0002460,adaptive immune response based on somatic recombination of immune receptors built from immunoglobulin superfamily domains,0.00015441753026046407,True,"""An immune response mediated by lymphocytes expressing specific receptors for antigen produced through a somatic diversification process that includes somatic recombination of germline gene segments encoding immunoglobulin superfamily domains. Recombined receptors for antigen encoded by immunoglobulin superfamily domains include T cell receptors and immunoglobulins (antibodies) produced by B cells. The first encounter with antigen elicits a primary immune response that is slow and not of great magnitude. T and B cells selected by antigen become activated and undergo clonal expansion. A fraction of antigen-reactive T and B cells become memory cells, whereas others differentiate into effector cells. The memory cells generated during the primary response enable a much faster and stronger secondary immune response upon subsequent exposures to the same antigen (immunological memory). An example of this is the adaptive immune response found in Mus musculus."" [GOC:add, GOC:mtg_sensu, ISBN:0781735149, ISBN:1405196831]",448,208,17,26963,0.08173076923076923,0.03794642857142857,query_1,['GO:0002250'],0
GO:BP,GO:0002262,myeloid cell homeostasis,0.0001580962441364678,True,"""The process of regulating the proliferation and elimination of myeloid cells such that the total number of myeloid cells within a whole or part of an organism is stable over time in the absence of an outside stimulus."" [CL:0000763, GOC:add]",208,208,12,26963,0.057692307692307696,0.057692307692307696,query_1,"['GO:0002376', 'GO:0048872']",0
GO:BP,GO:0044092,negative regulation of molecular function,0.00016036507242228064,True,"""Any process that stops or reduces the rate or extent of a molecular function, an elemental biological activity occurring at the molecular level, such as catalysis or binding."" [GO:jl]",251,208,13,26963,0.0625,0.05179282868525897,query_1,['GO:0065009'],0
GO:BP,GO:0009410,response to xenobiotic stimulus,0.00016210831072596988,True,"""Any process that results in a change in state or activity of a cell or an organism (in terms of movement, secretion, enzyme production, gene expression, etc.) as a result of a stimulus from a xenobiotic, a compound foreign to the organism exposed to it. It may be synthesized by another organism (like ampicilin) or it can be a synthetic chemical."" [GOC:jl, GOC:krc]",505,208,18,26963,0.08653846153846154,0.03564356435643564,query_1,['GO:0042221'],0
GO:BP,GO:0045471,response to ethanol,0.0001630866570978473,True,"""Any process that results in a change in state or activity of a cell or an organism (in terms of movement, secretion, enzyme production, gene expression, etc.) as a result of an ethanol stimulus."" [GOC:go_curators]",169,208,11,26963,0.052884615384615384,0.0650887573964497,query_1,['GO:0097305'],0
GO:BP,GO:0046632,alpha-beta T cell differentiation,0.0001646806632962119,True,"""The process in which a precursor cell type acquires the specialized features of an alpha-beta T cell. An alpha-beta T cell is a T cell that expresses an alpha-beta T cell receptor complex."" [CL:0000789, GOC:ai]",133,208,10,26963,0.04807692307692308,0.07518796992481203,query_1,"['GO:0030217', 'GO:0046631']",0
GO:BP,GO:1903557,positive regulation of tumor necrosis factor superfamily cytokine production,0.00017677667339507073,True,"""Any process that activates or increases the frequency, rate or extent of tumor necrosis factor superfamily cytokine production."" [GO_REF:0000058, GOC:TermGenie, PMID:24187568]",134,208,10,26963,0.04807692307692308,0.07462686567164178,query_1,"['GO:0001819', 'GO:0071706', 'GO:1903555']",0
GO:BP,GO:0006953,acute-phase response,0.00017761326465087277,True,"""An acute inflammatory response that involves non-antibody proteins whose concentrations in the plasma increase in response to infection or injury of homeothermic animals."" [ISBN:0198506732]",49,208,7,26963,0.03365384615384615,0.14285714285714285,query_1,['GO:0002526'],0
GO:BP,GO:0032651,regulation of interleukin-1 beta production,0.0002197735241948325,True,"""Any process that modulates the frequency, rate, or extent of interleukin-1 beta production."" [GOC:mah]",104,208,9,26963,0.04326923076923077,0.08653846153846154,query_1,"['GO:0032611', 'GO:0032652']",0
GO:BP,GO:0032611,interleukin-1 beta production,0.0002197735241948325,True,"""The appearance of interleukin-1 beta due to biosynthesis or secretion following a cellular stimulus, resulting in an increase in its intracellular or extracellular levels."" [GOC:mah]",104,208,9,26963,0.04326923076923077,0.08653846153846154,query_1,['GO:0032612'],0
GO:BP,GO:0071840,cellular component organization or biogenesis,0.0002205355796576717,True,"""A process that results in the biosynthesis of constituent macromolecules, assembly, arrangement of constituent parts, or disassembly of a cellular component."" [GOC:mah]",7831,208,96,26963,0.46153846153846156,0.012258970757246839,query_1,['GO:0009987'],0
GO:BP,GO:0007167,enzyme-linked receptor protein signaling pathway,0.0002230981893336442,True,"""The series of molecular signals initiated by an extracellular ligand binding to a receptor on the surface of the target cell, where the receptor possesses catalytic activity or is closely associated with an enzyme such as a protein kinase, and ending with the regulation of a downstream cellular process, e.g. transcription."" [GOC:mah, GOC:signaling, ISBN:0815316194]",961,208,25,26963,0.1201923076923077,0.026014568158168574,query_1,['GO:0007166'],0
GO:BP,GO:0050730,regulation of peptidyl-tyrosine phosphorylation,0.00026363565940019424,True,"""Any process that modulates the frequency, rate or extent of the phosphorylation of peptidyl-tyrosine."" [GOC:ai]",218,208,12,26963,0.057692307692307696,0.05504587155963303,query_1,"['GO:0001932', 'GO:0018108']",0
GO:BP,GO:0009612,response to mechanical stimulus,0.0002754512714303324,True,"""Any process that results in a change in state or activity of a cell or an organism (in terms of movement, secretion, enzyme production, gene expression, etc.) as a result of a mechanical stimulus."" [GOC:hb]",263,208,13,26963,0.0625,0.049429657794676805,query_1,"['GO:0009605', 'GO:0009628']",0
GO:BP,GO:0065009,regulation of molecular function,0.0002965475259268607,True,"""Any process that modulates the frequency, rate or extent of a molecular function, an elemental biological activity occurring at the molecular level, such as catalysis or binding."" [GOC:isa_complete]",773,208,22,26963,0.10576923076923077,0.028460543337645538,query_1,['GO:0065007'],0
GO:BP,GO:0031401,positive regulation of protein modification process,0.00029943294620534593,True,"""Any process that activates or increases the frequency, rate or extent of the covalent alteration of one or more amino acid residues within a protein."" [GOC:mah, GOC:tb]",709,208,21,26963,0.10096153846153846,0.029619181946403384,query_1,"['GO:0031399', 'GO:0036211', 'GO:0051247']",0
GO:BP,GO:0006796,phosphate-containing compound metabolic process,0.0003022515631126872,True,"""The chemical reactions and pathways involving the phosphate group, the anion or salt of any phosphoric acid."" [GOC:ai]",2413,208,43,26963,0.20673076923076922,0.017820140903439703,query_1,['GO:0006793'],0
GO:BP,GO:0008630,intrinsic apoptotic signaling pathway in response to DNA damage,0.0003046734772667089,True,"""The series of molecular signals in which an intracellular signal is conveyed to trigger the apoptotic death of a cell. The pathway is induced by the detection of DNA damage, and ends when the execution phase of apoptosis is triggered."" [GOC:go_curators, GOC:mtg_apoptosis]",108,208,9,26963,0.04326923076923077,0.08333333333333333,query_1,"['GO:0006974', 'GO:0097193']",0
GO:BP,GO:0051250,negative regulation of lymphocyte activation,0.00030948286342693106,True,"""Any process that stops, prevents, or reduces the frequency, rate or extent of lymphocyte activation."" [GOC:ai]",180,208,11,26963,0.052884615384615384,0.06111111111111111,query_1,"['GO:0002695', 'GO:0046649', 'GO:0051249']",0
GO:BP,GO:0006793,phosphorus metabolic process,0.0003128380500098027,True,"""The chemical reactions and pathways involving the nonmetallic element phosphorus or compounds that contain phosphorus."" [GOC:ai]",2416,208,43,26963,0.20673076923076922,0.017798013245033113,query_1,['GO:0008152'],0
GO:BP,GO:0002367,cytokine production involved in immune response,0.00034802813995112264,True,"""The appearance of a cytokine due to biosynthesis or secretion following a cellular stimulus contributing to an immune response, resulting in an increase in its intracellular or extracellular levels."" [GO_REF:0000022, GOC:add, ISBN:0781735149]",144,208,10,26963,0.04807692307692308,0.06944444444444445,query_1,"['GO:0001816', 'GO:0002440', 'GO:0006955']",0
GO:BP,GO:0002718,regulation of cytokine production involved in immune response,0.00034802813995112264,True,"""Any process that modulates the frequency, rate, or extent of cytokine production that contributes to an immune response."" [GOC:add]",144,208,10,26963,0.04807692307692308,0.06944444444444445,query_1,"['GO:0001817', 'GO:0002367', 'GO:0002700']",0
GO:BP,GO:0032940,secretion by cell,0.00036490518371609394,True,"""The controlled release of a substance by a cell."" [GOC:mah]",917,208,24,26963,0.11538461538461539,0.026172300981461286,query_1,"['GO:0046903', 'GO:0140352']",0
GO:BP,GO:0002833,positive regulation of response to biotic stimulus,0.00036828363542491447,True,"""Any process that activates or increases the frequency, rate, or extent of a response to biotic stimulus."" [GOC:add]",421,208,16,26963,0.07692307692307693,0.03800475059382423,query_1,"['GO:0002831', 'GO:0009607', 'GO:0048584']",0
GO:BP,GO:0002573,myeloid leukocyte differentiation,0.0003726707656270145,True,"""The process in which a relatively unspecialized myeloid precursor cell acquires the specialized features of any cell of the myeloid leukocyte lineage."" [GOC:add, PMID:16551251]",270,208,13,26963,0.0625,0.04814814814814815,query_1,"['GO:0002521', 'GO:0030099']",0
GO:BP,GO:1902532,negative regulation of intracellular signal transduction,0.00040831593327939997,True,"""Any process that stops, prevents or reduces the frequency, rate or extent of intracellular signal transduction."" [GOC:dph, GOC:signaling, GOC:tb, GOC:TermGenie]",659,208,20,26963,0.09615384615384616,0.030349013657056147,query_1,"['GO:0009968', 'GO:0035556', 'GO:1902531']",0
GO:BP,GO:0050679,positive regulation of epithelial cell proliferation,0.0004702596523501533,True,"""Any process that activates or increases the rate or extent of epithelial cell proliferation."" [GOC:ai]",230,208,12,26963,0.057692307692307696,0.05217391304347826,query_1,"['GO:0008284', 'GO:0050673', 'GO:0050678']",0
GO:BP,GO:0002819,regulation of adaptive immune response,0.0004927049909427696,True,"""Any process that modulates the frequency, rate, or extent of an adaptive immune response."" [GOC:add]",231,208,12,26963,0.057692307692307696,0.05194805194805195,query_1,"['GO:0002250', 'GO:0050776']",0
GO:BP,GO:0097191,extrinsic apoptotic signaling pathway,0.0004927049909427696,True,"""The series of molecular signals in which a signal is conveyed from the cell surface to trigger the apoptotic death of a cell. The pathway starts with either a ligand binding to a cell surface receptor, or a ligand being withdrawn from a cell surface receptor (e.g. in the case of signaling by dependence receptors), and ends when the execution phase of apoptosis is triggered."" [GOC:mtg_apoptosis, GOC:yaf, PMID:17340152]",231,208,12,26963,0.057692307692307696,0.05194805194805195,query_1,"['GO:0007166', 'GO:0097190']",0
GO:BP,GO:0033036,macromolecule localization,0.0005061357591101594,True,"""Any process in which a macromolecule is transported to, or maintained in, a specific location."" [GOC:mah]",3098,208,50,26963,0.2403846153846154,0.016139444803098774,query_1,['GO:0051179'],0
GO:BP,GO:0070098,chemokine-mediated signaling pathway,0.00053542294697481,True,"""The series of molecular signals initiated by a chemokine binding to its receptor on the surface of a target cell, and ending with the regulation of a downstream cellular process, e.g. transcription."" [GOC:mah, GOC:signaling]",84,208,8,26963,0.038461538461538464,0.09523809523809523,query_1,"['GO:0007186', 'GO:0019221', 'GO:1990869']",0
GO:BP,GO:0048661,positive regulation of smooth muscle cell proliferation,0.0005631063231022459,True,"""Any process that activates or increases the rate or extent of smooth muscle cell proliferation."" [CL:0000192, GOC:ebc]",116,208,9,26963,0.04326923076923077,0.07758620689655173,query_1,"['GO:0008284', 'GO:0048659', 'GO:0048660']",0
GO:BP,GO:0046903,secretion,0.0005771212547821018,True,"""The controlled release of a substance by a cell or a tissue."" [GOC:ai]",1083,208,26,26963,0.125,0.024007386888273315,query_1,['GO:0006810'],0
GO:BP,GO:0045596,negative regulation of cell differentiation,0.0005785307681623337,True,"""Any process that stops, prevents, or reduces the frequency, rate or extent of cell differentiation."" [GOC:go_curators]",804,208,22,26963,0.10576923076923077,0.02736318407960199,query_1,"['GO:0030154', 'GO:0045595', 'GO:0048523', 'GO:0051093']",0
GO:BP,GO:0010574,regulation of vascular endothelial growth factor production,0.0005830904716880772,True,"""Any process that modulates the frequency, rate, or extent of production of vascular endothelial growth factor."" [GOC:rl]",36,208,6,26963,0.028846153846153848,0.16666666666666666,query_1,"['GO:0001817', 'GO:0010573']",0
GO:BP,GO:0036211,protein modification process,0.0006833072093804918,True,"""The covalent alteration of one or more amino acids occurring in proteins, peptides and nascent polypeptides (co-translational, post-translational modifications). Includes the modification of charged tRNAs that are destined to occur in a protein (pre-translation modification)."" [GOC:bf, GOC:jl]",2666,208,45,26963,0.21634615384615385,0.01687921980495124,query_1,"['GO:0019538', 'GO:0043412']",0
GO:BP,GO:2001234,negative regulation of apoptotic signaling pathway,0.0007418618270610661,True,"""Any process that stops, prevents or reduces the frequency, rate or extent of apoptotic signaling pathway."" [GOC:mtg_apoptosis]",240,208,12,26963,0.057692307692307696,0.05,query_1,"['GO:0009968', 'GO:0043066', 'GO:0097190', 'GO:2001233']",0
GO:BP,GO:0045582,positive regulation of T cell differentiation,0.0008071822701902751,True,"""Any process that activates or increases the frequency, rate or extent of T cell differentiation."" [GOC:go_curators]",121,208,9,26963,0.04326923076923077,0.0743801652892562,query_1,"['GO:0030217', 'GO:0045580', 'GO:0045621', 'GO:0050870']",0
GO:BP,GO:0007049,cell cycle,0.0008518217201677603,True,"""The progression of biochemical and morphological phases and events that occur in a cell during successive cell replication or nuclear replication events. Canonically, the cell cycle comprises the replication and segregation of genetic material followed by the division of the cell, but in endocycles or syncytial cells nuclear replication or nuclear division may not be followed by cell division."" [GOC:go_curators, GOC:mtg_cell_cycle]",1813,208,35,26963,0.16826923076923078,0.019305019305019305,query_1,['GO:0009987'],0
GO:BP,GO:0000122,negative regulation of transcription by RNA polymerase II,0.0008723471276513186,True,"""Any process that stops, prevents, or reduces the frequency, rate or extent of transcription mediated by RNA polymerase II."" [GOC:go_curators, GOC:txnOH]",1034,208,25,26963,0.1201923076923077,0.024177949709864602,query_1,"['GO:0006357', 'GO:0006366', 'GO:0045892']",0
GO:BP,GO:0045089,positive regulation of innate immune response,0.000876893307715975,True,"""Any process that activates or increases the frequency, rate or extent of the innate immune response, the organism's first line of defense against infection."" [GOC:ebc]",394,208,15,26963,0.07211538461538461,0.03807106598984772,query_1,"['GO:0002833', 'GO:0031349', 'GO:0032103', 'GO:0045087', 'GO:0045088', 'GO:0050778']",0
GO:BP,GO:0010563,negative regulation of phosphorus metabolic process,0.0009098872714201819,True,"""Any process that decreases the frequency, rate or extent of the chemical reactions and pathways involving phosphorus or compounds containing phosphorus."" [GOC:dph, GOC:tb]",292,208,13,26963,0.0625,0.04452054794520548,query_1,"['GO:0006793', 'GO:0009892', 'GO:0051174']",0
GO:BP,GO:0045936,negative regulation of phosphate metabolic process,0.0009098872714201819,True,"""Any process that stops, prevents, or reduces the frequency, rate or extent of the chemical reactions and pathways involving phosphates."" [GOC:go_curators]",292,208,13,26963,0.0625,0.04452054794520548,query_1,"['GO:0006796', 'GO:0010563', 'GO:0019220']",0
GO:BP,GO:0042102,positive regulation of T cell proliferation,0.000927871033247216,True,"""Any process that activates or increases the rate or extent of T cell proliferation."" [GOC:ai]",123,208,9,26963,0.04326923076923077,0.07317073170731707,query_1,"['GO:0042098', 'GO:0042129', 'GO:0050671', 'GO:0050870']",0
GO:BP,GO:0051050,positive regulation of transport,0.0010387087724545354,True,"""Any process that activates or increases the frequency, rate or extent of the directed movement of substances (such as macromolecules, small molecules, ions) into, out of or within a cell, or between cells, by means of some agent such as a transporter or pore."" [GOC:ai]",972,208,24,26963,0.11538461538461539,0.024691358024691357,query_1,"['GO:0006810', 'GO:0048518', 'GO:0051049']",0
GO:BP,GO:0048245,eosinophil chemotaxis,0.0011410592132533378,True,"""The movement of an eosinophil in response to an external stimulus."" [GOC:jid, PMID:11292027, PMID:12391252]",22,208,5,26963,0.02403846153846154,0.22727272727272727,query_1,"['GO:0071621', 'GO:0072677']",0
GO:BP,GO:0071277,cellular response to calcium ion,0.0011787742319848543,True,"""Any process that results in a change in state or activity of a cell (in terms of movement, secretion, enzyme production, gene expression, etc.) as a result of a calcium ion stimulus."" [GOC:mah]",93,208,8,26963,0.038461538461538464,0.08602150537634409,query_1,"['GO:0051592', 'GO:0071248']",0
GO:BP,GO:0030855,epithelial cell differentiation,0.0012251164988949649,True,"""The process in which a relatively unspecialized cell acquires specialized features of an epithelial cell, any of the cells making up an epithelium."" [GOC:ecd, PMID:11839751]",773,208,21,26963,0.10096153846153846,0.027166882276843468,query_1,"['GO:0030154', 'GO:0060429']",0
GO:BP,GO:0050678,regulation of epithelial cell proliferation,0.0012397138620970744,True,"""Any process that modulates the frequency, rate or extent of epithelial cell proliferation."" [GOC:ai]",405,208,15,26963,0.07211538461538461,0.037037037037037035,query_1,"['GO:0042127', 'GO:0050673']",0
GO:BP,GO:0009636,response to toxic substance,0.0012990823294274172,True,"""Any process that results in a change in state or activity of a cell or an organism (in terms of movement, secretion, enzyme production, gene expression, etc.) as a result of a toxic stimulus."" [GOC:lr]",253,208,12,26963,0.057692307692307696,0.04743083003952569,query_1,['GO:0042221'],0
GO:BP,GO:0043412,macromolecule modification,0.0013062312200806355,True,"""The covalent alteration of one or more monomeric units in a polypeptide, polynucleotide, polysaccharide, or other biological macromolecule, resulting in a change in its properties."" [GOC:go_curators]",2821,208,46,26963,0.22115384615384615,0.0163062743707905,query_1,['GO:0043170'],0
GO:BP,GO:0140352,export from cell,0.0013868467573876998,True,"""The directed movement of some substance from a cell, into the extracellular region. This may occur via transport across the plasma membrane or via exocytosis."" [GOC:pg]",988,208,24,26963,0.11538461538461539,0.024291497975708502,query_1,"['GO:0006810', 'GO:0009987']",0
GO:BP,GO:0018193,peptidyl-amino acid modification,0.0013943860721563727,True,"""The alteration of an amino acid residue in a peptide."" [GOC:mah]",648,208,19,26963,0.09134615384615384,0.029320987654320986,query_1,['GO:0036211'],0
GO:BP,GO:0002548,monocyte chemotaxis,0.0014412919653795282,True,"""The movement of a monocyte in response to an external stimulus."" [GOC:add, PMID:11696603, PMID:15173832]",66,208,7,26963,0.03365384615384615,0.10606060606060606,query_1,"['GO:0030595', 'GO:0071674', 'GO:0097529']",0
GO:BP,GO:0032731,positive regulation of interleukin-1 beta production,0.0014412919653795282,True,"""Any process that activates or increases the frequency, rate, or extent of interleukin-1 beta production."" [GOC:mah]",66,208,7,26963,0.03365384615384615,0.10606060606060606,query_1,"['GO:0032611', 'GO:0032651', 'GO:0032732']",0
GO:BP,GO:0051253,negative regulation of RNA metabolic process,0.0015448278907342072,True,"""Any process that stops, prevents, or reduces the frequency, rate or extent of the chemical reactions and pathways involving RNA."" [GOC:ai]",1530,208,31,26963,0.14903846153846154,0.020261437908496733,query_1,"['GO:0010605', 'GO:0016070', 'GO:0045934', 'GO:0051252']",0
GO:BP,GO:2001233,regulation of apoptotic signaling pathway,0.00158322275640278,True,"""Any process that modulates the frequency, rate or extent of apoptotic signaling pathway."" [GOC:mtg_apoptosis]",413,208,15,26963,0.07211538461538461,0.03631961259079903,query_1,"['GO:0009966', 'GO:0042981', 'GO:0097190']",0
GO:BP,GO:0045619,regulation of lymphocyte differentiation,0.001584864990946291,True,"""Any process that modulates the frequency, rate or extent of lymphocyte differentiation."" [GOC:go_curators]",212,208,11,26963,0.052884615384615384,0.05188679245283019,query_1,"['GO:0030098', 'GO:0051249', 'GO:1902105']",0
GO:BP,GO:0035914,skeletal muscle cell differentiation,0.0016292712184292075,True,"""The process in which a relatively unspecialized cell acquires specialized features of a skeletal muscle cell, a somatic cell located in skeletal muscle."" [CL:0000188, GOC:BHF, GOC:vk]",97,208,8,26963,0.038461538461538464,0.08247422680412371,query_1,"['GO:0007519', 'GO:0030154']",0
GO:BP,GO:0099536,synaptic signaling,0.0016439470947819709,True,"""Cell-cell signaling to, from or within a synapse."" [GOC:dos]",926,208,23,26963,0.11057692307692307,0.024838012958963283,query_1,['GO:0007267'],0
GO:BP,GO:0040008,regulation of growth,0.0016734616014568902,True,"""Any process that modulates the frequency, rate or extent of the growth of all or part of an organism so that it occurs at its proper speed, either globally or in a specific part of the organism's development."" [GOC:ems, GOC:mah]",656,208,19,26963,0.09134615384615384,0.028963414634146343,query_1,"['GO:0040007', 'GO:0050789']",0
GO:BP,GO:0002688,regulation of leukocyte chemotaxis,0.0017955145876799705,True,"""Any process that modulates the frequency, rate, or extent of leukocyte chemotaxis."" [GOC:add]",133,208,9,26963,0.04326923076923077,0.06766917293233082,query_1,"['GO:0002685', 'GO:0030595', 'GO:0050920']",0
GO:BP,GO:0097398,cellular response to interleukin-17,0.001818728574384134,True,"""Any process that results in a change in state or activity of a cell (in terms of movement, secretion, enzyme production, gene expression, etc.) as a result of an interleukin-17 stimulus."" [GOC:pr]",24,208,5,26963,0.02403846153846154,0.20833333333333334,query_1,"['GO:0071345', 'GO:0097396']",0
GO:BP,GO:0002822,regulation of adaptive immune response based on somatic recombination of immune receptors built from immunoglobulin superfamily domains,0.0019046319151867928,True,"""Any process that modulates the frequency, rate, or extent of an adaptive immune response based on somatic recombination of immune receptors built from immunoglobulin superfamily domains. An example of this process is found in the Gnathostomata."" [GOC:add, GOC:mtg_sensu]",216,208,11,26963,0.052884615384615384,0.05092592592592592,query_1,"['GO:0002460', 'GO:0002819']",0
GO:BP,GO:0002221,pattern recognition receptor signaling pathway,0.001954008551041149,True,"""The series of molecular signals initiated by a ligand binding to a pattern recognition receptor (PRR), and ending with the regulation of a downstream cellular process, e.g. transcription. PRRs bind pathogen-associated molecular pattern (PAMPs), structures conserved among microbial species, or damage-associated molecular pattern (DAMPs), endogenous molecules released from damaged cells."" [GOC:add, GOC:ar, ISBN:0781735149, PMID:15199967]",263,208,12,26963,0.057692307692307696,0.045627376425855515,query_1,['GO:0002758'],0
GO:BP,GO:0002673,regulation of acute inflammatory response,0.0019580425937739763,True,"""Any process that modulates the frequency, rate, or extent of an acute inflammatory response."" [GOC:add]",69,208,7,26963,0.03365384615384615,0.10144927536231885,query_1,"['GO:0002526', 'GO:0050727']",0
GO:BP,GO:0046634,regulation of alpha-beta T cell activation,0.0020350934188038405,True,"""Any process that modulates the frequency, rate or extent of alpha-beta T cell activation."" [GOC:ai]",135,208,9,26963,0.04326923076923077,0.06666666666666667,query_1,"['GO:0046631', 'GO:0050863']",0
GO:BP,GO:0010721,negative regulation of cell development,0.002056557652438438,True,"""Any process that decreases the rate, frequency or extent of the progression of the cell over time, from its formation to the mature structure. Cell development does not include the steps involved in committing a cell to a specific fate."" [GOC:BHF, GOC:dph, GOC:tb]",314,208,13,26963,0.0625,0.041401273885350316,query_1,"['GO:0045596', 'GO:0048468', 'GO:0060284']",0
GO:BP,GO:0007169,cell surface receptor protein tyrosine kinase signaling pathway,0.0020927511609246685,True,"""The series of molecular signals initiated by an extracellular ligand binding to a receptor on the surface of the target cell where the receptor possesses tyrosine kinase activity, and ending with the regulation of a downstream cellular process, e.g. transcription."" [GOC:ceb, GOC:signaling]",602,208,18,26963,0.08653846153846154,0.029900332225913623,query_1,['GO:0007167'],0
GO:BP,GO:0007249,canonical NF-kappaB signal transduction,0.002115539587259074,True,"""An intracellular signaling cassette characterized by the I-kappaB-kinase (IKK)-dependent activation of NF-kappaB, also known as the canonical NF-kappaB signaling cascade. The cascade begins with activation of a trimeric IKK complex (consisting of catalytic kinase subunits IKKalpha and/or IKKbeta, and the regulatory scaffold protein NEMO) and ends with the regulation of transcription of target genes by NF-kappaB. In a resting state, NF-kappaB dimers are bound to I-kappaB proteins, sequestering NF-kappaB in the cytoplasm. Phosphorylation of I-kappaB targets I-kappaB for ubiquitination and proteasomal degradation, thus releasing the NF-kappaB dimers, which can translocate to the nucleus to bind DNA and regulate transcription. The canonical NF-kappaB pathway is mainly stimulated by proinflammatory cytokines such as IL-1beta, tumor necrosis factor (TNF)-alpha, antigen ligands, and toll-like receptors (TLRs)."" [GOC:bf, PMID:12773372, PMID:34659217]",265,208,12,26963,0.057692307692307696,0.045283018867924525,query_1,['GO:0141124'],0
GO:BP,GO:0045621,positive regulation of lymphocyte differentiation,0.0021649029486968466,True,"""Any process that activates or increases the frequency, rate or extent of lymphocyte differentiation."" [GOC:go_curators]",136,208,9,26963,0.04326923076923077,0.0661764705882353,query_1,"['GO:0030098', 'GO:0045619', 'GO:0051251', 'GO:1902107']",0
GO:BP,GO:0043410,positive regulation of MAPK cascade,0.0022062832507834924,True,"""Any process that activates or increases the frequency, rate or extent of signal transduction mediated by the MAPK cascade."" [GOC:go_curators]",482,208,16,26963,0.07692307692307693,0.03319502074688797,query_1,"['GO:0000165', 'GO:0043408', 'GO:1902533']",0
GO:BP,GO:0002700,regulation of production of molecular mediator of immune response,0.0022798835042285534,True,"""Any process that modulates the frequency, rate, or extent of the production of molecular mediator of immune response."" [GOC:add]",220,208,11,26963,0.052884615384615384,0.05,query_1,"['GO:0002440', 'GO:0002697', 'GO:0010468']",0
GO:BP,GO:0042509,regulation of tyrosine phosphorylation of STAT protein,0.0023823152418028935,True,"""Any process that modulates the frequency, rate or extent of the introduction of a phosphate group to a tyrosine residue of a STAT (Signal Transducer and Activator of Transcription) protein."" [GOC:jl, PMID:11426647]",71,208,7,26963,0.03365384615384615,0.09859154929577464,query_1,"['GO:0007260', 'GO:0050730']",0
GO:BP,GO:0008104,protein localization,0.002420376376301325,True,"""Any process in which a protein is transported to, or maintained in, a specific location."" [GOC:ai]",2606,208,43,26963,0.20673076923076922,0.01650038372985418,query_1,['GO:0070727'],0
GO:BP,GO:0045766,positive regulation of angiogenesis,0.0025865540119767503,True,"""Any process that activates or increases angiogenesis."" [GOC:go_curators]",179,208,10,26963,0.04807692307692308,0.055865921787709494,query_1,"['GO:0001525', 'GO:0045765', 'GO:1904018']",0
GO:BP,GO:0007268,chemical synaptic transmission,0.002594845260823716,True,"""The vesicular release of classical neurotransmitter molecules from a presynapse, across a chemical synapse, the subsequent activation of neurotransmitter receptors at the postsynapse of a target cell (neuron, muscle, or secretory cell) and the effects of this activation on the postsynaptic membrane potential and ionic composition of the postsynaptic cytosol. This process encompasses both spontaneous and evoked release of neurotransmitter and all parts of synaptic vesicle exocytosis. Evoked transmission starts with the arrival of an action potential at the presynapse."" [GOC:jl, MeSH:D009435]",880,208,22,26963,0.10576923076923077,0.025,query_1,['GO:0098916'],0
GO:BP,GO:0098916,anterograde trans-synaptic signaling,0.002594845260823716,True,"""Cell-cell signaling from pre to post-synapse, across the synaptic cleft."" [GOC:dos]",880,208,22,26963,0.10576923076923077,0.025,query_1,['GO:0099537'],0
GO:BP,GO:0007260,tyrosine phosphorylation of STAT protein,0.00262173822454319,True,"""The process of introducing a phosphate group to a tyrosine residue of a STAT (Signal Transducer and Activator of Transcription) protein."" [GOC:jl, PMID:10918594]",72,208,7,26963,0.03365384615384615,0.09722222222222222,query_1,"['GO:0007259', 'GO:0018108']",0
GO:BP,GO:0070727,cellular macromolecule localization,0.0026768994223825885,True,"""Any process in which a macromolecule is transported to, and/or maintained in, a specific location at the level of a cell. Localization at the cellular level encompasses movement within the cell, from within the cell to the cell surface, or from one location to another at the surface of a cell."" [GOC:mah]",2616,208,43,26963,0.20673076923076922,0.01643730886850153,query_1,"['GO:0033036', 'GO:0051641']",0
GO:BP,GO:0030522,intracellular receptor signaling pathway,0.0026862614128456016,True,"""The series of molecular signals initiated by a ligand binding to a receptor located within a cell."" [GOC:bf, GOC:mah]",375,208,14,26963,0.0673076923076923,0.037333333333333336,query_1,['GO:0035556'],0
GO:BP,GO:0009987,cellular process,0.0027170482965308933,True,"""Any process that is carried out at the cellular level, but not necessarily restricted to a single cell. For example, cell communication occurs among more than one cell, but occurs at the cellular level."" [GOC:go_curators, GOC:isa_complete]",21509,208,191,26963,0.9182692307692307,0.008880003719373286,query_1,['GO:0008150'],0
GO:BP,GO:0000302,response to reactive oxygen species,0.0027186949176905843,True,"""Any process that results in a change in state or activity of a cell or an organism (in terms of movement, secretion, enzyme production, gene expression, etc.) as a result of a reactive oxygen species stimulus. Reactive oxygen species include singlet oxygen, superoxide, and oxygen free radicals."" [GOC:krc]",224,208,11,26963,0.052884615384615384,0.049107142857142856,query_1,"['GO:0006979', 'GO:1901700']",0
GO:BP,GO:0022008,neurogenesis,0.002728335262049666,True,"""Generation of cells within the nervous system."" [GO_REF:0000021, GOC:cls, GOC:curators, GOC:dgh, GOC:dph, GOC:jid]",1907,208,35,26963,0.16826923076923078,0.018353434714210803,query_1,"['GO:0007399', 'GO:0030154']",0
GO:BP,GO:0097396,response to interleukin-17,0.00277958765858522,True,"""Any process that results in a change in state or activity of a cell or an organism (in terms of movement, secretion, enzyme production, gene expression, etc.) as a result of an interleukin-17 stimulus."" [GOC:pr]",26,208,5,26963,0.02403846153846154,0.19230769230769232,query_1,['GO:0034097'],0
GO:BP,GO:0097193,intrinsic apoptotic signaling pathway,0.002814942811867273,True,"""The series of molecular signals in which an intracellular signal is conveyed to trigger the apoptotic death of a cell. The pathway starts with reception of an intracellular signal (e.g. DNA damage, endoplasmic reticulum stress, oxidative stress etc.), and ends when the execution phase of apoptosis is triggered. The intrinsic apoptotic signaling pathway is crucially regulated by permeabilization of the mitochondrial outer membrane (MOMP)."" [GOC:mtg_apoptosis, GOC:yaf, PMID:11919192, PMID:17340152, PMID:18852119]",323,208,13,26963,0.0625,0.04024767801857585,query_1,"['GO:0035556', 'GO:0097190']",0
GO:BP,GO:0045580,regulation of T cell differentiation,0.002860452149680501,True,"""Any process that modulates the frequency, rate or extent of T cell differentiation."" [GOC:go_curators]",181,208,10,26963,0.04807692307692308,0.055248618784530384,query_1,"['GO:0030217', 'GO:0045619', 'GO:0050863']",0
GO:BP,GO:0099537,trans-synaptic signaling,0.0028991452904323246,True,"""Cell-cell signaling in either direction across the synaptic cleft."" [GOC:dos]",886,208,22,26963,0.10576923076923077,0.024830699774266364,query_1,['GO:0099536'],0
GO:BP,GO:0045429,positive regulation of nitric oxide biosynthetic process,0.002995233035475005,True,"""Any process that activates or increases the frequency, rate or extent of the chemical reactions and pathways resulting in the formation of nitric oxide."" [GOC:go_curators]",47,208,6,26963,0.028846153846153848,0.1276595744680851,query_1,"['GO:0006809', 'GO:0009891', 'GO:0045428', 'GO:1904407']",0
GO:BP,GO:0002758,innate immune response-activating signaling pathway,0.0029983617034127588,True,"""The series of molecular signals generated by a ligand binding to its receptor that lead to the activation or perpetuation of an innate immune response."" [GOC:jy, GOC:mah, PMID:11418339, PMID:28105028]",274,208,12,26963,0.057692307692307696,0.043795620437956206,query_1,"['GO:0002218', 'GO:0002757']",0
GO:BP,GO:1904018,positive regulation of vasculature development,0.003006639221743708,True,"""Any process that activates or increases the frequency, rate or extent of vasculature development."" [GO_REF:0000058, GOC:TermGenie, PMID:21472453]",182,208,10,26963,0.04807692307692308,0.054945054945054944,query_1,"['GO:0001944', 'GO:0051094', 'GO:0051240', 'GO:1901342']",0
GO:BP,GO:0045892,negative regulation of DNA-templated transcription,0.003293214085722571,True,"""Any process that stops, prevents, or reduces the frequency, rate or extent of cellular DNA-templated transcription."" [GOC:go_curators, GOC:txnOH]",1424,208,29,26963,0.13942307692307693,0.020365168539325844,query_1,"['GO:0006351', 'GO:0006355', 'GO:1902679']",0
GO:BP,GO:0002544,chronic inflammatory response,0.0033899734724733076,True,"""Inflammation of prolonged duration (weeks or months) in which active inflammation, tissue destruction, and attempts at repair are proceeding simultaneously. Although it may follow acute inflammation, chronic inflammation frequently begins insidiously, as a low-grade, smoldering, often asymptomatic response."" [GO_REF:0000022, GOC:jal, ISBN:0781735149]",27,208,5,26963,0.02403846153846154,0.18518518518518517,query_1,['GO:0006954'],0
GO:BP,GO:0002250,adaptive immune response,0.0033962285271070636,True,"""An immune response mediated by cells expressing specific receptors for antigens produced through a somatic diversification process, and allowing for an enhanced secondary response to subsequent exposures to the same antigen (immunological memory)."" [GO_REF:0000022, GOC:add, ISBN:0781735149]",623,208,18,26963,0.08653846153846154,0.028892455858747994,query_1,['GO:0006955'],0
GO:BP,GO:0002675,positive regulation of acute inflammatory response,0.0034012325115240554,True,"""Any process that activates or increases the frequency, rate, or extent of an acute inflammatory response."" [GOC:add]",48,208,6,26963,0.028846153846153848,0.125,query_1,"['GO:0002526', 'GO:0002673', 'GO:0050729']",0
GO:BP,GO:0001934,positive regulation of protein phosphorylation,0.003426412587419796,True,"""Any process that activates or increases the frequency, rate or extent of addition of phosphate groups to amino acids within a protein."" [GOC:hjd]",560,208,17,26963,0.08173076923076923,0.030357142857142857,query_1,"['GO:0001932', 'GO:0006468', 'GO:0031401', 'GO:0042327']",0
GO:BP,GO:1902679,negative regulation of RNA biosynthetic process,0.0036784195303296158,True,"""Any process that stops, prevents or reduces the frequency, rate or extent of RNA biosynthetic process."" [GO:jl, GO_REF:0000058, GOC:TermGenie]",1432,208,29,26963,0.13942307692307693,0.020251396648044692,query_1,"['GO:0010558', 'GO:0032774', 'GO:0051253', 'GO:2001141']",0
GO:BP,GO:0002690,positive regulation of leukocyte chemotaxis,0.0036913874871675897,True,"""Any process that activates or increases the frequency, rate, or extent of leukocyte chemotaxis."" [GOC:add]",108,208,8,26963,0.038461538461538464,0.07407407407407407,query_1,"['GO:0002687', 'GO:0002688', 'GO:0030595', 'GO:0050921']",0
GO:BP,GO:0032637,interleukin-8 production,0.0037907761532035306,True,"""The appearance of interleukin-8 due to biosynthesis or secretion following a cellular stimulus, resulting in an increase in its intracellular or extracellular levels."" [GOC:mah]",76,208,7,26963,0.03365384615384615,0.09210526315789473,query_1,['GO:0001816'],0
GO:BP,GO:0032677,regulation of interleukin-8 production,0.0037907761532035306,True,"""Any process that modulates the frequency, rate, or extent of interleukin-8 production."" [GOC:mah]",76,208,7,26963,0.03365384615384615,0.09210526315789473,query_1,"['GO:0001817', 'GO:0032637']",0
GO:BP,GO:1904407,positive regulation of nitric oxide metabolic process,0.0038510398482970673,True,"""Any process that activates or increases the frequency, rate or extent of nitric oxide metabolic process."" [GO_REF:0000058, GOC:TermGenie, PMID:11991626]",49,208,6,26963,0.028846153846153848,0.12244897959183673,query_1,"['GO:0009893', 'GO:0046209', 'GO:0080164']",0
GO:BP,GO:0002761,regulation of myeloid leukocyte differentiation,0.0039099023784391045,True,"""Any process that modulates the frequency, rate, or extent of myeloid leukocyte differentiation."" [GOC:add]",146,208,9,26963,0.04326923076923077,0.06164383561643835,query_1,"['GO:0002573', 'GO:0045637', 'GO:1902105']",0
GO:BP,GO:0090594,inflammatory response to wounding,0.0041011132223992075,True,"""The immediate defensive reaction by vertebrate tissue to injury caused by chemical or physical agents."" [GOC:add]",28,208,5,26963,0.02403846153846154,0.17857142857142858,query_1,"['GO:0006954', 'GO:0009611']",0
GO:BP,GO:0032732,positive regulation of interleukin-1 production,0.00414279010459553,True,"""Any process that activates or increases the frequency, rate, or extent of interleukin-1 production."" [GOC:mah]",77,208,7,26963,0.03365384615384615,0.09090909090909091,query_1,"['GO:0001819', 'GO:0032612', 'GO:0032652']",0
GO:BP,GO:0055085,transmembrane transport,0.004492763404397013,True,"""The process in which a solute is transported across a lipid bilayer, from one side of a membrane to the other."" [GOC:dph, GOC:jid]",1528,208,30,26963,0.14423076923076922,0.01963350785340314,query_1,"['GO:0006810', 'GO:0009987']",0
GO:BP,GO:2000514,"regulation of CD4-positive, alpha-beta T cell activation",0.004521697660312239,True,"""Any process that modulates the frequency, rate or extent of CD4-positive, alpha-beta T cell activation."" [GOC:obol]",78,208,7,26963,0.03365384615384615,0.08974358974358974,query_1,"['GO:0035710', 'GO:0046634']",0
GO:BP,GO:0071375,cellular response to peptide hormone stimulus,0.004794599880967282,True,"""Any process that results in a change in state or activity of a cell (in terms of movement, secretion, enzyme production, gene expression, etc.) as a result of a peptide hormone stimulus. A peptide hormone is any of a class of peptides that are secreted into the blood stream and have endocrine functions in living animals."" [GOC:mah]",339,208,13,26963,0.0625,0.038348082595870206,query_1,"['GO:0032870', 'GO:0043434', 'GO:1901699', 'GO:1901701']",0
GO:BP,GO:0010575,positive regulation of vascular endothelial growth factor production,0.004924523373783006,True,"""Any process that increases or activates the frequency, rate, or extent of production of vascular endothelial growth factor."" [GOC:BHF, GOC:rl]",29,208,5,26963,0.02403846153846154,0.1724137931034483,query_1,"['GO:0001819', 'GO:0010573', 'GO:0010574']",0
GO:BP,GO:0062197,cellular response to chemical stress,0.004951780925456652,True,"""Any process that results in a change in state or activity of a cell (in terms of movement, secretion, enzyme production, gene expression, etc.) as a result of a chemical stimulus indicating the organism is under stress."" [PMID:26653712]",340,208,13,26963,0.0625,0.03823529411764706,query_1,"['GO:0033554', 'GO:0070887']",0
GO:BP,GO:0150076,neuroinflammatory response,0.005366715935579025,True,"""The immediate defensive reaction by neural vertebrate tissue to infection or injury caused by chemical or physical agents."" [GOC:aruk, GOC:bc, PMID:10981966, PMID:11099416, PMID:18164423]",80,208,7,26963,0.03365384615384615,0.0875,query_1,['GO:0006954'],0
GO:BP,GO:0034605,cellular response to heat,0.005499745213777708,True,"""Any process that results in a change in state or activity of a cell (in terms of movement, secretion, enzyme production, gene expression, etc.) as a result of a heat stimulus, a temperature stimulus above the optimal temperature for that organism."" [GOC:mah]",52,208,6,26963,0.028846153846153848,0.11538461538461539,query_1,"['GO:0009408', 'GO:0033554']",0
GO:BP,GO:0002429,immune response-activating cell surface receptor signaling pathway,0.005789110950307327,True,"""The series of molecular signals initiated by an extracellular ligand binding to a receptor on the surface of a cell, leading to the activation or perpetuation of an immune response."" [GO_REF:0000022, GOC:add, ISBN:0781735149]",292,208,12,26963,0.057692307692307696,0.0410958904109589,query_1,"['GO:0002757', 'GO:0002768']",0
GO:BP,GO:2000108,positive regulation of leukocyte apoptotic process,0.005872480195558566,True,"""Any process that activates or increases the frequency, rate or extent of leukocyte apoptotic process."" [GOC:BHF, GOC:mtg_apoptosis]",30,208,5,26963,0.02403846153846154,0.16666666666666666,query_1,"['GO:0043065', 'GO:0071887', 'GO:2000106']",0
GO:BP,GO:0045937,positive regulation of phosphate metabolic process,0.005881077137606874,True,"""Any process that activates or increases the frequency, rate or extent of the chemical reactions and pathways involving phosphates."" [GOC:go_curators]",648,208,18,26963,0.08653846153846154,0.027777777777777776,query_1,"['GO:0006796', 'GO:0010562', 'GO:0019220']",0
GO:BP,GO:0010562,positive regulation of phosphorus metabolic process,0.005881077137606874,True,"""Any process that increases the frequency, rate or extent of the chemical reactions and pathways involving phosphorus or compounds containing phosphorus."" [GOC:dph, GOC:tb]",648,208,18,26963,0.08653846153846154,0.027777777777777776,query_1,"['GO:0006793', 'GO:0009893', 'GO:0051174']",0
GO:BP,GO:0001666,response to hypoxia,0.00658569999362241,True,"""Any process that results in a change in state or activity of a cell or an organism (in terms of movement, secretion, enzyme production, gene expression, etc.) as a result of a stimulus indicating lowered oxygen tension. Hypoxia, defined as a decline in O2 levels below normoxic levels of 20.8 - 20.95%, results in metabolic adaptation at both the cellular and organismal level."" [GOC:hjd]",349,208,13,26963,0.0625,0.03724928366762178,query_1,"['GO:0006950', 'GO:0036293']",0
GO:BP,GO:0023061,signal release,0.0067277600972089,True,"""The process in which a signal is secreted or discharged into the extracellular medium from a cellular source."" [GOC:mtg_signal]",589,208,17,26963,0.08173076923076923,0.028862478777589132,query_1,"['GO:0007267', 'GO:0032940']",0
GO:BP,GO:0042327,positive regulation of phosphorylation,0.006880750250726204,True,"""Any process that activates or increases the frequency, rate or extent of addition of phosphate groups to a molecule."" [GOC:jl]",590,208,17,26963,0.08173076923076923,0.0288135593220339,query_1,"['GO:0016310', 'GO:0042325', 'GO:0045937']",0
GO:BP,GO:0002821,positive regulation of adaptive immune response,0.007115644421724627,True,"""Any process that activates or increases the frequency, rate, or extent of an adaptive immune response."" [GOC:add]",157,208,9,26963,0.04326923076923077,0.05732484076433121,query_1,"['GO:0002250', 'GO:0002819', 'GO:0050778']",0
GO:BP,GO:0043370,"regulation of CD4-positive, alpha-beta T cell differentiation",0.0076822169321042804,True,"""Any process that modulates the frequency, rate, or extent of CD4-positive, alpha-beta T cell differentiation."" [GOC:add, GOC:pr, ISBN:0781735149]",55,208,6,26963,0.028846153846153848,0.10909090909090909,query_1,"['GO:0043367', 'GO:0046637', 'GO:2000514']",0
GO:BP,GO:0009790,embryo development,0.007821727423157553,True,"""The process whose specific outcome is the progression of an embryo from its formation until the end of its embryonic life stage. The end of the embryonic stage is organism-specific. For example, for mammals, the process would begin with zygote formation and end with birth. For insects, the process would begin at zygote formation and end with larval hatching. For plant zygotic embryos, this would be from zygote formation to the end of seed dormancy. For plant vegetative embryos, this would be from the initial determination of the cell or group of cells to form an embryo until the point when the embryo becomes independent of the parent plant."" [GOC:go_curators, GOC:isa_complete, GOC:mtg_sensu]",1247,208,26,26963,0.125,0.020850040096230954,query_1,['GO:0007275'],0
GO:BP,GO:0002218,activation of innate immune response,0.007899346433781203,True,"""Any process that initiates an innate immune response. Innate immune responses are defense responses mediated by germline encoded components that directly recognize components of potential pathogens. Examples of this process include activation of the hypersensitive response of Arabidopsis thaliana and activation of any NOD or TLR signaling pathway in vertebrate species."" [GO_REF:0000022, GOC:add, GOC:mtg_sensu, ISBN:0781735149, PMID:15199967, PMID:16177805]",301,208,12,26963,0.057692307692307696,0.03986710963455149,query_1,"['GO:0002253', 'GO:0045089']",0
GO:BP,GO:0032729,positive regulation of type II interferon production,0.008071595068833443,True,"""Any process that activates or increases the frequency, rate, or extent of interferon-gamma production. Interferon-gamma is also known as type II interferon."" [GOC:add, GOC:mah, PMID:15546383]",85,208,7,26963,0.03365384615384615,0.08235294117647059,query_1,"['GO:0001819', 'GO:0032609', 'GO:0032649']",0
GO:BP,GO:0043523,regulation of neuron apoptotic process,0.008171185737817253,True,"""Any process that modulates the occurrence or rate of cell death by apoptotic process in neurons."" [GOC:go_curators, GOC:mtg_apoptosis]",302,208,12,26963,0.057692307692307696,0.039735099337748346,query_1,"['GO:0042981', 'GO:0051402']",0
GO:BP,GO:0034405,response to fluid shear stress,0.008195012478420643,True,"""Any process that results in a change in state or activity of a cell or an organism (in terms of movement, secretion, enzyme production, gene expression, etc.) as a result of a fluid shear stress stimulus. Fluid shear stress is the force acting on an object in a system where the fluid is moving across a solid surface."" [GOC:sl]",32,208,5,26963,0.02403846153846154,0.15625,query_1,['GO:0006950'],0
GO:BP,GO:0022614,membrane to membrane docking,0.008284838722644874,True,"""The initial attachment of a membrane to a target membrane, mediated by proteins protruding from the two membranes. Docking requires only that the membranes come close enough for the proteins to interact and adhere."" [GOC:isa_complete]",5,208,3,26963,0.014423076923076924,0.6,query_1,['GO:0022406'],0
GO:BP,GO:0045732,positive regulation of protein catabolic process,0.008355100431999043,True,"""Any process that activates or increases the frequency, rate or extent of the chemical reactions and pathways resulting in the breakdown of a protein by the destruction of the native, active configuration, with or without the hydrolysis of peptide bonds."" [GOC:go_curators]",204,208,10,26963,0.04807692307692308,0.049019607843137254,query_1,"['GO:0009896', 'GO:0030163', 'GO:0042176', 'GO:0051247']",0
GO:BP,GO:0051924,regulation of calcium ion transport,0.00846933905007078,True,"""Any process that modulates the frequency, rate or extent of the directed movement of calcium ions into, out of or within a cell, or between cells, by means of some agent such as a transporter or pore."" [GOC:ai]",252,208,11,26963,0.052884615384615384,0.04365079365079365,query_1,"['GO:0006816', 'GO:0010959']",0
GO:BP,GO:0048247,lymphocyte chemotaxis,0.008549108540903433,True,"""The directed movement of a lymphocyte in response to an external stimulus."" [GOC:hjd, GOC:jid, PMID:12391252]",56,208,6,26963,0.028846153846153848,0.10714285714285714,query_1,"['GO:0030595', 'GO:0072676']",0
GO:BP,GO:0050921,positive regulation of chemotaxis,0.009194966737744356,True,"""Any process that activates or increases the frequency, rate or extent of the directed movement of a motile cell or organism in response to a specific chemical concentration gradient."" [GOC:ai]",162,208,9,26963,0.04326923076923077,0.05555555555555555,query_1,"['GO:0006935', 'GO:0032103', 'GO:0040017', 'GO:0050920']",0
GO:BP,GO:1903530,regulation of secretion by cell,0.009319052148364025,True,"""Any process that modulates the frequency, rate or extent of secretion by cell."" [GO_REF:0000058, GOC:pm, GOC:TermGenie, PMID:12130530]",670,208,18,26963,0.08653846153846154,0.026865671641791045,query_1,"['GO:0032940', 'GO:0050794', 'GO:0051046']",0
GO:BP,GO:0061082,myeloid leukocyte cytokine production,0.009493843428848603,True,"""Any process that contributes to cytokine production by a myeloid cell."" [GOC:dph]",57,208,6,26963,0.028846153846153848,0.10526315789473684,query_1,['GO:0002367'],0
GO:BP,GO:0002768,immune response-regulating cell surface receptor signaling pathway,0.009657703341967734,True,"""The series of molecular signals initiated by an extracellular ligand binding to a receptor on the surface of the target cell capable of activating, perpetuating, or inhibiting an immune response."" [GOC:add, ISBN:0781735149, PMID:15771571]",307,208,12,26963,0.057692307692307696,0.03908794788273615,query_1,"['GO:0002764', 'GO:0007166']",0
GO:BP,GO:0051649,establishment of localization in cell,0.009739732960423013,True,"""Any process, occurring in a cell, that localizes a substance or cellular component. This may occur via movement, tethering or selective degradation."" [GOC:ai, GOC:dos, GOC:dph, GOC:tb]",2019,208,35,26963,0.16826923076923078,0.01733531451213472,query_1,"['GO:0051234', 'GO:0051641']",0
GO:BP,GO:0043534,blood vessel endothelial cell migration,0.009784700897618992,True,"""The orderly movement of an endothelial cell into the extracellular matrix in order to form new blood vessels during angiogenesis."" [PMID:11166264]",123,208,8,26963,0.038461538461538464,0.06504065040650407,query_1,['GO:0043542'],0
GO:BP,GO:0050731,positive regulation of peptidyl-tyrosine phosphorylation,0.01016188510293314,True,"""Any process that activates or increases the frequency, rate or extent of the phosphorylation of peptidyl-tyrosine."" [GOC:ai]",164,208,9,26963,0.04326923076923077,0.054878048780487805,query_1,"['GO:0001934', 'GO:0018108', 'GO:0050730']",0
GO:BP,GO:0038066,p38MAPK cascade,0.010521643508840908,True,"""A MAPK cascade containing at least the p38MAPK (MAPK14) MAP kinase, or Hog1 in yeast. It starts with the activation of a MAP3K, and the consecutive activation of a MPK2K and of p38MAPK. The cascade can also contain an additional tier: the upstream MAP4K. The kinases in each tier phosphorylate and activate the kinases in the downstream tier. The p38MAPK cascade is activated by stress signals, including hyperosmolarity, as well as by G protein-coupled receptors, growth factors, and cytokines, and results in cellular responses such as cell proliferation, cell differentiation, apoptosis and inflammation."" [PMID:20811974, PMID:23125017, PMID:32794416]",58,208,6,26963,0.028846153846153848,0.10344827586206896,query_1,['GO:0000165'],0
GO:BP,GO:0032675,regulation of interleukin-6 production,0.010677175295569455,True,"""Any process that modulates the frequency, rate, or extent of interleukin-6 production."" [GOC:mah]",165,208,9,26963,0.04326923076923077,0.05454545454545454,query_1,"['GO:0001817', 'GO:0032635']",0
GO:BP,GO:1903038,negative regulation of leukocyte cell-cell adhesion,0.010677175295569455,True,"""Any process that stops, prevents or reduces the frequency, rate or extent of leukocyte cell-cell adhesion."" [GO_REF:0000058, GOC:BHF, GOC:rl, GOC:TermGenie, PMID:21106532]",165,208,9,26963,0.04326923076923077,0.05454545454545454,query_1,"['GO:0007159', 'GO:0022408', 'GO:1903037']",0
GO:BP,GO:0032635,interleukin-6 production,0.010677175295569455,True,"""The appearance of interleukin-6 due to biosynthesis or secretion following a cellular stimulus, resulting in an increase in its intracellular or extracellular levels."" [GOC:mah]",165,208,9,26963,0.04326923076923077,0.05454545454545454,query_1,['GO:0001816'],0
GO:BP,GO:0045670,regulation of osteoclast differentiation,0.010978221829519677,True,"""Any process that modulates the frequency, rate or extent of osteoclast differentiation."" [GOC:go_curators]",89,208,7,26963,0.03365384615384615,0.07865168539325842,query_1,"['GO:0002761', 'GO:0030316']",0
GO:BP,GO:0045444,fat cell differentiation,0.010990939779244433,True,"""The process in which a relatively unspecialized cell acquires specialized features of an adipocyte, an animal connective tissue cell specialized for the synthesis and storage of fat."" [CL:0000136, GOC:go_curators]",259,208,11,26963,0.052884615384615384,0.04247104247104247,query_1,['GO:0030154'],0
GO:BP,GO:0009611,response to wounding,0.011099193079079925,True,"""Any process that results in a change in state or activity of a cell or an organism (in terms of movement, secretion, enzyme production, gene expression, etc.) as a result of a stimulus indicating damage to the organism."" [GOC:go_curators]",547,208,16,26963,0.07692307692307693,0.029250457038391225,query_1,['GO:0006950'],0
GO:BP,GO:0051046,regulation of secretion,0.011463274019278423,True,"""Any process that modulates the frequency, rate or extent of the controlled release of a substance from a cell or a tissue."" [GOC:ai]",749,208,19,26963,0.09134615384615384,0.025367156208277702,query_1,"['GO:0046903', 'GO:0051049']",0
GO:BP,GO:0032757,positive regulation of interleukin-8 production,0.011637961259339696,True,"""Any process that activates or increases the frequency, rate, or extent of interleukin-8 production."" [GOC:mah]",59,208,6,26963,0.028846153846153848,0.1016949152542373,query_1,"['GO:0001819', 'GO:0032637', 'GO:0032677']",0
GO:BP,GO:0045786,negative regulation of cell cycle,0.012027442229951942,True,"""Any process that stops, prevents or reduces the rate or extent of progression through the cell cycle."" [GOC:dph, GOC:go_curators, GOC:tb]",369,208,13,26963,0.0625,0.03523035230352303,query_1,"['GO:0007049', 'GO:0048523', 'GO:0051726']",0
GO:BP,GO:0040007,growth,0.012094609897644564,True,"""The increase in size or mass of an entire organism, a part of an organism or a cell."" [GOC:bf, GOC:ma]",1044,208,23,26963,0.11057692307692307,0.022030651340996167,query_1,['GO:0008150'],0
GO:BP,GO:0010959,regulation of metal ion transport,0.012745469369938887,True,"""Any process that modulates the frequency, rate, or extent of metal ion transport. Metal ion transport is the directed movement of metal ions, any metal ion with an electric charge, into, out of or within a cell, or between cells, by means of some agent such as a transporter or pore."" [GOC:dph, GOC:tb]",371,208,13,26963,0.0625,0.03504043126684636,query_1,"['GO:0030001', 'GO:0043269']",0
GO:BP,GO:0007346,regulation of mitotic cell cycle,0.012746721726858866,True,"""Any process that modulates the rate or extent of progress through the mitotic cell cycle."" [GOC:dph, GOC:go_curators, GOC:tb]",490,208,15,26963,0.07211538461538461,0.030612244897959183,query_1,"['GO:0000278', 'GO:0051726']",0
GO:BP,GO:0045620,negative regulation of lymphocyte differentiation,0.012848484187126358,True,"""Any process that stops, prevents, or reduces the frequency, rate or extent of lymphocyte differentiation."" [GOC:go_curators]",60,208,6,26963,0.028846153846153848,0.1,query_1,"['GO:0030098', 'GO:0045619', 'GO:0051250', 'GO:1902106']",0
GO:BP,GO:0072539,T-helper 17 cell differentiation,0.01296482569956645,True,"""The process in which a relatively unspecialized T cell acquires the specialized features of a T-helper 17 (Th17) cell. A Th17 cell is a CD4-positive, alpha-beta T cell with the phenotype RORgamma-t-positive that produces IL-17."" [CL:0000899, GOC:BHF, GOC:ebc]",35,208,5,26963,0.02403846153846154,0.14285714285714285,query_1,"['GO:0042093', 'GO:0072538']",0
GO:BP,GO:0043372,"positive regulation of CD4-positive, alpha-beta T cell differentiation",0.01296482569956645,True,"""Any process that activates or increases the frequency, rate or extent of CD4-positive, alpha-beta T cell differentiation."" [GOC:add, GOC:pr, ISBN:0781735149]",35,208,5,26963,0.02403846153846154,0.14285714285714285,query_1,"['GO:0043367', 'GO:0043370', 'GO:0046638', 'GO:2000516']",0
GO:BP,GO:0009266,response to temperature stimulus,0.012968669764229028,True,"""Any process that results in a change in state or activity of a cell or an organism (in terms of movement, secretion, enzyme production, gene expression, etc.) as a result of a temperature stimulus."" [GOC:hb]",169,208,9,26963,0.04326923076923077,0.05325443786982249,query_1,['GO:0009628'],0
GO:BP,GO:0071705,nitrogen compound transport,0.013084635783862339,True,"""The directed movement of nitrogen-containing compounds into, out of or within a cell, or between cells, by means of some agent such as a transporter or pore."" [GOC:mah]",1958,208,34,26963,0.16346153846153846,0.017364657814096015,query_1,['GO:0006810'],0
GO:BP,GO:0048638,regulation of developmental growth,0.013118478519677363,True,"""Any process that modulates the frequency, rate or extent of developmental growth."" [GOC:go_curators]",372,208,13,26963,0.0625,0.03494623655913978,query_1,"['GO:0040008', 'GO:0048589', 'GO:0050793']",0
GO:BP,GO:0048608,reproductive structure development,0.013118478519677363,True,"""The reproductive developmental process whose specific outcome is the progression of somatic structures that will be used in the process of creating new individuals from one or more parents, from their formation to the mature structures."" [GOC:dph, GOC:isa_complete, GOC:jid]",372,208,13,26963,0.0625,0.03494623655913978,query_1,"['GO:0003006', 'GO:0048856', 'GO:0061458']",0
GO:BP,GO:0032649,regulation of type II interferon production,0.013144207901320142,True,"""Any process that modulates the frequency, rate, or extent of interferon-gamma production. Interferon-gamma is also known as type II interferon."" [GOC:add, GOC:mah, PMID:15546383]",128,208,8,26963,0.038461538461538464,0.0625,query_1,"['GO:0001817', 'GO:0032609']",0
GO:BP,GO:0032609,type II interferon production,0.013921444457116116,True,"""The appearance of interferon-gamma due to biosynthesis or secretion following a cellular stimulus, resulting in an increase in its intracellular or extracellular levels. Interferon-gamma is also known as type II interferon."" [GOC:add, GOC:mah, PMID:15546383]",129,208,8,26963,0.038461538461538464,0.06201550387596899,query_1,['GO:0001816'],0
GO:BP,GO:0061469,regulation of type B pancreatic cell proliferation,0.014016073393045917,True,"""Any process that modulates the frequency, rate or extent of type B pancreatic cell proliferation."" [GOC:dph]",17,208,4,26963,0.019230769230769232,0.23529411764705882,query_1,"['GO:0044342', 'GO:0050678']",0
GO:BP,GO:0071622,regulation of granulocyte chemotaxis,0.014159139208154701,True,"""Any process that modulates the rate, frequency or extent of granulocyte chemotaxis. Granulocyte chemotaxis is the movement of a granulocyte in response to an external stimulus."" [GOC:mah]",61,208,6,26963,0.028846153846153848,0.09836065573770492,query_1,"['GO:0002688', 'GO:0071621']",0
GO:BP,GO:0061458,reproductive system development,0.015131933627655553,True,"""The progression of the reproductive system over time from its formation to the mature structure. The reproductive system consists of the organs that function in reproduction."" [GOC:dph]",377,208,13,26963,0.0625,0.034482758620689655,query_1,['GO:0048731'],0
GO:BP,GO:0070848,response to growth factor,0.015167796487200184,True,"""Any process that results in a change in state or activity of a cell or an organism (in terms of movement, secretion, enzyme production, gene expression, etc.) as a result of a growth factor stimulus."" [GOC:BHF, GOC:mah]",764,208,19,26963,0.09134615384615384,0.024869109947643978,query_1,['GO:0009719'],0
GO:BP,GO:0043170,macromolecule metabolic process,0.0155890920498966,True,"""The chemical reactions and pathways involving macromolecules, any molecule of high relative molecular mass, the structure of which essentially comprises the multiple repetition of units derived, actually or conceptually, from molecules of low relative molecular mass."" [GOC:mah]",12272,208,126,26963,0.6057692307692307,0.010267275097783572,query_1,['GO:0008152'],0
GO:BP,GO:0032102,negative regulation of response to external stimulus,0.016014013984243666,True,"""Any process that stops, prevents, or reduces the frequency, rate or extent of a response to an external stimulus."" [GOC:mah]",438,208,14,26963,0.0673076923076923,0.0319634703196347,query_1,"['GO:0009605', 'GO:0032101', 'GO:0048585']",0
GO:BP,GO:0080135,regulation of cellular response to stress,0.016203794493763187,True,"""Any process that modulates the frequency, rate or extent of a cellular response to stress. Cellular response to stress is a change in state or activity of a cell (in terms of movement, secretion, enzyme production, gene expression, etc.) as a result of a stimulus indicating the organism is under stress. The stress is usually, but not necessarily, exogenous (e.g. temperature, humidity, ionizing radiation)."" [GOC:dhl]",500,208,15,26963,0.07211538461538461,0.03,query_1,"['GO:0033554', 'GO:0050794', 'GO:0080134']",0
GO:BP,GO:0071674,mononuclear cell migration,0.01624681884589924,True,"""The movement of a mononuclear cell within or between different tissues and organs of the body."" [GOC:mah]",220,208,10,26963,0.04807692307692308,0.045454545454545456,query_1,['GO:0050900'],0
GO:BP,GO:0071499,cellular response to laminar fluid shear stress,0.0164752490633154,True,"""Any process that results in a change in state or activity of a cell (in terms of movement, secretion, enzyme production, gene expression, etc.) as a result of a laminar fluid shear stress stimulus. Laminar fluid flow is the force acting on an object in a system where the fluid is moving across a solid surface in parallel layers."" [GOC:mah]",6,208,3,26963,0.014423076923076924,0.5,query_1,"['GO:0034616', 'GO:0071498']",0
GO:BP,GO:0022408,negative regulation of cell-cell adhesion,0.016903858033271518,True,"""Any process that stops, prevents or reduces the rate or extent of cell adhesion to another cell."" [GOC:isa_complete]",221,208,10,26963,0.04807692307692308,0.04524886877828054,query_1,"['GO:0007162', 'GO:0022407', 'GO:0098609']",0
GO:BP,GO:0071498,cellular response to fluid shear stress,0.01791189449237883,True,"""Any process that results in a change in state or activity of a cell (in terms of movement, secretion, enzyme production, gene expression, etc.) as a result of a fluid shear stress stimulus. Fluid shear stress is the force acting on an object in a system where the fluid is moving across a solid surface."" [GOC:mah]",18,208,4,26963,0.019230769230769232,0.2222222222222222,query_1,"['GO:0033554', 'GO:0034405']",0
GO:BP,GO:0043525,positive regulation of neuron apoptotic process,0.018145696358897248,True,"""Any process that activates or increases the frequency, rate or extent of cell death of neurons by apoptotic process."" [GOC:go_curators, GOC:mtg_apoptosis]",96,208,7,26963,0.03365384615384615,0.07291666666666667,query_1,"['GO:0043065', 'GO:0043523', 'GO:0051402']",0
GO:BP,GO:0046635,positive regulation of alpha-beta T cell activation,0.018145696358897248,True,"""Any process that activates or increases the frequency, rate or extent of alpha-beta T cell activation."" [GOC:ai]",96,208,7,26963,0.03365384615384615,0.07291666666666667,query_1,"['GO:0046631', 'GO:0046634', 'GO:0050870']",0
GO:BP,GO:0036293,response to decreased oxygen levels,0.018407474169313834,True,"""Any process that results in a change in state or activity of a cell or an organism (in terms of movement, secretion, enzyme production, gene expression, etc.) as a result of a stimulus reflecting a decline in the level of oxygen."" [GOC:al]",384,208,13,26963,0.0625,0.033854166666666664,query_1,['GO:0070482'],0
GO:BP,GO:0043269,regulation of monoatomic ion transport,0.01866022918685219,True,"""Any process that modulates the frequency, rate or extent of the directed movement of charged atoms or small charged molecules into, out of or within a cell, or between cells, by means of some agent such as a transporter or pore."" [GOC:jl]",444,208,14,26963,0.0673076923076923,0.03153153153153153,query_1,"['GO:0006811', 'GO:0051049']",0
GO:BP,GO:0032623,interleukin-2 production,0.018754846748551973,True,"""The appearance of interleukin-2 due to biosynthesis or secretion following a cellular stimulus, resulting in an increase in its intracellular or extracellular levels."" [GOC:mah]",64,208,6,26963,0.028846153846153848,0.09375,query_1,['GO:0001816'],0
GO:BP,GO:0032663,regulation of interleukin-2 production,0.018754846748551973,True,"""Any process that modulates the frequency, rate, or extent of interleukin-2 production."" [GOC:mah]",64,208,6,26963,0.028846153846153848,0.09375,query_1,"['GO:0001817', 'GO:0032623']",0
GO:BP,GO:0032870,cellular response to hormone stimulus,0.019335153296123432,True,"""Any process that results in a change in state or activity of a cell (in terms of movement, secretion, enzyme production, gene expression, etc.) as a result of a hormone stimulus."" [GOC:mah]",707,208,18,26963,0.08653846153846154,0.02545968882602546,query_1,"['GO:0009725', 'GO:0070887', 'GO:0071495']",0
GO:BP,GO:0002931,response to ischemia,0.024488980470278858,True,"""Any process that results in a change in state or activity of an organism (in terms of movement, secretion, enzyme production, gene expression, etc.) as a result of a inadequate blood supply."" [GOC:hjd]",67,208,6,26963,0.028846153846153848,0.08955223880597014,query_1,['GO:0006950'],0
GO:BP,GO:0070374,positive regulation of ERK1 and ERK2 cascade,0.02484303340121183,True,"""Any process that activates or increases the frequency, rate or extent of signal transduction mediated by the ERK1 and ERK2 cascade."" [GOC:mah]",231,208,10,26963,0.04807692307692308,0.04329004329004329,query_1,"['GO:0043410', 'GO:0070371', 'GO:0070372']",0
GO:BP,GO:0051051,negative regulation of transport,0.025759660558143632,True,"""Any process that stops, prevents, or reduces the frequency, rate or extent of the directed movement of substances (such as macromolecules, small molecules, ions) into, out of or within a cell, or between cells, by means of some agent such as a transporter or pore."" [GOC:ai]",457,208,14,26963,0.0673076923076923,0.030634573304157548,query_1,"['GO:0006810', 'GO:0048519', 'GO:0051049']",0
GO:BP,GO:0003158,endothelium development,0.026718585304082935,True,"""The process whose specific outcome is the progression of an endothelium over time, from its formation to the mature structure. Endothelium refers to the layer of cells lining blood vessels, lymphatics, the heart, and serous cavities, and is derived from bone marrow or mesoderm. Corneal endothelium is a special case, derived from neural crest cells."" [GOC:mtg_heart]",141,208,8,26963,0.038461538461538464,0.05673758865248227,query_1,['GO:0060429'],0
GO:BP,GO:1902624,positive regulation of neutrophil migration,0.028824803986215373,True,"""Any process that activates or increases the frequency, rate or extent of neutrophil migration."" [GO_REF:0000058, GOC:TermGenie, PMID:1826836]",41,208,5,26963,0.02403846153846154,0.12195121951219512,query_1,"['GO:0002687', 'GO:1902622', 'GO:1990266']",0
GO:BP,GO:0009895,negative regulation of catabolic process,0.029368996022169868,True,"""Any process that stops, prevents, or reduces the frequency, rate or extent of the chemical reactions and pathways resulting in the breakdown of substances."" [GOC:go_curators]",343,208,12,26963,0.057692307692307696,0.03498542274052478,query_1,"['GO:0009056', 'GO:0009892', 'GO:0009894']",0
GO:BP,GO:0050920,regulation of chemotaxis,0.029894608916548698,True,"""Any process that modulates the frequency, rate or extent of the directed movement of a motile cell or organism in response to a specific chemical concentration gradient."" [GOC:ai]",236,208,10,26963,0.04807692307692308,0.0423728813559322,query_1,"['GO:0006935', 'GO:0032101', 'GO:0040012']",0
GO:BP,GO:0002720,positive regulation of cytokine production involved in immune response,0.030702292064217873,True,"""Any process that activates or increases the frequency, rate, or extent of cytokine production that contributes to an immune response."" [GOC:add]",104,208,7,26963,0.03365384615384615,0.0673076923076923,query_1,"['GO:0001819', 'GO:0002367', 'GO:0002702', 'GO:0002718']",0
GO:BP,GO:0022414,reproductive process,0.031759539031258825,True,"""A biological process that directly contributes to the process of producing new individuals by one or two organisms. The new individuals inherit some proportion of their genetic material from the parent or parents."" [GOC:dph, GOC:isa_complete]",1864,208,32,26963,0.15384615384615385,0.017167381974248927,query_1,['GO:0008150'],0
GO:BP,GO:0045859,regulation of protein kinase activity,0.03181842508316052,True,"""Any process that modulates the frequency, rate or extent of protein kinase activity."" [GOC:go_curators]",189,208,9,26963,0.04326923076923077,0.047619047619047616,query_1,"['GO:0001932', 'GO:0043549']",0
GO:BP,GO:0009896,positive regulation of catabolic process,0.032107689133760546,True,"""Any process that activates or increases the frequency, rate or extent of the chemical reactions and pathways resulting in the breakdown of substances."" [GOC:go_curators]",530,208,15,26963,0.07211538461538461,0.02830188679245283,query_1,"['GO:0009056', 'GO:0009893', 'GO:0009894']",0
GO:BP,GO:0045622,regulation of T-helper cell differentiation,0.03251585556296113,True,"""Any process that modulates the frequency, rate or extent of T-helper cell differentiation."" [GOC:go_curators]",42,208,5,26963,0.02403846153846154,0.11904761904761904,query_1,"['GO:0002697', 'GO:0042093', 'GO:0043370', 'GO:0050776']",0
GO:BP,GO:0071887,leukocyte apoptotic process,0.03273882357590717,True,"""Any apoptotic process in a leukocyte, an achromatic cell of the myeloid or lymphoid lineages capable of ameboid movement, found in blood or other tissue."" [CL:0000738, GOC:BHF, GOC:mah, GOC:mtg_apoptosis]",145,208,8,26963,0.038461538461538464,0.05517241379310345,query_1,['GO:0006915'],0
GO:BP,GO:0009058,biosynthetic process,0.03305048081643976,True,"""A cellular process consisting of the biochemical pathways by which a living organism synthesizes chemical substances. This typically represents the energy-requiring part of metabolism in which simpler substances are transformed into more complex ones."" [GOC:curators, ISBN:0198547684]",10894,208,114,26963,0.5480769230769231,0.010464475858270608,query_1,['GO:0008152'],0
GO:BP,GO:0008406,gonad development,0.03379152009065908,True,"""The process whose specific outcome is the progression of the gonad over time, from its formation to the mature structure. The gonad is an animal organ that produces gametes; in some species it also produces hormones."" [GOC:ems, ISBN:0198506732]",292,208,11,26963,0.052884615384615384,0.03767123287671233,query_1,"['GO:0045137', 'GO:0048513', 'GO:0048608']",0
GO:BP,GO:0045428,regulation of nitric oxide biosynthetic process,0.03425638876582126,True,"""Any process that modulates the frequency, rate or extent of the chemical reactions and pathways resulting in the formation of nitric oxide."" [GOC:go_curators]",71,208,6,26963,0.028846153846153848,0.08450704225352113,query_1,"['GO:0006809', 'GO:0009889', 'GO:0080164']",0
GO:BP,GO:0045064,T-helper 2 cell differentiation,0.03440328703686892,True,"""The process in which a relatively unspecialized T cell acquires specialized features of a T-helper 2 (Th2) cell. A Th2 cell is a CD4-positive, alpha-beta T cell that has the phenotype GATA-3-positive and produces interleukin-4."" [CL:0000546, GOC:ebc]",21,208,4,26963,0.019230769230769232,0.19047619047619047,query_1,"['GO:0042092', 'GO:0042093']",0
GO:BP,GO:0046683,response to organophosphorus,0.03441006538445594,True,"""Any process that results in a change in state or activity of a cell or an organism (in terms of movement, secretion, enzyme production, gene expression, etc.) as a result of an organophosphorus stimulus. Organophosphorus is a compound containing phosphorus bound to an organic molecule; several organophosphorus compounds are used as insecticides, and they are highly toxic cholinesterase inhibitors."" [ISBN:0721662544]",146,208,8,26963,0.038461538461538464,0.0547945205479452,query_1,['GO:0042221'],0
GO:BP,GO:0043122,regulation of canonical NF-kappaB signal transduction,0.034549489469108595,True,"""Any process that modulates the canonical NF-kappaB signaling cascade."" [GOC:jl, PMID:12773372]",240,208,10,26963,0.04807692307692308,0.041666666666666664,query_1,"['GO:0007249', 'GO:1902531']",0
GO:BP,GO:0006996,organelle organization,0.03524432023561292,True,"""A process that is carried out at the cellular level which results in the assembly, arrangement of constituent parts, or disassembly of an organelle within a cell. An organelle is an organized structure of distinctive morphology and function. Includes the nucleus, mitochondria, plastids, vacuoles, vesicles, ribosomes and the cytoskeleton. Excludes the plasma membrane."" [GOC:mah]",3489,208,49,26963,0.23557692307692307,0.01404413872169676,query_1,['GO:0016043'],0
GO:BP,GO:0048246,macrophage chemotaxis,0.0365646764532804,True,"""The movement of a macrophage in response to an external stimulus."" [GOC:jid]",43,208,5,26963,0.02403846153846154,0.11627906976744186,query_1,"['GO:0030595', 'GO:1905517']",0
GO:BP,GO:1900744,regulation of p38MAPK cascade,0.0365646764532804,True,"""Any process that modulates the frequency, rate or extent of p38MAPK cascade."" [GOC:TermGenie]",43,208,5,26963,0.02403846153846154,0.11627906976744186,query_1,"['GO:0038066', 'GO:0043408']",0
GO:BP,GO:0032733,positive regulation of interleukin-10 production,0.0365646764532804,True,"""Any process that activates or increases the frequency, rate, or extent of interleukin-10 production."" [GOC:mah]",43,208,5,26963,0.02403846153846154,0.11627906976744186,query_1,"['GO:0001819', 'GO:0032613', 'GO:0032653']",0
GO:BP,GO:0050868,negative regulation of T cell activation,0.037968163405194474,True,"""Any process that stops, prevents, or reduces the frequency, rate or extent of T cell activation."" [GOC:ai]",148,208,8,26963,0.038461538461538464,0.05405405405405406,query_1,"['GO:0042110', 'GO:0050863', 'GO:0051250', 'GO:1903038']",0
GO:BP,GO:0045137,development of primary sexual characteristics,0.03951983983631577,True,"""The process whose specific outcome is the progression of the primary sexual characteristics over time, from their formation to the mature structures. The primary sexual characteristics are the testes in males and the ovaries in females and they develop in response to sex hormone secretion."" [GOC:ai]",297,208,11,26963,0.052884615384615384,0.037037037037037035,query_1,"['GO:0003006', 'GO:0007275', 'GO:0007548']",0
GO:BP,GO:0046637,regulation of alpha-beta T cell differentiation,0.0401995459182974,True,"""Any process that modulates the frequency, rate or extent of alpha-beta T cell differentiation."" [GOC:ai]",73,208,6,26963,0.028846153846153848,0.0821917808219178,query_1,"['GO:0045580', 'GO:0046632', 'GO:0046634']",0
GO:BP,GO:0031348,negative regulation of defense response,0.04076122430718224,True,"""Any process that stops, prevents, or reduces the frequency, rate or extent of a defense response."" [GOC:mah]",298,208,11,26963,0.052884615384615384,0.03691275167785235,query_1,"['GO:0006952', 'GO:0031347', 'GO:0048585']",0
GO:BP,GO:0042092,type 2 immune response,0.040995097979784526,True,"""An immune response which is associated with resistance to extracellular organisms such as helminths and pathological conditions such as allergy, which is orchestrated by the production of particular cytokines, most notably IL-4, IL-5, IL-10, and IL-13, by any of a variety of cell types including T-helper 2 cells, eosinophils, basophils, mast cells, and nuocytes, resulting in enhanced production of certain antibody isotypes and other effects."" [GOC:add, ISBN:0781735149, PMID:18000958, PMID:18007680, PMID:20065995, PMID:20200518]",44,208,5,26963,0.02403846153846154,0.11363636363636363,query_1,['GO:0006955'],0
GO:BP,GO:0002824,positive regulation of adaptive immune response based on somatic recombination of immune receptors built from immunoglobulin superfamily domains,0.041830040734279206,True,"""Any process that activates or increases the frequency, rate, or extent of an adaptive immune response based on somatic recombination of immune receptors built from immunoglobulin superfamily domains. An example of this process is found in the Gnathostomata."" [GOC:add, GOC:mtg_sensu]",150,208,8,26963,0.038461538461538464,0.05333333333333334,query_1,"['GO:0002460', 'GO:0002821', 'GO:0002822']",0
GO:BP,GO:0015031,protein transport,0.0421120078086614,True,"""The directed movement of proteins into, out of or within a cell, or between cells, by means of some agent such as a transporter or pore."" [GOC:ai]",1457,208,27,26963,0.12980769230769232,0.018531228551818806,query_1,"['GO:0045184', 'GO:0071705']",0
GO:BP,GO:0001503,ossification,0.042321654750175346,True,"""The formation of bone or of a bony substance, or the conversion of fibrous tissue or of cartilage into bone or a bony substance."" [GOC:mtg_mpo, PMID:17572649]",478,208,14,26963,0.0673076923076923,0.029288702928870293,query_1,['GO:0032501'],0
GO:BP,GO:0009894,regulation of catabolic process,0.045516097253495896,True,"""Any process that modulates the frequency, rate, or extent of the chemical reactions and pathways resulting in the breakdown of substances."" [GOC:go_curators]",978,208,21,26963,0.10096153846153846,0.02147239263803681,query_1,"['GO:0009056', 'GO:0019222']",0
GO:BP,GO:2000321,positive regulation of T-helper 17 cell differentiation,0.04560668799455259,True,"""Any process that activates or increases the frequency, rate or extent of T-helper 17 cell differentiation."" [GOC:BHF, GOC:mah]",8,208,3,26963,0.014423076923076924,0.375,query_1,"['GO:0045624', 'GO:0072539', 'GO:2000318', 'GO:2000319']",0
GO:BP,GO:0032762,mast cell cytokine production,0.04560668799455259,True,"""Any process that contributes to cytokine production by a mast cell."" [GOC:mah]",8,208,3,26963,0.014423076923076924,0.375,query_1,['GO:0061082'],0
GO:BP,GO:0032763,regulation of mast cell cytokine production,0.04560668799455259,True,"""Any process that modulates the frequency, rate, or extent of mast cell cytokine production."" [GOC:mah]",8,208,3,26963,0.014423076923076924,0.375,query_1,"['GO:0002718', 'GO:0032762']",0
GO:BP,GO:0007259,cell surface receptor signaling pathway via JAK-STAT,0.045975311829395224,True,"""A cell surface receptor signaling pathway in which ligand binding causes the receptor to dimerize, bringing the receptor-associated JAKs into close proximity. The JAKs then phosphorylate and activate each other on tyrosine residues.This leads to the activation of associated STAT protein, causing the STATs to dissociate from the receptor, translocate to the nucleus. The pathway ends with regulation of target gene expression by STAT proteins."" [PMID:12039028]",198,208,9,26963,0.04326923076923077,0.045454545454545456,query_1,['GO:0097696'],0
GO:BP,GO:0072676,lymphocyte migration,0.04690493089006948,True,"""The movement of a lymphocyte within or between different tissues and organs of the body."" [CL:0000542, GOC:BHF, GOC:mah]",111,208,7,26963,0.03365384615384615,0.06306306306306306,query_1,['GO:0071674'],0
GO:BP,GO:0080164,regulation of nitric oxide metabolic process,0.04694619158932694,True,"""Any process that modulates the frequency, rate or extent of the chemical reactions and pathways involving nitric oxide, nitrogen monoxide (NO), a colorless gas only slightly soluble in water."" [GOC:DHL]",75,208,6,26963,0.028846153846153848,0.08,query_1,"['GO:0019222', 'GO:0046209']",0
GO:BP,GO:0051402,neuron apoptotic process,0.04726287589333791,True,"""Any apoptotic process in a neuron, the basic cellular unit of nervous tissue. Each neuron consists of a body, an axon, and dendrites. Their purpose is to receive, conduct, and transmit impulses in the nervous system."" [CL:0000540, GOC:mtg_apoptosis]",360,208,12,26963,0.057692307692307696,0.03333333333333333,query_1,['GO:0006915'],0
GO:BP,GO:0044057,regulation of system process,0.04970045773070791,True,"""Any process that modulates the frequency, rate or extent of a system process, a multicellular organismal process carried out by any of the organs or tissues in an organ system."" [GOC:jl]",618,208,16,26963,0.07692307692307693,0.025889967637540454,query_1,"['GO:0003008', 'GO:0051239']",0
GO:BP,GO:2000106,regulation of leukocyte apoptotic process,0.04970815712463476,True,"""Any process that modulates the frequency, rate or extent of leukocyte apoptotic process."" [GOC:BHF, GOC:mtg_apoptosis]",112,208,7,26963,0.03365384615384615,0.0625,query_1,"['GO:0042981', 'GO:0071887']",0
GO:BP,GO:0035556,intracellular signal transduction,2.312426923044725e-05,True,"""The process in which a signal is passed on to downstream components within the cell, which become activated themselves to further propagate the signal and finally trigger a change in the function or state of the cell."" [GOC:bf, GOC:jl, GOC:signaling, ISBN:3527303782]",2885,59,23,26963,0.3898305084745763,0.007972270363951473,query_1,['GO:0007165'],1
GO:BP,GO:0007166,cell surface receptor signaling pathway,0.00031619361669587057,True,"""The series of molecular signals initiated by an extracellular ligand binding to a receptor located on the cell surface. The pathway ends with regulation of a downstream cellular process, e.g. transcription."" [GOC:signaling]",2776,59,21,26963,0.3559322033898305,0.007564841498559078,query_1,['GO:0007165'],1
GO:BP,GO:1903708,positive regulation of hemopoiesis,0.000576396249890685,True,"""Any process that activates or increases the frequency, rate or extent of hemopoiesis."" [GO_REF:0000058, GOC:pad, GOC:PARL, GOC:TermGenie, PMID:20080761]",206,59,7,26963,0.11864406779661017,0.03398058252427184,query_1,"['GO:0002684', 'GO:0010720', 'GO:0030097', 'GO:0051240', 'GO:1903706']",1
GO:BP,GO:1902107,positive regulation of leukocyte differentiation,0.000576396249890685,True,"""Any process that activates or increases the frequency, rate or extent of leukocyte differentiation."" [GOC:add, GOC:TermGenie]",206,59,7,26963,0.11864406779661017,0.03398058252427184,query_1,"['GO:0002521', 'GO:1902105', 'GO:1903708']",1
GO:BP,GO:1902531,regulation of intracellular signal transduction,0.0007331533057427697,True,"""Any process that modulates the frequency, rate or extent of intracellular signal transduction."" [GOC:dph, GOC:signaling, GOC:tb, GOC:TermGenie]",1912,59,17,26963,0.288135593220339,0.00889121338912134,query_1,"['GO:0009966', 'GO:0035556']",1
GO:BP,GO:0009966,regulation of signal transduction,0.0014184430696835525,True,"""Any process that modulates the frequency, rate or extent of signal transduction."" [GOC:sm]",3036,59,21,26963,0.3559322033898305,0.00691699604743083,query_1,"['GO:0007165', 'GO:0010646', 'GO:0023051', 'GO:0048583']",1
GO:BP,GO:0023051,regulation of signaling,0.0016590228489748902,True,"""Any process that modulates the frequency, rate or extent of a signaling process."" [GOC:mtg_signal]",3638,59,23,26963,0.3898305084745763,0.0063221550302363936,query_1,"['GO:0023052', 'GO:0050789']",1
GO:BP,GO:0010646,regulation of cell communication,0.0016671524592327186,True,"""Any process that modulates the frequency, rate or extent of cell communication. Cell communication is the process that mediates interactions between a cell and its surroundings. Encompasses interactions such as signaling or attachment between one cell and another cell, between a cell and an extracellular matrix, or between a cell and any other aspect of its environment."" [GOC:dph, GOC:tb]",3639,59,23,26963,0.3898305084745763,0.006320417697169552,query_1,"['GO:0007154', 'GO:0050794']",1
GO:BP,GO:0044092,negative regulation of molecular function,0.002169739656258567,True,"""Any process that stops or reduces the rate or extent of a molecular function, an elemental biological activity occurring at the molecular level, such as catalysis or binding."" [GO:jl]",251,59,7,26963,0.11864406779661017,0.027888446215139442,query_1,['GO:0065009'],1
GO:BP,GO:0048583,regulation of response to stimulus,0.009295321076062017,True,"""Any process that modulates the frequency, rate or extent of a response to a stimulus. Response to stimulus is a change in state or activity of a cell or an organism (in terms of movement, secretion, enzyme production, gene expression, etc.) as a result of a stimulus."" [GOC:jid]",4015,59,23,26963,0.3898305084745763,0.00572851805728518,query_1,"['GO:0050789', 'GO:0050896']",1
GO:BP,GO:0141124,intracellular signaling cassette,0.009565523681887414,True,"""An intracellular signaling module that is part of larger signaling pathways that can be initiated either intracellularly or by cell surface receptors. Intracellular signaling cassettes are discrete signaling units that are often shared by multiple signaling pathways."" [GOC:ha, GOC:pg]",1806,59,15,26963,0.2542372881355932,0.008305647840531562,query_1,['GO:0035556'],1
GO:BP,GO:0048523,negative regulation of cellular process,0.011620870945127032,True,"""Any process that stops, prevents, or reduces the frequency, rate or extent of a cellular process, any of those that are carried out at the cellular level, but are not necessarily restricted to a single cell. For example, cell communication occurs among more than one cell, but occurs at the cellular level."" [GOC:jid]",5732,59,28,26963,0.4745762711864407,0.004884856943475227,query_1,"['GO:0009987', 'GO:0048519', 'GO:0050794']",1
GO:BP,GO:0009967,positive regulation of signal transduction,0.012866909994198879,True,"""Any process that activates or increases the frequency, rate or extent of signal transduction."" [GOC:sm]",1614,59,14,26963,0.23728813559322035,0.008674101610904586,query_1,"['GO:0007165', 'GO:0009966', 'GO:0010647', 'GO:0023056', 'GO:0048584']",1
GO:BP,GO:0030155,regulation of cell adhesion,0.014532634568774731,True,"""Any process that modulates the frequency, rate or extent of attachment of a cell to another cell or to the extracellular matrix."" [GOC:mah]",800,59,10,26963,0.1694915254237288,0.0125,query_1,"['GO:0007155', 'GO:0050794']",1
GO:BP,GO:1902105,regulation of leukocyte differentiation,0.016906631163119492,True,"""Any process that modulates the frequency, rate or extent of leukocyte differentiation."" [GOC:add, GOC:TermGenie]",343,59,7,26963,0.11864406779661017,0.02040816326530612,query_1,"['GO:0002521', 'GO:1903706']",1
GO:BP,GO:0022407,regulation of cell-cell adhesion,0.021421985166810653,True,"""Any process that modulates the frequency, rate or extent of attachment of a cell to another cell."" [GOC:isa_complete]",498,59,8,26963,0.13559322033898305,0.01606425702811245,query_1,"['GO:0030155', 'GO:0098609']",1
GO:BP,GO:0002520,immune system development,0.02278385984330921,True,"""The process whose specific outcome is the progression of an organismal system whose objective is to provide calibrated responses by an organism to a potential internal or invasive threat, over time, from its formation to the mature structure. A system is a regularly interacting or interdependent group of organs or tissues that work together to carry out a given biological process."" [GOC:add, GOC:dph]",237,59,6,26963,0.1016949152542373,0.02531645569620253,query_1,"['GO:0002376', 'GO:0048731']",1
GO:BP,GO:0045785,positive regulation of cell adhesion,0.023353627495419537,True,"""Any process that activates or increases the frequency, rate or extent of cell adhesion."" [GOC:go_curators]",504,59,8,26963,0.13559322033898305,0.015873015873015872,query_1,"['GO:0007155', 'GO:0030155', 'GO:0048522']",1
GO:BP,GO:0009892,negative regulation of metabolic process,0.025369804999878322,True,"""Any process that stops, prevents, or reduces the frequency, rate or extent of the chemical reactions and pathways within a cell or an organism."" [GOC:go_curators]",3332,59,20,26963,0.3389830508474576,0.006002400960384154,query_1,"['GO:0008152', 'GO:0019222', 'GO:0048523']",1
GO:BP,GO:0030097,hemopoiesis,0.026665413495129218,True,"""The process whose specific outcome is the progression of the myeloid and lymphoid derived organ/tissue systems of the blood and other parts of the body over time, from formation to the mature structure. The site of hemopoiesis is variable during development, but occurs primarily in bone marrow or kidney in many adult vertebrates."" [GOC:dgh, ISBN:0198506732]",1054,59,11,26963,0.1864406779661017,0.010436432637571158,query_1,['GO:0048468'],1
GO:BP,GO:0048519,negative regulation of biological process,0.027156068312588284,True,"""Any process that stops, prevents, or reduces the frequency, rate or extent of a biological process. Biological processes are regulated by many means; examples include the control of gene expression, protein modification or interaction with a protein or substrate molecule."" [GOC:jid]",5981,59,28,26963,0.4745762711864407,0.004681491389399766,query_1,"['GO:0008150', 'GO:0050789']",1
GO:BP,GO:0002521,leukocyte differentiation,0.02750734866917894,True,"""The process in which a relatively unspecialized hemopoietic precursor cell acquires the specialized features of a leukocyte. A leukocyte is an achromatic cell of the myeloid or lymphoid lineages capable of ameboid movement, found in blood or other tissue."" [CL:0000738, GOC:add, PMID:16551264]",680,59,9,26963,0.15254237288135594,0.013235294117647059,query_1,"['GO:0030097', 'GO:0030154']",1
GO:BP,GO:0006950,response to stress,0.027897076291648393,True,"""Any process that results in a change in state or activity of a cell or an organism (in terms of movement, secretion, enzyme production, gene expression, etc.) as a result of a disturbance in organismal or cellular homeostasis, usually, but not necessarily, exogenous (e.g. temperature, humidity, ionizing radiation)."" [GOC:mah]",3966,59,22,26963,0.3728813559322034,0.005547150781643974,query_1,['GO:0050896'],1
GO:BP,GO:0040011,locomotion,0.029786315789861236,True,"""Self-propelled movement of a cell or organism from one location to another."" [GOC:dgh]",1278,59,12,26963,0.2033898305084746,0.009389671361502348,query_1,['GO:0008150'],1
GO:BP,GO:0023052,signaling,0.029870806240473495,True,"""The entirety of a process in which information is transmitted within a biological system. This process begins with an active signal and ends when a cellular response has been triggered."" [GOC:mtg_signal, GOC:mtg_signaling_feb11, GOC:signaling]",7507,59,32,26963,0.5423728813559322,0.004262688157719462,query_1,['GO:0050789'],1
GO:BP,GO:0023056,positive regulation of signaling,0.030988041702584998,True,"""Any process that activates, maintains or increases the frequency, rate or extent of a signaling process."" [GOC:mtg_signal]",1992,59,15,26963,0.2542372881355932,0.007530120481927711,query_1,"['GO:0023051', 'GO:0023052', 'GO:0048518']",1
GO:BP,GO:0010647,positive regulation of cell communication,0.030988041702584998,True,"""Any process that increases the frequency, rate or extent of cell communication. Cell communication is the process that mediates interactions between a cell and its surroundings. Encompasses interactions such as signaling or attachment between one cell and another cell, between a cell and an extracellular matrix, or between a cell and any other aspect of its environment."" [GOC:dph, GOC:tb]",1992,59,15,26963,0.2542372881355932,0.007530120481927711,query_1,"['GO:0007154', 'GO:0010646', 'GO:0048522']",1
GO:BP,GO:0048872,homeostasis of number of cells,0.032727853843836106,True,"""Any biological process involved in the maintenance of the steady-state number of cells within a population of cells."" [GOC:isa_complete]",380,59,7,26963,0.11864406779661017,0.018421052631578946,query_1,['GO:0048871'],1
GO:BP,GO:0007154,cell communication,0.032733206270898506,True,"""Any process that mediates interactions between a cell and its surroundings. Encompasses interactions such as signaling or attachment between one cell and another cell, between a cell and an extracellular matrix, or between a cell and any other aspect of its environment."" [GOC:mah]",7538,59,32,26963,0.5423728813559322,0.0042451578668081715,query_1,['GO:0009987'],1
GO:BP,GO:0071345,cellular response to cytokine stimulus,0.0339998354494416,True,"""Any process that results in a change in state or activity of a cell (in terms of movement, secretion, enzyme production, gene expression, etc.) as a result of a cytokine stimulus."" [GOC:mah]",1082,59,11,26963,0.1864406779661017,0.010166358595194085,query_1,['GO:0034097'],1
GO:BP,GO:0048870,cell motility,0.03625518127428328,True,"""Any process involved in the controlled self-propelled movement of a cell that results in translocation of the cell from one place to another."" [GOC:dgh, GOC:dph, GOC:isa_complete, GOC:mlg]",1769,59,14,26963,0.23728813559322035,0.00791407574901074,query_1,['GO:0009987'],1
GO:BP,GO:0010720,positive regulation of cell development,0.03632176942133917,True,"""Any process that increases the rate, frequency or extent of the progression of the cell over time, from its formation to the mature structure. Cell development does not include the steps involved in committing a cell to a specific fate."" [GOC:BHF, GOC:dph, GOC:tb]",536,59,8,26963,0.13559322033898305,0.014925373134328358,query_1,"['GO:0045597', 'GO:0048468', 'GO:0060284']",1
GO:BP,GO:0016477,cell migration,0.03979419305041436,True,"""The controlled self-propelled movement of a cell from one site to a destination guided by molecular cues."" [GOC:cjm, GOC:dph, GOC:ems, GOC:pf, Wikipedia:Cell_migration]",1544,59,13,26963,0.22033898305084745,0.008419689119170985,query_1,['GO:0048870'],1
GO:BP,GO:0006915,apoptotic process,0.04759380655375481,True,"""A programmed cell death process which begins when a cell receives an internal (e.g. DNA damage) or external signal (e.g. an extracellular death ligand), and proceeds through a series of biochemical events (signaling pathway phase) which trigger an execution phase. The execution phase is the last step of an apoptotic process, and is typically characterized by rounding-up of the cell, retraction of pseudopodes, reduction of cellular volume (pyknosis), chromatin condensation, nuclear fragmentation (karyorrhexis), plasma membrane blebbing and fragmentation of the cell into apoptotic bodies. When the execution phase is completed, the cell has died."" [GOC:cjm, GOC:dhl, GOC:ecd, GOC:go_curators, GOC:mtg_apoptosis, GOC:tb, ISBN:0198506732, PMID:18846107, PMID:21494263]",2066,59,15,26963,0.2542372881355932,0.007260406582768635,query_1,['GO:0012501'],1
GO:BP,GO:0048522,positive regulation of cellular process,2.332673146771564e-22,True,"""Any process that activates or increases the frequency, rate or extent of a cellular process, any of those that are carried out at the cellular level, but are not necessarily restricted to a single cell. For example, cell communication occurs among more than one cell, but occurs at the cellular level."" [GOC:jid]",6243,146,93,26963,0.636986301369863,0.014896684286400768,query_1,"['GO:0009987', 'GO:0048518', 'GO:0050794']",2
GO:BP,GO:0048518,positive regulation of biological process,2.5581715935776902e-21,True,"""Any process that activates or increases the frequency, rate or extent of a biological process. Biological processes are regulated by many means; examples include the control of gene expression, protein modification or interaction with a protein or substrate molecule."" [GOC:jid]",6584,146,94,26963,0.6438356164383562,0.014277035236938032,query_1,"['GO:0008150', 'GO:0050789']",2
GO:BP,GO:0006950,response to stress,7.210432406347464e-20,True,"""Any process that results in a change in state or activity of a cell or an organism (in terms of movement, secretion, enzyme production, gene expression, etc.) as a result of a disturbance in organismal or cellular homeostasis, usually, but not necessarily, exogenous (e.g. temperature, humidity, ionizing radiation)."" [GOC:mah]",3966,146,72,26963,0.4931506849315068,0.018154311649016642,query_1,['GO:0050896'],2
GO:BP,GO:0051239,regulation of multicellular organismal process,1.906968306321982e-19,True,"""Any process that modulates the frequency, rate or extent of a multicellular organismal process, the processes pertinent to the function of a multicellular organism above the cellular level; includes the integrated processes of tissues and organs."" [GOC:ai, GOC:dph, GOC:tb]",3145,146,64,26963,0.4383561643835616,0.020349761526232114,query_1,"['GO:0032501', 'GO:0050789']",2
GO:BP,GO:0035556,intracellular signal transduction,4.528351652663123e-19,True,"""The process in which a signal is passed on to downstream components within the cell, which become activated themselves to further propagate the signal and finally trigger a change in the function or state of the cell."" [GOC:bf, GOC:jl, GOC:signaling, ISBN:3527303782]",2885,146,61,26963,0.4178082191780822,0.021143847487001734,query_1,['GO:0007165'],2
GO:BP,GO:0042981,regulation of apoptotic process,9.223244492720738e-18,True,"""Any process that modulates the occurrence or rate of cell death by apoptotic process."" [GOC:jl, GOC:mtg_apoptosis]",1656,146,46,26963,0.3150684931506849,0.027777777777777776,query_1,"['GO:0006915', 'GO:0043067']",2
GO:BP,GO:0002376,immune system process,1.165107575228711e-17,True,"""Any process involved in the development or functioning of the immune system, an organismal system for calibrated responses to potential internal or invasive threats."" [GO_REF:0000022, GOC:add]",2866,146,59,26963,0.4041095890410959,0.020586182833217028,query_1,['GO:0008150'],2
GO:BP,GO:0006952,defense response,1.2792228132366224e-17,True,"""Reactions, triggered in response to the presence of a foreign body or the occurrence of an injury, which result in restriction of damage to the organism attacked or prevention/recovery from the infection caused by the attack."" [GOC:go_curators]",1837,146,48,26963,0.3287671232876712,0.0261295590636908,query_1,['GO:0006950'],2
GO:BP,GO:0010604,positive regulation of macromolecule metabolic process,1.3167638066414427e-17,True,"""Any process that increases the frequency, rate or extent of the chemical reactions and pathways involving macromolecules, any molecule of high relative molecular mass, the structure of which essentially comprises the multiple repetition of units derived, actually or conceptually, from molecules of low relative molecular mass."" [GOC:dph, GOC:tb]",3404,146,64,26963,0.4383561643835616,0.01880141010575793,query_1,"['GO:0009893', 'GO:0043170', 'GO:0060255']",2
GO:BP,GO:0043067,regulation of programmed cell death,2.7708503500340884e-17,True,"""Any process that modulates the frequency, rate or extent of programmed cell death, cell death resulting from activation of endogenous cellular processes."" [GOC:jl]",1702,146,46,26963,0.3150684931506849,0.02702702702702703,query_1,"['GO:0012501', 'GO:0050794']",2
GO:BP,GO:0006915,apoptotic process,4.075490749393913e-17,True,"""A programmed cell death process which begins when a cell receives an internal (e.g. DNA damage) or external signal (e.g. an extracellular death ligand), and proceeds through a series of biochemical events (signaling pathway phase) which trigger an execution phase. The execution phase is the last step of an apoptotic process, and is typically characterized by rounding-up of the cell, retraction of pseudopodes, reduction of cellular volume (pyknosis), chromatin condensation, nuclear fragmentation (karyorrhexis), plasma membrane blebbing and fragmentation of the cell into apoptotic bodies. When the execution phase is completed, the cell has died."" [GOC:cjm, GOC:dhl, GOC:ecd, GOC:go_curators, GOC:mtg_apoptosis, GOC:tb, ISBN:0198506732, PMID:18846107, PMID:21494263]",2066,146,50,26963,0.3424657534246575,0.02420135527589545,query_1,['GO:0012501'],2
GO:BP,GO:0002682,regulation of immune system process,9.67853591363848e-17,True,"""Any process that modulates the frequency, rate, or extent of an immune system process."" [GOC:add]",1590,146,44,26963,0.3013698630136986,0.027672955974842768,query_1,"['GO:0002376', 'GO:0050789']",2
GO:BP,GO:0007275,multicellular organism development,1.377538007579318e-16,True,"""The biological process whose specific outcome is the progression of a multicellular organism over time from an initial condition (e.g. a zygote or a young adult) to a later condition (e.g. a multicellular animal or an aged adult)."" [GOC:dph, GOC:ems, GOC:isa_complete, GOC:tb]",4886,146,75,26963,0.5136986301369864,0.015349979533360623,query_1,"['GO:0032501', 'GO:0048856']",2
GO:BP,GO:0012501,programmed cell death,1.5909673313842233e-16,True,"""A process which begins when a cell receives an internal or external signal and activates a series of biochemical events (signaling pathway). The process ends with the death of the cell."" [GOC:lr, GOC:mtg_apoptosis]",2133,146,50,26963,0.3424657534246575,0.02344116268166901,query_1,['GO:0008219'],2
GO:BP,GO:0008219,cell death,1.5909673313842233e-16,True,"""Any biological process that results in permanent cessation of all vital functions of a cell. A cell should be considered dead when any one of the following molecular or morphological criteria is met: (1) the cell has lost the integrity of its plasma membrane; (2) the cell, including its nucleus, has undergone complete fragmentation into discrete bodies (frequently referred to as apoptotic bodies). The cell corpse (or its fragments) may be engulfed by an adjacent cell in vivo, but engulfment of whole cells should not be considered a strict criteria to define cell death as, under some circumstances, live engulfed cells can be released from phagosomes (see PMID:18045538)."" [GOC:mah, GOC:mtg_apoptosis, PMID:25236395]",2133,146,50,26963,0.3424657534246575,0.02344116268166901,query_1,['GO:0009987'],2
GO:BP,GO:0009605,response to external stimulus,1.964680508744215e-16,True,"""Any process that results in a change in state or activity of a cell or an organism (in terms of movement, secretion, enzyme production, gene expression, etc.) as a result of an external stimulus."" [GOC:hb]",2624,146,55,26963,0.3767123287671233,0.020960365853658538,query_1,['GO:0050896'],2
GO:BP,GO:0009893,positive regulation of metabolic process,2.915572050177224e-16,True,"""Any process that activates or increases the frequency, rate or extent of the chemical reactions and pathways within a cell or an organism."" [GOC:go_curators]",3725,146,65,26963,0.4452054794520548,0.0174496644295302,query_1,"['GO:0008152', 'GO:0019222', 'GO:0048522']",2
GO:BP,GO:0006954,inflammatory response,4.0211545593352063e-16,True,"""The immediate defensive reaction (by vertebrate tissue) to infection or injury caused by chemical or physical agents. The process is characterized by local vasodilation, extravasation of plasma into intercellular spaces and accumulation of white blood cells and macrophages."" [GO_REF:0000022, ISBN:0198506732]",842,146,33,26963,0.22602739726027396,0.039192399049881234,query_1,['GO:0006952'],2
GO:BP,GO:0051240,positive regulation of multicellular organismal process,4.165320865534074e-16,True,"""Any process that activates or increases the frequency, rate or extent of an organismal process, any of the processes pertinent to the function of an organism above the cellular level; includes the integrated processes of tissues and organs."" [GOC:ai]",1822,146,46,26963,0.3150684931506849,0.025246981339187707,query_1,"['GO:0032501', 'GO:0048518', 'GO:0051239']",2
GO:BP,GO:0042127,regulation of cell population proliferation,1.7585612320691166e-15,True,"""Any process that modulates the frequency, rate or extent of cell proliferation."" [GOC:jl]",1802,146,45,26963,0.3082191780821918,0.024972253052164262,query_1,"['GO:0008283', 'GO:0050794']",2
GO:BP,GO:0001817,regulation of cytokine production,2.0744099775135587e-15,True,"""Any process that modulates the frequency, rate, or extent of production of a cytokine."" [GOC:add, ISBN:0781735149]",825,146,32,26963,0.2191780821917808,0.03878787878787879,query_1,"['GO:0001816', 'GO:0010468', 'GO:0051239']",2
GO:BP,GO:0043068,positive regulation of programmed cell death,2.198139201125344e-15,True,"""Any process that activates or increases the frequency, rate or extent of programmed cell death, cell death resulting from activation of endogenous cellular processes."" [GOC:jl]",646,146,29,26963,0.19863013698630136,0.04489164086687306,query_1,"['GO:0012501', 'GO:0043067', 'GO:0048522']",2
GO:BP,GO:0001816,cytokine production,2.653014498589686e-15,True,"""The appearance of a cytokine due to biosynthesis or secretion following a cellular stimulus, resulting in an increase in its intracellular or extracellular levels."" [GOC:add, ISBN:0781735149]",832,146,32,26963,0.2191780821917808,0.038461538461538464,query_1,"['GO:0010467', 'GO:0032501']",2
GO:BP,GO:0002684,positive regulation of immune system process,4.109893316273952e-15,True,"""Any process that activates or increases the frequency, rate, or extent of an immune system process."" [GOC:add]",1118,146,36,26963,0.2465753424657534,0.03220035778175313,query_1,"['GO:0002376', 'GO:0002682', 'GO:0048518']",2
GO:BP,GO:0032502,developmental process,4.586880185203436e-15,True,"""A biological process whose specific outcome is the progression of an integrated living unit: an anatomical structure (which may be a subcellular structure, cell, tissue, or organ), or organism over time from an initial condition to a later condition."" [GOC:isa_complete]",6876,146,87,26963,0.5958904109589042,0.012652705061082025,query_1,['GO:0008150'],2
GO:BP,GO:0043065,positive regulation of apoptotic process,1.1544178240828352e-14,True,"""Any process that activates or increases the frequency, rate or extent of cell death by apoptotic process."" [GOC:jl, GOC:mtg_apoptosis]",629,146,28,26963,0.1917808219178082,0.04451510333863275,query_1,"['GO:0006915', 'GO:0042981', 'GO:0043068']",2
GO:BP,GO:0008283,cell population proliferation,1.3039416548023114e-14,True,"""The multiplication or reproduction of cells, resulting in the expansion of a cell population."" [GOC:mah, GOC:mb]",2176,146,48,26963,0.3287671232876712,0.022058823529411766,query_1,['GO:0009987'],2
GO:BP,GO:0048856,anatomical structure development,2.0243811258515054e-14,True,"""The biological process whose specific outcome is the progression of an anatomical structure from an initial condition to its mature state. This process begins with the formation of the structure and ends with the mature structure, whatever form that may be including its natural destruction. An anatomical structure is any biological entity that occupies space and is distinguished from its surroundings. Anatomical structures can be macroscopic such as a carpel, or microscopic such as an acrosome."" [GO_REF:0000021]",6290,146,82,26963,0.5616438356164384,0.013036565977742448,query_1,['GO:0032502'],2
GO:BP,GO:0010557,positive regulation of macromolecule biosynthetic process,2.4241010491168084e-14,True,"""Any process that increases the rate, frequency or extent of the chemical reactions and pathways resulting in the formation of a macromolecule, any molecule of high relative molecular mass, the structure of which essentially comprises the multiple repetition of units derived, actually or conceptually, from molecules of low relative molecular mass."" [GOC:dph, GOC:tb]",2708,146,53,26963,0.363013698630137,0.019571639586410634,query_1,"['GO:0009059', 'GO:0009891', 'GO:0010556', 'GO:0010604']",2
GO:BP,GO:0009891,positive regulation of biosynthetic process,3.567693612071695e-14,True,"""Any process that activates or increases the frequency, rate or extent of the chemical reactions and pathways resulting in the formation of substances."" [GOC:go_curators]",2837,146,54,26963,0.3698630136986301,0.01903419104688051,query_1,"['GO:0009058', 'GO:0009889', 'GO:0009893']",2
GO:BP,GO:0044419,biological process involved in interspecies interaction between organisms,3.58083589899811e-14,True,"""Any process evolved to enable an interaction with an organism of a different species."" [GOC:cc]",1950,146,45,26963,0.3082191780821918,0.023076923076923078,query_1,['GO:0008150'],2
GO:BP,GO:0050794,regulation of cellular process,1.047360893010275e-13,True,"""Any process that modulates the frequency, rate or extent of a cellular process, any of those that are carried out at the cellular level, but are not necessarily restricted to a single cell. For example, cell communication occurs among more than one cell, but occurs at the cellular level."" [GOC:go_curators]",12758,146,118,26963,0.8082191780821918,0.00924909860479699,query_1,"['GO:0009987', 'GO:0050789']",2
GO:BP,GO:0009607,response to biotic stimulus,1.2397873679024e-13,True,"""Any process that results in a change in state or activity of a cell or an organism (in terms of movement, secretion, enzyme production, gene expression, etc.) as a result of a biotic stimulus, a stimulus caused or produced by a living organism."" [GOC:hb]",1832,146,43,26963,0.2945205479452055,0.023471615720524017,query_1,['GO:0050896'],2
GO:BP,GO:0070887,cellular response to chemical stimulus,1.8655441014850063e-13,True,"""Any process that results in a change in state or activity of a cell (in terms of movement, secretion, enzyme production, gene expression, etc.) as a result of a chemical stimulus."" [GOC:mah]",2527,146,50,26963,0.3424657534246575,0.019786307874950535,query_1,"['GO:0042221', 'GO:0051716']",2
GO:BP,GO:0001819,positive regulation of cytokine production,1.8717083625921868e-13,True,"""Any process that activates or increases the frequency, rate or extent of production of a cytokine."" [GOC:add, ISBN:0781735149]",527,146,25,26963,0.17123287671232876,0.04743833017077799,query_1,"['GO:0001816', 'GO:0001817', 'GO:0010628', 'GO:0051240']",2
GO:BP,GO:0051707,response to other organism,3.2527869772030943e-13,True,"""Any process that results in a change in state or activity of a cell or an organism (in terms of movement, secretion, enzyme production, gene expression, etc.) as a result of a stimulus from another living organism."" [GOC:ai]",1791,146,42,26963,0.2876712328767123,0.023450586264656615,query_1,"['GO:0043207', 'GO:0044419']",2
GO:BP,GO:0043207,response to external biotic stimulus,3.5191719857070473e-13,True,"""Any process that results in a change in state or activity of a cell or an organism (in terms of movement, secretion, enzyme production, gene expression, etc.) as a result of an external biotic stimulus, an external stimulus caused by, or produced by living things."" [GOC:go_curators]",1795,146,42,26963,0.2876712328767123,0.0233983286908078,query_1,"['GO:0009605', 'GO:0009607']",2
GO:BP,GO:0050789,regulation of biological process,3.939632313342914e-13,True,"""Any process that modulates the frequency, rate or extent of a biological process. Biological processes are regulated by many means; examples include the control of gene expression, protein modification or interaction with a protein or substrate molecule."" [GOC:ai, GOC:go_curators]",13153,146,119,26963,0.815068493150685,0.009047365620010643,query_1,"['GO:0008150', 'GO:0065007']",2
GO:BP,GO:0001775,cell activation,7.4823793052778e-13,True,"""A multicellular organismal process by which exposure to an activating factor such as a cellular or soluble ligand results in a change in the morphology or behavior of a cell."" [GOC:mgi_curators]",1162,146,34,26963,0.2328767123287671,0.029259896729776247,query_1,"['GO:0009987', 'GO:0032501']",2
GO:BP,GO:0051716,cellular response to stimulus,8.848247521986402e-13,True,"""Any process that results in a change in state or activity of a cell (in terms of movement, secretion, enzyme production, gene expression, etc.) as a result of a stimulus. The process begins with detection of the stimulus by a cell and ends with a change in state or activity or the cell."" [GOC:bf, GOC:jl]",8566,146,94,26963,0.6438356164383562,0.010973616623861778,query_1,"['GO:0009987', 'GO:0050896']",2
GO:BP,GO:0008284,positive regulation of cell population proliferation,9.879526035015651e-13,True,"""Any process that activates or increases the rate or extent of cell proliferation."" [GOC:go_curators]",1097,146,33,26963,0.22602739726027396,0.0300820419325433,query_1,"['GO:0008283', 'GO:0042127', 'GO:0048522']",2
GO:BP,GO:0048519,negative regulation of biological process,1.137232411608239e-12,True,"""Any process that stops, prevents, or reduces the frequency, rate or extent of a biological process. Biological processes are regulated by many means; examples include the control of gene expression, protein modification or interaction with a protein or substrate molecule."" [GOC:jid]",5981,146,77,26963,0.5273972602739726,0.012874101320849356,query_1,"['GO:0008150', 'GO:0050789']",2
GO:BP,GO:0048583,regulation of response to stimulus,1.331742365600543e-12,True,"""Any process that modulates the frequency, rate or extent of a response to a stimulus. Response to stimulus is a change in state or activity of a cell or an organism (in terms of movement, secretion, enzyme production, gene expression, etc.) as a result of a stimulus."" [GOC:jid]",4015,146,62,26963,0.4246575342465753,0.015442092154420922,query_1,"['GO:0050789', 'GO:0050896']",2
GO:BP,GO:0030154,cell differentiation,1.7189217319535455e-12,True,"""The cellular developmental process in which a relatively unspecialized cell, e.g. embryonic or regenerative cell, acquires specialized structural and/or functional features that characterize a specific cell. Differentiation includes the processes involved in commitment of a cell to a specific fate and its subsequent development to the mature state."" [ISBN:0198506732]",4795,146,68,26963,0.4657534246575342,0.014181438998957248,query_1,['GO:0048869'],2
GO:BP,GO:0048869,cellular developmental process,1.7376480992136268e-12,True,"""A biological process whose specific outcome is the progression of a cell over time from an initial condition to a later condition."" [GOC:isa_complete]",4796,146,68,26963,0.4657534246575342,0.014178482068390326,query_1,"['GO:0009987', 'GO:0032502']",2
GO:BP,GO:0040011,locomotion,1.886590876097826e-12,True,"""Self-propelled movement of a cell or organism from one location to another."" [GOC:dgh]",1278,146,35,26963,0.23972602739726026,0.027386541471048513,query_1,['GO:0008150'],2
GO:BP,GO:0006955,immune response,2.447862949655139e-12,True,"""Any immune system process that functions in the calibrated response of an organism to a potential internal or invasive threat."" [GO_REF:0000022, GOC:add]",1991,146,43,26963,0.2945205479452055,0.021597187343043698,query_1,"['GO:0002376', 'GO:0050896']",2
GO:BP,GO:0010628,positive regulation of gene expression,2.8076368328117807e-12,True,"""Any process that increases the frequency, rate or extent of gene expression. Gene expression is the process in which a gene's coding sequence is converted into a mature gene product (protein or RNA)."" [GOC:txnOH-2018]",1295,146,35,26963,0.23972602739726026,0.02702702702702703,query_1,"['GO:0010467', 'GO:0010468', 'GO:0010557']",2
GO:BP,GO:1903037,regulation of leukocyte cell-cell adhesion,3.1753375697694255e-12,True,"""Any process that modulates the frequency, rate or extent of leukocyte cell-cell adhesion."" [GO_REF:0000058, GOC:BHF, GOC:rl, GOC:TermGenie, PMID:21106532]",380,146,21,26963,0.14383561643835616,0.05526315789473684,query_1,"['GO:0007159', 'GO:0022407']",2
GO:BP,GO:0050896,response to stimulus,4.7970635606662955e-12,True,"""Any process that results in a change in state or activity of a cell or an organism (in terms of movement, secretion, enzyme production, gene expression, etc.) as a result of a stimulus. The process begins with detection of the stimulus and ends with a change in state or activity or the cell or organism."" [GOC:ai, GOC:bf]",10529,146,104,26963,0.7123287671232876,0.009877481242283218,query_1,['GO:0008150'],2
GO:BP,GO:0065007,biological regulation,6.024923061131007e-12,True,"""Any process that modulates a measurable attribute of any biological process, quality or function."" [GOC:dph, GOC:isa_complete, GOC:mah, GOC:pr, GOC:vw]",13542,146,119,26963,0.815068493150685,0.008787476000590756,query_1,['GO:0008150'],2
GO:BP,GO:0022407,regulation of cell-cell adhesion,6.209351142449709e-12,True,"""Any process that modulates the frequency, rate or extent of attachment of a cell to another cell."" [GOC:isa_complete]",498,146,23,26963,0.15753424657534246,0.04618473895582329,query_1,"['GO:0030155', 'GO:0098609']",2
GO:BP,GO:0007165,signal transduction,7.842398509363414e-12,True,"""The cellular process in which a signal is conveyed to trigger a change in the activity or state of a cell. Signal transduction begins with reception of a signal (e.g. a ligand binding to a receptor or receptor activation by a stimulus such as light), or for signal transduction in the absence of ligand, signal-withdrawal or the activity of a constitutively active receptor. Signal transduction ends with regulation of a downstream cellular process, e.g. regulation of transcription or regulation of a metabolic process. Signal transduction covers signaling from receptors located on the surface of the cell and signaling via molecules located within the cell. For signaling between cells, signal transduction is restricted to events at and within the receiving cell."" [GOC:go_curators, GOC:mtg_signaling_feb11]",6923,146,82,26963,0.5616438356164384,0.01184457605084501,query_1,"['GO:0007154', 'GO:0009987', 'GO:0023052', 'GO:0050794', 'GO:0051716']",2
GO:BP,GO:0045321,leukocyte activation,9.357623346033711e-12,True,"""A change in morphology and behavior of a leukocyte resulting from exposure to a specific antigen, mitogen, cytokine, cellular ligand, or soluble factor."" [GOC:add]",1033,146,31,26963,0.21232876712328766,0.030009680542110357,query_1,"['GO:0001775', 'GO:0002376']",2
GO:BP,GO:0048584,positive regulation of response to stimulus,1.0274893463037326e-11,True,"""Any process that activates, maintains or increases the rate of a response to a stimulus. Response to stimulus is a change in state or activity of a cell or an organism (in terms of movement, secretion, enzyme production, gene expression, etc.) as a result of a stimulus."" [GOC:jid]",2372,146,46,26963,0.3150684931506849,0.0193929173693086,query_1,"['GO:0048518', 'GO:0048583', 'GO:0050896']",2
GO:BP,GO:0034097,response to cytokine,1.199670383375589e-11,True,"""Any process that results in a change in state or activity of a cell or an organism (in terms of movement, secretion, enzyme production, gene expression, etc.) as a result of a cytokine stimulus."" [GOC:sl]",1197,146,33,26963,0.22602739726027396,0.02756892230576441,query_1,['GO:1901652'],2
GO:BP,GO:0141124,intracellular signaling cassette,1.3792966192377942e-11,True,"""An intracellular signaling module that is part of larger signaling pathways that can be initiated either intracellularly or by cell surface receptors. Intracellular signaling cassettes are discrete signaling units that are often shared by multiple signaling pathways."" [GOC:ha, GOC:pg]",1806,146,40,26963,0.273972602739726,0.0221483942414175,query_1,['GO:0035556'],2
GO:BP,GO:0030097,hemopoiesis,1.6108227594372646e-11,True,"""The process whose specific outcome is the progression of the myeloid and lymphoid derived organ/tissue systems of the blood and other parts of the body over time, from formation to the mature structure. The site of hemopoiesis is variable during development, but occurs primarily in bone marrow or kidney in many adult vertebrates."" [GOC:dgh, ISBN:0198506732]",1054,146,31,26963,0.21232876712328766,0.029411764705882353,query_1,['GO:0048468'],2
GO:BP,GO:1901652,response to peptide,1.7074197011424393e-11,True,"""Any process that results in a change in state or activity of a cell or an organism (in terms of movement, secretion, enzyme production, gene expression, etc.) as a result of a peptide stimulus."" [GOC:pr, GOC:TermGenie]",1212,146,33,26963,0.22602739726027396,0.027227722772277228,query_1,['GO:0042221'],2
GO:BP,GO:0007159,leukocyte cell-cell adhesion,2.0877151960195972e-11,True,"""The attachment of a leukocyte to another cell via adhesion molecules."" [GOC:go_curators]",418,146,21,26963,0.14383561643835616,0.050239234449760764,query_1,['GO:0098609'],2
GO:BP,GO:0080134,regulation of response to stress,2.1292846495035575e-11,True,"""Any process that modulates the frequency, rate or extent of a response to stress. Response to stress is a change in state or activity of a cell or an organism (in terms of movement, secretion, enzyme production, gene expression, etc.) as a result of a disturbance in organismal or cellular homeostasis, usually, but not necessarily, exogenous (e.g. temperature, humidity, ionizing radiation)."" [GOC:dhl]",1386,146,35,26963,0.23972602739726026,0.025252525252525252,query_1,"['GO:0006950', 'GO:0048583']",2
GO:BP,GO:0023052,signaling,2.2378587503883374e-11,True,"""The entirety of a process in which information is transmitted within a biological system. This process begins with an active signal and ends when a cellular response has been triggered."" [GOC:mtg_signal, GOC:mtg_signaling_feb11, GOC:signaling]",7507,146,85,26963,0.5821917808219178,0.01132276541894232,query_1,['GO:0050789'],2
GO:BP,GO:0048523,negative regulation of cellular process,2.359796587773041e-11,True,"""Any process that stops, prevents, or reduces the frequency, rate or extent of a cellular process, any of those that are carried out at the cellular level, but are not necessarily restricted to a single cell. For example, cell communication occurs among more than one cell, but occurs at the cellular level."" [GOC:jid]",5732,146,73,26963,0.5,0.012735519888346127,query_1,"['GO:0009987', 'GO:0048519', 'GO:0050794']",2
GO:BP,GO:1903039,positive regulation of leukocyte cell-cell adhesion,2.7524887053040517e-11,True,"""Any process that activates or increases the frequency, rate or extent of leukocyte cell-cell adhesion."" [GO_REF:0000058, GOC:BHF, GOC:rl, GOC:TermGenie, PMID:21106532]",280,146,18,26963,0.1232876712328767,0.06428571428571428,query_1,"['GO:0007159', 'GO:0022409', 'GO:1903037']",2
GO:BP,GO:0022409,positive regulation of cell-cell adhesion,3.078944558279797e-11,True,"""Any process that activates or increases the rate or extent of cell adhesion to another cell."" [GOC:isa_complete]",327,146,19,26963,0.13013698630136986,0.0581039755351682,query_1,"['GO:0022407', 'GO:0045785', 'GO:0098609']",2
GO:BP,GO:0032501,multicellular organismal process,3.520578584994453e-11,True,"""Any biological process, occurring at the level of a multicellular organism, pertinent to its function."" [GOC:curators, GOC:dph, GOC:isa_complete, GOC:tb]",8528,146,91,26963,0.6232876712328768,0.010670731707317074,query_1,['GO:0008150'],2
GO:BP,GO:0048870,cell motility,3.794179389757624e-11,True,"""Any process involved in the controlled self-propelled movement of a cell that results in translocation of the cell from one place to another."" [GOC:dgh, GOC:dph, GOC:isa_complete, GOC:mlg]",1769,146,39,26963,0.2671232876712329,0.022046353872244205,query_1,['GO:0009987'],2
GO:BP,GO:0032101,regulation of response to external stimulus,6.45092929370045e-11,True,"""Any process that modulates the frequency, rate or extent of a response to an external stimulus."" [GOC:mah]",1110,146,31,26963,0.21232876712328766,0.027927927927927927,query_1,"['GO:0009605', 'GO:0048583']",2
GO:BP,GO:0048731,system development,7.841629561576902e-11,True,"""The process whose specific outcome is the progression of an organismal system over time, from its formation to the mature structure. A system is a regularly interacting or interdependent group of organs or tissues that work together to carry out a given biological process."" [GOC:dph, GOC:jid]",4123,146,60,26963,0.410958904109589,0.014552510308028135,query_1,"['GO:0007275', 'GO:0048856']",2
GO:BP,GO:0023051,regulation of signaling,8.306819397628457e-11,True,"""Any process that modulates the frequency, rate or extent of a signaling process."" [GOC:mtg_signal]",3638,146,56,26963,0.3835616438356164,0.015393073117097306,query_1,"['GO:0023052', 'GO:0050789']",2
GO:BP,GO:1902531,regulation of intracellular signal transduction,8.961890319410966e-11,True,"""Any process that modulates the frequency, rate or extent of intracellular signal transduction."" [GOC:dph, GOC:signaling, GOC:tb, GOC:TermGenie]",1912,146,40,26963,0.273972602739726,0.02092050209205021,query_1,"['GO:0009966', 'GO:0035556']",2
GO:BP,GO:0016477,cell migration,9.13321460069428e-11,True,"""The controlled self-propelled movement of a cell from one site to a destination guided by molecular cues."" [GOC:cjm, GOC:dph, GOC:ems, GOC:pf, Wikipedia:Cell_migration]",1544,146,36,26963,0.2465753424657534,0.023316062176165803,query_1,['GO:0048870'],2
GO:BP,GO:0060255,regulation of macromolecule metabolic process,9.574067656536227e-11,True,"""Any process that modulates the frequency, rate or extent of the chemical reactions and pathways involving macromolecules, any molecule of high relative molecular mass, the structure of which essentially comprises the multiple repetition of units derived, actually or conceptually, from molecules of low relative molecular mass."" [GOC:dph, GOC:tb]",6316,146,76,26963,0.5205479452054794,0.012032932235592146,query_1,"['GO:0019222', 'GO:0043170']",2
GO:BP,GO:0007154,cell communication,1.0413748585643183e-10,True,"""Any process that mediates interactions between a cell and its surroundings. Encompasses interactions such as signaling or attachment between one cell and another cell, between a cell and an extracellular matrix, or between a cell and any other aspect of its environment."" [GOC:mah]",7538,146,84,26963,0.5753424657534246,0.01114353940037145,query_1,['GO:0009987'],2
GO:BP,GO:2000026,regulation of multicellular organismal development,1.045740730047756e-10,True,"""Any process that modulates the frequency, rate or extent of multicellular organismal development."" [GOC:obol]",1551,146,36,26963,0.2465753424657534,0.02321083172147002,query_1,"['GO:0007275', 'GO:0050793', 'GO:0051239']",2
GO:BP,GO:0051241,negative regulation of multicellular organismal process,1.237227848986603e-10,True,"""Any process that stops, prevents, or reduces the frequency, rate or extent of an organismal process, the processes pertinent to the function of an organism above the cellular level; includes the integrated processes of tissues and organs."" [GOC:ai]",1218,146,32,26963,0.2191780821917808,0.026272577996715927,query_1,"['GO:0032501', 'GO:0048519', 'GO:0051239']",2
GO:BP,GO:0002694,regulation of leukocyte activation,1.3877759906434773e-10,True,"""Any process that modulates the frequency, rate, or extent of leukocyte activation."" [GOC:add]",577,146,23,26963,0.15753424657534246,0.03986135181975736,query_1,"['GO:0002682', 'GO:0045321', 'GO:0050865']",2
GO:BP,GO:0007166,cell surface receptor signaling pathway,1.6784666060693135e-10,True,"""The series of molecular signals initiated by an extracellular ligand binding to a receptor located on the cell surface. The pathway ends with regulation of a downstream cellular process, e.g. transcription."" [GOC:signaling]",2776,146,48,26963,0.3287671232876712,0.01729106628242075,query_1,['GO:0007165'],2
GO:BP,GO:0010646,regulation of cell communication,3.3843508734290574e-10,True,"""Any process that modulates the frequency, rate or extent of cell communication. Cell communication is the process that mediates interactions between a cell and its surroundings. Encompasses interactions such as signaling or attachment between one cell and another cell, between a cell and an extracellular matrix, or between a cell and any other aspect of its environment."" [GOC:dph, GOC:tb]",3639,146,55,26963,0.3767123287671233,0.015114042319318495,query_1,"['GO:0007154', 'GO:0050794']",2
GO:BP,GO:1901700,response to oxygen-containing compound,4.099908907778279e-10,True,"""Any process that results in a change in state or activity of a cell or an organism (in terms of movement, secretion, enzyme production, gene expression, etc.) as a result of an oxygen-containing compound stimulus."" [GOC:pr, GOC:TermGenie]",2004,146,40,26963,0.273972602739726,0.01996007984031936,query_1,['GO:0042221'],2
GO:BP,GO:0042110,T cell activation,4.720970968634033e-10,True,"""The change in morphology and behavior of a mature or immature T cell resulting from exposure to a mitogen, cytokine, chemokine, cellular ligand, or an antigen for which it is specific."" [GOC:mgi_curators, ISBN:0781735149]",612,146,23,26963,0.15753424657534246,0.03758169934640523,query_1,['GO:0046649'],2
GO:BP,GO:0009888,tissue development,5.392640229956015e-10,True,"""The process whose specific outcome is the progression of a tissue over time, from its formation to the mature structure."" [ISBN:0471245208]",2121,146,41,26963,0.2808219178082192,0.01933050447901933,query_1,['GO:0048856'],2
GO:BP,GO:0031347,regulation of defense response,6.131290934003732e-10,True,"""Any process that modulates the frequency, rate or extent of a defense response."" [GOC:mah]",823,146,26,26963,0.1780821917808219,0.031591737545565005,query_1,"['GO:0006952', 'GO:0080134']",2
GO:BP,GO:0019222,regulation of metabolic process,6.953962607414168e-10,True,"""Any process that modulates the frequency, rate or extent of the chemical reactions and pathways within a cell or an organism."" [GOC:go_curators]",6848,146,78,26963,0.5342465753424658,0.01139018691588785,query_1,"['GO:0008152', 'GO:0050794']",2
GO:BP,GO:0048646,anatomical structure formation involved in morphogenesis,7.653872289508464e-10,True,"""The developmental process pertaining to the initial formation of an anatomical structure from unspecified parts. This process begins with the specific processes that contribute to the appearance of the discrete structure and ends when the structural rudiment is recognizable. An anatomical structure is any biological entity that occupies space and is distinguished from its surroundings. Anatomical structures can be macroscopic such as a carpel, or microscopic such as an acrosome."" [GOC:dph, GOC:jid, GOC:tb]",1219,146,31,26963,0.21232876712328766,0.02543068088597211,query_1,"['GO:0009653', 'GO:0032502']",2
GO:BP,GO:0045785,positive regulation of cell adhesion,7.884000883844077e-10,True,"""Any process that activates or increases the frequency, rate or extent of cell adhesion."" [GOC:go_curators]",504,146,21,26963,0.14383561643835616,0.041666666666666664,query_1,"['GO:0007155', 'GO:0030155', 'GO:0048522']",2
GO:BP,GO:0050865,regulation of cell activation,9.169587289864053e-10,True,"""Any process that modulates the frequency, rate or extent of cell activation, the change in the morphology or behavior of a cell resulting from exposure to an activating factor such as a cellular or soluble ligand."" [GOC:ai]",632,146,23,26963,0.15753424657534246,0.03639240506329114,query_1,"['GO:0001775', 'GO:0050794', 'GO:0051239']",2
GO:BP,GO:0032496,response to lipopolysaccharide,9.86033961903705e-10,True,"""Any process that results in a change in state or activity of an organism (in terms of movement, secretion, enzyme production, gene expression, etc.) as a result of a lipopolysaccharide stimulus; lipopolysaccharide is a major component of the cell wall of gram-negative bacteria."" [GOC:add, ISBN:0721601464]",452,146,20,26963,0.136986301369863,0.04424778761061947,query_1,"['GO:0002237', 'GO:0033993', 'GO:1901700']",2
GO:BP,GO:0050793,regulation of developmental process,1.1211214632968365e-09,True,"""Any process that modulates the frequency, rate or extent of development, the biological process whose specific outcome is the progression of a multicellular organism over time from an initial condition (e.g. a zygote, or a young adult) to a later condition (e.g. a multicellular animal or an aged adult)."" [GOC:go_curators]",2699,146,46,26963,0.3150684931506849,0.017043349388662466,query_1,"['GO:0032502', 'GO:0050789']",2
GO:BP,GO:0009966,regulation of signal transduction,1.1328508109634375e-09,True,"""Any process that modulates the frequency, rate or extent of signal transduction."" [GOC:sm]",3036,146,49,26963,0.3356164383561644,0.016139657444005272,query_1,"['GO:0007165', 'GO:0010646', 'GO:0023051', 'GO:0048583']",2
GO:BP,GO:0046649,lymphocyte activation,1.2428242781669366e-09,True,"""A change in morphology and behavior of a lymphocyte resulting from exposure to a specific antigen, mitogen, cytokine, chemokine, cellular ligand, or soluble factor."" [GOC:mgi_curators, ISBN:0781735149]",849,146,26,26963,0.1780821917808219,0.030624263839811542,query_1,['GO:0045321'],2
GO:BP,GO:0140546,defense response to symbiont,1.3581556375687495e-09,True,"""Reactions triggered in response to the presence of a symbiont that act to protect or prevent damage to the host."" [GOC:pg]",1163,146,30,26963,0.2054794520547945,0.025795356835769563,query_1,['GO:0098542'],2
GO:BP,GO:1901701,cellular response to oxygen-containing compound,1.6955825786903545e-09,True,"""Any process that results in a change in state or activity of a cell (in terms of movement, secretion, enzyme production, gene expression, etc.) as a result of an oxygen-containing compound stimulus."" [GOC:pr, GOC:TermGenie]",1430,146,33,26963,0.22602739726027396,0.023076923076923078,query_1,"['GO:0070887', 'GO:1901700']",2
GO:BP,GO:0002237,response to molecule of bacterial origin,1.866864075140032e-09,True,"""Any process that results in a change in state or activity of an organism (in terms of movement, secretion, enzyme production, gene expression, etc.) as a result of a stimulus by molecules of bacterial origin such as peptides derived from bacterial flagellin."" [GOC:rl, GOC:sm]",468,146,20,26963,0.136986301369863,0.042735042735042736,query_1,"['GO:0009617', 'GO:0043207']",2
GO:BP,GO:0010556,regulation of macromolecule biosynthetic process,1.8922384271551008e-09,True,"""Any process that modulates the rate, frequency or extent of the chemical reactions and pathways resulting in the formation of a macromolecule, any molecule of high relative molecular mass, the structure of which essentially comprises the multiple repetition of units derived, actually or conceptually, from molecules of low relative molecular mass."" [GOC:dph, GOC:tb]",5509,146,68,26963,0.4657534246575342,0.012343438010528226,query_1,"['GO:0009059', 'GO:0009889', 'GO:0060255']",2
GO:BP,GO:0032103,positive regulation of response to external stimulus,2.0976242369519585e-09,True,"""Any process that activates, maintains or increases the rate of a response to an external stimulus."" [GOC:mah]",658,146,23,26963,0.15753424657534246,0.034954407294832825,query_1,"['GO:0009605', 'GO:0032101', 'GO:0048584']",2
GO:BP,GO:0030155,regulation of cell adhesion,2.3341718104079804e-09,True,"""Any process that modulates the frequency, rate or extent of attachment of a cell to another cell or to the extracellular matrix."" [GOC:mah]",800,146,25,26963,0.17123287671232876,0.03125,query_1,"['GO:0007155', 'GO:0050794']",2
GO:BP,GO:0002696,positive regulation of leukocyte activation,2.765162266332568e-09,True,"""Any process that activates or increases the frequency, rate, or extent of leukocyte activation."" [GOC:add]",367,146,18,26963,0.1232876712328767,0.04904632152588556,query_1,"['GO:0002684', 'GO:0002694', 'GO:0045321', 'GO:0050867']",2
GO:BP,GO:0009889,regulation of biosynthetic process,3.2484282492873223e-09,True,"""Any process that modulates the frequency, rate or extent of the chemical reactions and pathways resulting in the formation of substances."" [GOC:go_curators]",5712,146,69,26963,0.4726027397260274,0.01207983193277311,query_1,"['GO:0009058', 'GO:0019222']",2
GO:BP,GO:0098542,defense response to other organism,3.606881701826101e-09,True,"""Reactions triggered in response to the presence of another organism that act to protect the cell or organism from damage caused by that organism."" [GOC:dos]",1294,146,31,26963,0.21232876712328766,0.023956723338485315,query_1,"['GO:0006952', 'GO:0051707']",2
GO:BP,GO:0060326,cell chemotaxis,3.6980967803655886e-09,True,"""The directed movement of a motile cell guided by a specific chemical concentration gradient. Movement may be towards a higher concentration (positive chemotaxis) or towards a lower concentration (negative chemotaxis)."" [GOC:dph]",322,146,17,26963,0.11643835616438356,0.052795031055900624,query_1,"['GO:0006935', 'GO:0016477', 'GO:0070887']",2
GO:BP,GO:1903706,regulation of hemopoiesis,3.997076679310772e-09,True,"""Any process that modulates the frequency, rate or extent of hemopoiesis."" [GO_REF:0000058, GOC:pad, GOC:PARL, GOC:TermGenie, PMID:20080761]",430,146,19,26963,0.13013698630136986,0.044186046511627906,query_1,"['GO:0002682', 'GO:0030097', 'GO:0060284', 'GO:2000026']",2
GO:BP,GO:0002521,leukocyte differentiation,4.103231503207613e-09,True,"""The process in which a relatively unspecialized hemopoietic precursor cell acquires the specialized features of a leukocyte. A leukocyte is an achromatic cell of the myeloid or lymphoid lineages capable of ameboid movement, found in blood or other tissue."" [CL:0000738, GOC:add, PMID:16551264]",680,146,23,26963,0.15753424657534246,0.033823529411764704,query_1,"['GO:0030097', 'GO:0030154']",2
GO:BP,GO:2000145,regulation of cell motility,4.1307111070659294e-09,True,"""Any process that modulates the frequency, rate or extent of cell motility."" [GOC:mah]",1051,146,28,26963,0.1917808219178082,0.02664129400570885,query_1,"['GO:0040012', 'GO:0048870', 'GO:0050794']",2
GO:BP,GO:0002263,cell activation involved in immune response,4.964506060202545e-09,True,"""A change in the morphology or behavior of a cell resulting from exposure to an activating factor such as a cellular or soluble ligand, leading to the initiation or perpetuation of an immune response."" [GO_REF:0000022, GOC:add, ISBN:0781735149]",328,146,17,26963,0.11643835616438356,0.051829268292682924,query_1,"['GO:0001775', 'GO:0002252', 'GO:0006955']",2
GO:BP,GO:0045087,innate immune response,6.1483321873675184e-09,True,"""Innate immune responses are defense responses mediated by germline encoded components that directly recognize components of potential pathogens."" [GO_REF:0000022, GOC:add, GOC:ebc, GOC:mtg_sensu]",989,146,27,26963,0.18493150684931506,0.027300303336703743,query_1,"['GO:0006955', 'GO:0140546']",2
GO:BP,GO:0001568,blood vessel development,6.185910413033128e-09,True,"""The process whose specific outcome is the progression of a blood vessel over time, from its formation to the mature structure. The blood vessel is the vasculature carrying blood."" [GOC:hjd, UBERON:0001981]",764,146,24,26963,0.1643835616438356,0.031413612565445025,query_1,"['GO:0001944', 'GO:0048856']",2
GO:BP,GO:0050867,positive regulation of cell activation,7.62968130304868e-09,True,"""Any process that activates or increases the frequency, rate or extent of activation."" [GOC:ai]",390,146,18,26963,0.1232876712328767,0.046153846153846156,query_1,"['GO:0001775', 'GO:0048522', 'GO:0050865', 'GO:0051240']",2
GO:BP,GO:0071345,cellular response to cytokine stimulus,8.225737224285661e-09,True,"""Any process that results in a change in state or activity of a cell (in terms of movement, secretion, enzyme production, gene expression, etc.) as a result of a cytokine stimulus."" [GOC:mah]",1082,146,28,26963,0.1917808219178082,0.025878003696857672,query_1,['GO:0034097'],2
GO:BP,GO:0051249,regulation of lymphocyte activation,8.304367412413649e-09,True,"""Any process that modulates the frequency, rate or extent of lymphocyte activation."" [GOC:ai]",508,146,20,26963,0.136986301369863,0.03937007874015748,query_1,"['GO:0002694', 'GO:0046649']",2
GO:BP,GO:0040012,regulation of locomotion,1.067034515830115e-08,True,"""Any process that modulates the frequency, rate or extent of locomotion of a cell or organism."" [GOC:ems]",1094,146,28,26963,0.1917808219178082,0.025594149908592323,query_1,"['GO:0040011', 'GO:0050789']",2
GO:BP,GO:0033554,cellular response to stress,1.0993447284188782e-08,True,"""Any process that results in a change in state or activity of a cell (in terms of movement, secretion, enzyme production, gene expression, etc.) as a result of a stimulus indicating the organism is under stress. The stress is usually, but not necessarily, exogenous (e.g. temperature, humidity, ionizing radiation)."" [GOC:mah]",1818,146,36,26963,0.2465753424657534,0.019801980198019802,query_1,"['GO:0006950', 'GO:0051716']",2
GO:BP,GO:0009653,anatomical structure morphogenesis,1.1298023580336834e-08,True,"""The process in which anatomical structures are generated and organized. Morphogenesis pertains to the creation of form."" [GOC:go_curators, ISBN:0521436125]",2769,146,45,26963,0.3082191780821918,0.016251354279523293,query_1,"['GO:0032502', 'GO:0048856']",2
GO:BP,GO:0031349,positive regulation of defense response,1.2227324051640052e-08,True,"""Any process that activates or increases the frequency, rate or extent of a defense response."" [GOC:mah]",519,146,20,26963,0.136986301369863,0.038535645472061654,query_1,"['GO:0006952', 'GO:0031347', 'GO:0048584']",2
GO:BP,GO:1902107,positive regulation of leukocyte differentiation,1.227554809619155e-08,True,"""Any process that activates or increases the frequency, rate or extent of leukocyte differentiation."" [GOC:add, GOC:TermGenie]",206,146,14,26963,0.0958904109589041,0.06796116504854369,query_1,"['GO:0002521', 'GO:1902105', 'GO:1903708']",2
GO:BP,GO:1903708,positive regulation of hemopoiesis,1.227554809619155e-08,True,"""Any process that activates or increases the frequency, rate or extent of hemopoiesis."" [GO_REF:0000058, GOC:pad, GOC:PARL, GOC:TermGenie, PMID:20080761]",206,146,14,26963,0.0958904109589041,0.06796116504854369,query_1,"['GO:0002684', 'GO:0010720', 'GO:0030097', 'GO:0051240', 'GO:1903706']",2
GO:BP,GO:0001944,vasculature development,1.4577180930567411e-08,True,"""The process whose specific outcome is the progression of the vasculature over time, from its formation to the mature structure. The vasculature is an interconnected tubular multi-tissue structure that contains fluid that is actively transported around the organism."" [GOC:dph, UBERON:0002409]",796,146,24,26963,0.1643835616438356,0.03015075376884422,query_1,"['GO:0048731', 'GO:0072359']",2
GO:BP,GO:0043066,negative regulation of apoptotic process,1.7805521211736224e-08,True,"""Any process that stops, prevents, or reduces the frequency, rate or extent of cell death by apoptotic process."" [GOC:jl, GOC:mtg_apoptosis]",1036,146,27,26963,0.18493150684931506,0.026061776061776062,query_1,"['GO:0006915', 'GO:0042981', 'GO:0043069']",2
GO:BP,GO:0050870,positive regulation of T cell activation,1.7806613932051994e-08,True,"""Any process that activates or increases the frequency, rate or extent of T cell activation."" [GOC:ai]",256,146,15,26963,0.10273972602739725,0.05859375,query_1,"['GO:0042110', 'GO:0050863', 'GO:0051251', 'GO:1903039']",2
GO:BP,GO:0080090,regulation of primary metabolic process,1.969997423925626e-08,True,"""Any process that modulates the frequency, rate or extent of the chemical reactions and pathways within a cell or an organism involving those compounds formed as a part of the normal anabolic and catabolic processes. These processes take place in most, if not all, cells of the organism."" [PMID:19211694]",5358,146,65,26963,0.4452054794520548,0.012131392310563644,query_1,"['GO:0019222', 'GO:0044238']",2
GO:BP,GO:0072359,circulatory system development,2.5260278076967675e-08,True,"""The process whose specific outcome is the progression of the circulatory system over time, from its formation to the mature structure. The circulatory system is the organ system that passes nutrients (such as amino acids and electrolytes), gases, hormones, blood cells, etc. to and from cells in the body to help fight diseases and help stabilize body temperature and pH to maintain homeostasis."" [GOC:mah, UBERON:0001009]",1220,146,29,26963,0.19863013698630136,0.023770491803278688,query_1,['GO:0048731'],2
GO:BP,GO:0010468,regulation of gene expression,2.542991796788396e-08,True,"""Any process that modulates the frequency, rate or extent of gene expression. Gene expression is the process in which a gene's coding sequence is converted into a mature gene product (protein or RNA)."" [GOC:txnOH-2018]",5388,146,65,26963,0.4452054794520548,0.01206384558277654,query_1,"['GO:0010467', 'GO:0010556']",2
GO:BP,GO:0043069,negative regulation of programmed cell death,3.405318542599187e-08,True,"""Any process that stops, prevents, or reduces the frequency, rate or extent of programmed cell death, cell death resulting from activation of endogenous cellular processes."" [GOC:jl]",1066,146,27,26963,0.18493150684931506,0.025328330206378986,query_1,"['GO:0012501', 'GO:0043067', 'GO:0048523']",2
GO:BP,GO:0030334,regulation of cell migration,3.83040945180365e-08,True,"""Any process that modulates the frequency, rate or extent of cell migration."" [GOC:go_curators]",990,146,26,26963,0.1780821917808219,0.026262626262626262,query_1,"['GO:0016477', 'GO:2000145']",2
GO:BP,GO:0033993,response to lipid,4.0380365600302284e-08,True,"""Any process that results in a change in state or activity of a cell or an organism (in terms of movement, secretion, enzyme production, gene expression, etc.) as a result of a lipid stimulus."" [GOC:sl]",1158,146,28,26963,0.1917808219178082,0.024179620034542316,query_1,['GO:0042221'],2
GO:BP,GO:0002366,leukocyte activation involved in immune response,4.841094166641171e-08,True,"""A change in morphology and behavior of a leukocyte resulting from exposure to a specific antigen, mitogen, cytokine, cellular ligand, or soluble factor, leading to the initiation or perpetuation of an immune response."" [GOC:add, ISBN:0781735149]",325,146,16,26963,0.1095890410958904,0.04923076923076923,query_1,"['GO:0002263', 'GO:0045321']",2
GO:BP,GO:0050863,regulation of T cell activation,5.500279593458453e-08,True,"""Any process that modulates the frequency, rate or extent of T cell activation."" [GOC:ai]",382,146,17,26963,0.11643835616438356,0.04450261780104712,query_1,"['GO:0042110', 'GO:0051249']",2
GO:BP,GO:0051251,positive regulation of lymphocyte activation,7.266535116181269e-08,True,"""Any process that activates or increases the frequency, rate or extent of lymphocyte activation."" [GOC:ai]",334,146,16,26963,0.1095890410958904,0.04790419161676647,query_1,"['GO:0002696', 'GO:0046649', 'GO:0051249']",2
GO:BP,GO:0002252,immune effector process,1.0411453699471582e-07,True,"""Any process of the immune system that executes a component of an immune response. An effector immune process takes place after its activation."" [GO_REF:0000022, GOC:add, ISBN:0781735149]",799,146,23,26963,0.15753424657534246,0.028785982478097622,query_1,['GO:0002376'],2
GO:BP,GO:0048514,blood vessel morphogenesis,1.2102326947797596e-07,True,"""The process in which the anatomical structures of blood vessels are generated and organized. The blood vessel is the vasculature carrying blood."" [GOC:jid]",659,146,21,26963,0.14383561643835616,0.03186646433990895,query_1,"['GO:0001568', 'GO:0035239']",2
GO:BP,GO:0009617,response to bacterium,1.42024125809948e-07,True,"""Any process that results in a change in state or activity of a cell or an organism (in terms of movement, secretion, enzyme production, gene expression, etc.) as a result of a stimulus from a bacterium."" [GOC:hb]",969,146,25,26963,0.17123287671232876,0.025799793601651185,query_1,['GO:0051707'],2
GO:BP,GO:0048871,multicellular organismal-level homeostasis,2.433145674929812e-07,True,"""Any process involved in the maintenance of an internal steady state at the level of the multicellular organism."" [GOC:isa_complete]",913,146,24,26963,0.1643835616438356,0.02628696604600219,query_1,"['GO:0032501', 'GO:0042592']",2
GO:BP,GO:0019221,cytokine-mediated signaling pathway,2.536858930027688e-07,True,"""The series of molecular signals initiated by the binding of a cytokine to a receptor on the surface of a cell, and ending with the regulation of a downstream cellular process, e.g. transcription."" [GOC:mah, GOC:signaling, PMID:19295629]",483,146,18,26963,0.1232876712328767,0.037267080745341616,query_1,"['GO:0007166', 'GO:0071345']",2
GO:BP,GO:0042592,homeostatic process,2.8256503136767524e-07,True,"""Any biological process involved in the maintenance of an internal steady state."" [GOC:jl, ISBN:0395825172]",1834,146,34,26963,0.2328767123287671,0.018538713195201745,query_1,['GO:0008150'],2
GO:BP,GO:0045893,positive regulation of DNA-templated transcription,3.2024295550180814e-07,True,"""Any process that activates or increases the frequency, rate or extent of cellular DNA-templated transcription."" [GOC:go_curators, GOC:txnOH]",1742,146,33,26963,0.22602739726027396,0.01894374282433984,query_1,"['GO:0006351', 'GO:0006355', 'GO:1902680']",2
GO:BP,GO:0035239,tube morphogenesis,3.237373341424253e-07,True,"""The process in which the anatomical structures of a tube are generated and organized. Epithelial and endothelial tubes transport gases, liquids and cells from one site to another and form the basic structure of many organs and tissues, with tube shape and organization varying from the single-celled excretory organ in Caenorhabditis elegans to the branching trees of the mammalian kidney and insect tracheal system."" [GOC:bf, PMID:14624839]",926,146,24,26963,0.1643835616438356,0.02591792656587473,query_1,"['GO:0009653', 'GO:0035295']",2
GO:BP,GO:1902680,positive regulation of RNA biosynthetic process,3.347726985286538e-07,True,"""Any process that activates or increases the frequency, rate or extent of RNA biosynthetic process."" [GO:jl, GO_REF:0000058, GOC:TermGenie]",1745,146,33,26963,0.22602739726027396,0.018911174785100286,query_1,"['GO:0010557', 'GO:0032774', 'GO:0051254', 'GO:2001141']",2
GO:BP,GO:0048585,negative regulation of response to stimulus,3.347726985286538e-07,True,"""Any process that stops, prevents, or reduces the frequency, rate or extent of a response to a stimulus. Response to stimulus is a change in state or activity of a cell or an organism (in terms of movement, secretion, enzyme production, gene expression, etc.) as a result of a stimulus."" [GOC:jid]",1745,146,33,26963,0.22602739726027396,0.018911174785100286,query_1,"['GO:0048519', 'GO:0048583', 'GO:0050896']",2
GO:BP,GO:0030217,T cell differentiation,3.933320556737553e-07,True,"""The process in which a precursor cell type acquires characteristics of a more mature T-cell. A T cell is a type of lymphocyte whose definin characteristic is the expression of a T cell receptor complex."" [GO_REF:0000022, GOC:jid, GOC:mah]",319,146,15,26963,0.10273972602739725,0.047021943573667714,query_1,"['GO:0030098', 'GO:0042110']",2
GO:BP,GO:0098609,cell-cell adhesion,3.933808629199248e-07,True,"""The attachment of one cell to another cell via adhesion molecules."" [GOC:dos]",935,146,24,26963,0.1643835616438356,0.025668449197860963,query_1,['GO:0007155'],2
GO:BP,GO:0060284,regulation of cell development,4.2864920746775176e-07,True,"""Any process that modulates the rate, frequency or extent of the progression of the cell over time, from its formation to the mature structure. Cell development does not include the steps involved in committing a cell to a specific fate."" [GOC:dph, GOC:tb]",939,146,24,26963,0.1643835616438356,0.025559105431309903,query_1,"['GO:0045595', 'GO:0048468']",2
GO:BP,GO:0045595,regulation of cell differentiation,4.296635107606057e-07,True,"""Any process that modulates the frequency, rate or extent of cell differentiation, the process in which relatively unspecialized cells acquire specialized structural and functional features."" [GOC:go_curators]",1762,146,33,26963,0.22602739726027396,0.01872871736662883,query_1,"['GO:0030154', 'GO:0050793', 'GO:0050794']",2
GO:BP,GO:0045935,positive regulation of nucleobase-containing compound metabolic process,4.3278789463823423e-07,True,"""Any cellular process that activates or increases the frequency, rate or extent of the chemical reactions and pathways involving nucleobases, nucleosides, nucleotides and nucleic acids."" [GOC:go_curators]",2072,146,36,26963,0.2465753424657534,0.017374517374517374,query_1,"['GO:0006139', 'GO:0009893', 'GO:0019219']",2
GO:BP,GO:0023057,negative regulation of signaling,4.4352671269422496e-07,True,"""Any process that stops, prevents, or reduces the frequency, rate or extent of a signaling process."" [GOC:mtg_signal]",1471,146,30,26963,0.2054794520547945,0.020394289598912305,query_1,"['GO:0023051', 'GO:0023052', 'GO:0048519']",2
GO:BP,GO:0097190,apoptotic signaling pathway,4.4997306544071124e-07,True,"""The series of molecular signals which triggers the apoptotic death of a cell. The pathway starts with reception of a signal, and ends when the execution phase of apoptosis is triggered."" [GOC:mtg_apoptosis]",636,146,20,26963,0.136986301369863,0.031446540880503145,query_1,"['GO:0006915', 'GO:0007165']",2
GO:BP,GO:0050900,leukocyte migration,4.851911991784964e-07,True,"""The movement of a leukocyte within or between different tissues and organs of the body."" [GOC:add, ISBN:0781735149, PMID:14680625, PMID:14708592, PMID:7507411, PMID:8600538]",380,146,16,26963,0.1095890410958904,0.042105263157894736,query_1,"['GO:0002376', 'GO:0016477']",2
GO:BP,GO:0071347,cellular response to interleukin-1,4.920859223484563e-07,True,"""Any process that results in a change in state or activity of a cell (in terms of movement, secretion, enzyme production, gene expression, etc.) as a result of an interleukin-1 stimulus."" [GOC:mah]",105,146,10,26963,0.0684931506849315,0.09523809523809523,query_1,"['GO:0070555', 'GO:0071345']",2
GO:BP,GO:0048468,cell development,4.976542944003377e-07,True,"""The cellular developmental process in which a specific cell progresses from an immature to a mature state. Cell development start once cell commitment has taken place."" [GOC:go_curators]",3222,146,46,26963,0.3150684931506849,0.014276846679081317,query_1,"['GO:0030154', 'GO:0048856', 'GO:0048869']",2
GO:BP,GO:0051254,positive regulation of RNA metabolic process,5.058524069017647e-07,True,"""Any process that activates or increases the frequency, rate or extent of the chemical reactions and pathways involving RNA."" [GOC:ai]",1875,146,34,26963,0.2328767123287671,0.018133333333333335,query_1,"['GO:0010604', 'GO:0016070', 'GO:0045935', 'GO:0051252']",2
GO:BP,GO:0008285,negative regulation of cell population proliferation,7.041059742517112e-07,True,"""Any process that stops, prevents or reduces the rate or extent of cell proliferation."" [GOC:go_curators]",726,146,21,26963,0.14383561643835616,0.028925619834710745,query_1,"['GO:0008283', 'GO:0042127', 'GO:0048523']",2
GO:BP,GO:0048513,animal organ development,7.872285171513765e-07,True,"""Development of a tissue or tissues that work together to perform a specific function or functions. Development pertains to the process whose specific outcome is the progression of a structure over time, from its formation to the mature structure. Organs are commonly observed as visibly distinct structures, but may also exist as loosely associated clusters of cells that work together to perform a specific function or functions."" [GOC:dph, GOC:jid]",3267,146,46,26963,0.3150684931506849,0.014080195898377716,query_1,['GO:0048856'],2
GO:BP,GO:0070661,leukocyte proliferation,7.915113058019538e-07,True,"""The expansion of a leukocyte population by cell division."" [GOC:add]",393,146,16,26963,0.1095890410958904,0.04071246819338423,query_1,['GO:0008283'],2
GO:BP,GO:0006935,chemotaxis,8.16925950312952e-07,True,"""The directed movement of a motile cell or organism, or the directed growth of a cell guided by a specific chemical concentration gradient. Movement may be towards a higher concentration (positive chemotaxis) or towards a lower concentration (negative chemotaxis)."" [ISBN:0198506732]",455,146,17,26963,0.11643835616438356,0.03736263736263736,query_1,"['GO:0042221', 'GO:0042330']",2
GO:BP,GO:0070663,regulation of leukocyte proliferation,8.718576594858466e-07,True,"""Any process that modulates the frequency, rate or extent of leukocyte proliferation."" [GOC:add, GOC:mah]",284,146,14,26963,0.0958904109589041,0.04929577464788732,query_1,"['GO:0042127', 'GO:0070661']",2
GO:BP,GO:0042330,taxis,8.733266106267527e-07,True,"""The directed movement of a motile cell or organism in response to an external stimulus."" [GOC:jl, ISBN:0192801023]",457,146,17,26963,0.11643835616438356,0.037199124726477024,query_1,"['GO:0009605', 'GO:0040011']",2
GO:BP,GO:1901698,response to nitrogen compound,9.016880067073257e-07,True,"""Any process that results in a change in state or activity of a cell or an organism (in terms of movement, secretion, enzyme production, gene expression, etc.) as a result of a nitrogen compound stimulus."" [GOC:pr, GOC:TermGenie]",1146,146,26,26963,0.1780821917808219,0.02268760907504363,query_1,['GO:0042221'],2
GO:BP,GO:0009968,negative regulation of signal transduction,9.55733005086892e-07,True,"""Any process that stops, prevents, or reduces the frequency, rate or extent of signal transduction."" [GOC:sm]",1330,146,28,26963,0.1917808219178082,0.021052631578947368,query_1,"['GO:0007165', 'GO:0009966', 'GO:0010648', 'GO:0023057', 'GO:0048585']",2
GO:BP,GO:1902105,regulation of leukocyte differentiation,1.0709641865196485e-06,True,"""Any process that modulates the frequency, rate or extent of leukocyte differentiation."" [GOC:add, GOC:TermGenie]",343,146,15,26963,0.10273972602739725,0.043731778425655975,query_1,"['GO:0002521', 'GO:1903706']",2
GO:BP,GO:0097530,granulocyte migration,1.2921079494185143e-06,True,"""The movement of a granulocyte within or between different tissues and organs of the body."" [GOC:cvs, PMID:24163421, PMID:24193336]",153,146,11,26963,0.07534246575342465,0.0718954248366013,query_1,['GO:0097529'],2
GO:BP,GO:0009719,response to endogenous stimulus,1.5133834940829358e-06,True,"""Any process that results in a change in state or activity of a cell or an organism (in terms of movement, secretion, enzyme production, gene expression, etc.) as a result of a stimulus arising within the organism."" [GOC:sm]",1648,146,31,26963,0.21232876712328766,0.018810679611650484,query_1,['GO:0050896'],2
GO:BP,GO:2000147,positive regulation of cell motility,1.6142610735313722e-06,True,"""Any process that activates or increases the frequency, rate or extent of cell motility."" [GOC:mah]",612,146,19,26963,0.13013698630136986,0.03104575163398693,query_1,"['GO:0040017', 'GO:0048522', 'GO:0048870', 'GO:2000145']",2
GO:BP,GO:0050729,positive regulation of inflammatory response,1.7012227216636745e-06,True,"""Any process that activates or increases the frequency, rate or extent of the inflammatory response."" [GOC:ai]",157,146,11,26963,0.07534246575342465,0.07006369426751592,query_1,"['GO:0006954', 'GO:0031349', 'GO:0032103', 'GO:0050727']",2
GO:BP,GO:0032943,mononuclear cell proliferation,1.924994081499335e-06,True,"""The expansion of a mononuclear cell population by cell division. A mononuclear cell is a leukocyte with a single non-segmented nucleus in the mature form."" [GOC:add]",358,146,15,26963,0.10273972602739725,0.04189944134078212,query_1,['GO:0070661'],2
GO:BP,GO:0010648,negative regulation of cell communication,2.120284972297523e-06,True,"""Any process that decreases the frequency, rate or extent of cell communication. Cell communication is the process that mediates interactions between a cell and its surroundings. Encompasses interactions such as signaling or attachment between one cell and another cell, between a cell and an extracellular matrix, or between a cell and any other aspect of its environment."" [GOC:dph, GOC:tb]",1474,146,29,26963,0.19863013698630136,0.01967435549525102,query_1,"['GO:0007154', 'GO:0010646', 'GO:0048523']",2
GO:BP,GO:1903131,mononuclear cell differentiation,2.1337875896098773e-06,True,"""The process in which a relatively unspecialized cell acquires the specialized features of a mononuclear cell."" [CL:0000842, GO_REF:0000086, GOC:TermGenie, PMID:24759906]",552,146,18,26963,0.1232876712328767,0.03260869565217391,query_1,['GO:0002521'],2
GO:BP,GO:0002440,production of molecular mediator of immune response,2.357291969307876e-06,True,"""The synthesis or release of any molecular mediator of the immune response, resulting in an increase in its intracellular or extracellular levels."" [GO_REF:0000022, GOC:add, ISBN:0781735149]",254,146,13,26963,0.08904109589041095,0.051181102362204724,query_1,"['GO:0002376', 'GO:0010467']",2
GO:BP,GO:0040017,positive regulation of locomotion,2.5340876497441383e-06,True,"""Any process that activates or increases the frequency, rate or extent of locomotion of a cell or organism."" [GOC:go_curators]",629,146,19,26963,0.13013698630136986,0.030206677265500796,query_1,"['GO:0040011', 'GO:0040012', 'GO:0048518']",2
GO:BP,GO:0032946,positive regulation of mononuclear cell proliferation,2.8834520772910686e-06,True,"""Any process that activates or increases the frequency, rate or extent of mononuclear cell proliferation."" [GOC:add]",165,146,11,26963,0.07534246575342465,0.06666666666666667,query_1,"['GO:0032943', 'GO:0032944', 'GO:0070665']",2
GO:BP,GO:0001525,angiogenesis,2.9107730448354313e-06,True,"""Blood vessel formation when new vessels emerge from the proliferation of pre-existing blood vessels."" [ISBN:0878932453]",563,146,18,26963,0.1232876712328767,0.03197158081705151,query_1,"['GO:0048514', 'GO:0048646']",2
GO:BP,GO:1990266,neutrophil migration,2.9840002069345406e-06,True,"""The movement of a neutrophil within or between different tissues and organs of the body."" [PMID:1826836]",126,146,10,26963,0.0684931506849315,0.07936507936507936,query_1,['GO:0097530'],2
GO:BP,GO:0071621,granulocyte chemotaxis,2.9840002069345406e-06,True,"""The movement of a granulocyte in response to an external stimulus."" [GOC:rph]",126,146,10,26963,0.0684931506849315,0.07936507936507936,query_1,"['GO:0030595', 'GO:0097530']",2
GO:BP,GO:0002831,regulation of response to biotic stimulus,3.0774648472531047e-06,True,"""Any process that modulates the frequency, rate, or extent of a response to biotic stimulus."" [GOC:add]",565,146,18,26963,0.1232876712328767,0.03185840707964602,query_1,"['GO:0009607', 'GO:0048583']",2
GO:BP,GO:0032944,regulation of mononuclear cell proliferation,3.2779656072677057e-06,True,"""Any process that modulates the frequency, rate or extent of mononuclear cell proliferation."" [GOC:add]",261,146,13,26963,0.08904109589041095,0.04980842911877394,query_1,"['GO:0032943', 'GO:0070663']",2
GO:BP,GO:0002697,regulation of immune effector process,3.416268087080749e-06,True,"""Any process that modulates the frequency, rate, or extent of an immune effector process."" [GOC:add]",435,146,16,26963,0.1095890410958904,0.0367816091954023,query_1,"['GO:0002252', 'GO:0002682']",2
GO:BP,GO:0071222,cellular response to lipopolysaccharide,3.4692314368671943e-06,True,"""Any process that results in a change in state or activity of a cell (in terms of movement, secretion, enzyme production, gene expression, etc.) as a result of a lipopolysaccharide stimulus; lipopolysaccharide is a major component of the cell wall of gram-negative bacteria."" [GOC:mah]",316,146,14,26963,0.0958904109589041,0.04430379746835443,query_1,"['GO:0032496', 'GO:0071219', 'GO:0071396', 'GO:1901701']",2
GO:BP,GO:1902533,positive regulation of intracellular signal transduction,3.568045378038323e-06,True,"""Any process that activates or increases the frequency, rate or extent of intracellular signal transduction."" [GOC:BHF, GOC:dph, GOC:signaling, GOC:tb, GOC:TermGenie]",1133,146,25,26963,0.17123287671232876,0.02206531332744925,query_1,"['GO:0009967', 'GO:0035556', 'GO:1902531']",2
GO:BP,GO:0070555,response to interleukin-1,4.365752056716502e-06,True,"""Any process that results in a change in state or activity of a cell or an organism (in terms of movement, secretion, enzyme production, gene expression, etc.) as a result of an interleukin-1 stimulus."" [GOC:BHF, GOC:mah]",131,146,10,26963,0.0684931506849315,0.07633587786259542,query_1,['GO:0034097'],2
GO:BP,GO:0071219,cellular response to molecule of bacterial origin,4.5946937712072645e-06,True,"""Any process that results in a change in state or activity of a cell (in terms of movement, secretion, enzyme production, gene expression, etc.) as a result of a stimulus by molecules of bacterial origin such as peptides derived from bacterial flagellin."" [GOC:mah]",323,146,14,26963,0.0958904109589041,0.043343653250773995,query_1,"['GO:0002237', 'GO:0071216']",2
GO:BP,GO:0045944,positive regulation of transcription by RNA polymerase II,4.5999930302911095e-06,True,"""Any process that activates or increases the frequency, rate or extent of transcription from an RNA polymerase II promoter."" [GOC:go_curators, GOC:txnOH]",1332,146,27,26963,0.18493150684931506,0.02027027027027027,query_1,"['GO:0006357', 'GO:0006366', 'GO:0045893']",2
GO:BP,GO:0002286,T cell activation involved in immune response,4.701949276171803e-06,True,"""The change in morphology and behavior of a mature or immature T cell resulting from exposure to a mitogen, cytokine, chemokine, cellular ligand, or an antigen for which it is specific, leading to the initiation or perpetuation of an immune response."" [GOC:add, ISBN:0781735149]",132,146,10,26963,0.0684931506849315,0.07575757575757576,query_1,"['GO:0002285', 'GO:0042110']",2
GO:BP,GO:0030335,positive regulation of cell migration,4.894986190896471e-06,True,"""Any process that activates or increases the frequency, rate or extent of cell migration."" [GOC:go_curators]",582,146,18,26963,0.1232876712328767,0.030927835051546393,query_1,"['GO:0016477', 'GO:0030334', 'GO:2000147']",2
GO:BP,GO:0051246,regulation of protein metabolic process,4.924060507401879e-06,True,"""Any process that modulates the frequency, rate or extent of the chemical reactions and pathways involving a protein."" [GOC:ai]",1835,146,32,26963,0.2191780821917808,0.017438692098092644,query_1,"['GO:0019538', 'GO:0060255', 'GO:0080090']",2
GO:BP,GO:0050727,regulation of inflammatory response,5.353487770363991e-06,True,"""Any process that modulates the frequency, rate or extent of the inflammatory response, the immediate defensive reaction (by vertebrate tissue) to infection or injury caused by chemical or physical agents."" [GOC:ai]",386,146,15,26963,0.10273972602739725,0.038860103626943004,query_1,"['GO:0006954', 'GO:0031347', 'GO:0032101']",2
GO:BP,GO:0051093,negative regulation of developmental process,6.932651443191912e-06,True,"""Any process that stops, prevents or reduces the rate or extent of development, the biological process whose specific outcome is the progression of an organism over time from an initial condition (e.g. a zygote, or a young adult) to a later condition (e.g. a multicellular animal or an aged adult)."" [GOC:ai]",1081,146,24,26963,0.1643835616438356,0.022201665124884366,query_1,"['GO:0032502', 'GO:0048519', 'GO:0050793']",2
GO:BP,GO:0030098,lymphocyte differentiation,7.1110733617203564e-06,True,"""The process in which a relatively unspecialized precursor cell acquires specialized features of a lymphocyte. A lymphocyte is a leukocyte commonly found in the blood and lymph that has the characteristics of a large nucleus, a neutral staining cytoplasm, and prominent heterochromatin."" [CL:0000542, GOC:go_curators]",458,146,16,26963,0.1095890410958904,0.034934497816593885,query_1,"['GO:0046649', 'GO:1903131']",2
GO:BP,GO:0033002,muscle cell proliferation,7.324628429227734e-06,True,"""The expansion of a muscle cell population by cell division."" [CL:0000187, GOC:mah]",279,146,13,26963,0.08904109589041095,0.04659498207885305,query_1,['GO:0008283'],2
GO:BP,GO:0051247,positive regulation of protein metabolic process,7.447657939581977e-06,True,"""Any process that activates or increases the frequency, rate or extent of the chemical reactions and pathways involving a protein."" [GOC:ai]",1085,146,24,26963,0.1643835616438356,0.022119815668202765,query_1,"['GO:0010604', 'GO:0019538', 'GO:0051246']",2
GO:BP,GO:0070665,positive regulation of leukocyte proliferation,7.645673300587503e-06,True,"""Any process that activates or increases the frequency, rate or extent of leukocyte proliferation."" [GOC:add, GOC:mah]",181,146,11,26963,0.07534246575342465,0.06077348066298342,query_1,"['GO:0008284', 'GO:0070661', 'GO:0070663']",2
GO:BP,GO:0030593,neutrophil chemotaxis,8.472929532113307e-06,True,"""The directed movement of a neutrophil cell, the most numerous polymorphonuclear leukocyte found in the blood, in response to an external stimulus, usually an infection or wounding."" [GOC:jl, ISBN:0198506732]",103,146,9,26963,0.06164383561643835,0.08737864077669903,query_1,"['GO:0071621', 'GO:1990266']",2
GO:BP,GO:0097191,extrinsic apoptotic signaling pathway,8.775298163256105e-06,True,"""The series of molecular signals in which a signal is conveyed from the cell surface to trigger the apoptotic death of a cell. The pathway starts with either a ligand binding to a cell surface receptor, or a ligand being withdrawn from a cell surface receptor (e.g. in the case of signaling by dependence receptors), and ends when the execution phase of apoptosis is triggered."" [GOC:mtg_apoptosis, GOC:yaf, PMID:17340152]",231,146,12,26963,0.0821917808219178,0.05194805194805195,query_1,"['GO:0007166', 'GO:0097190']",2
GO:BP,GO:0051094,positive regulation of developmental process,1.0109365525822332e-05,True,"""Any process that activates or increases the rate or extent of development, the biological process whose specific outcome is the progression of an organism over time from an initial condition (e.g. a zygote, or a young adult) to a later condition (e.g. a multicellular animal or an aged adult)."" [GOC:ai]",1480,146,28,26963,0.1917808219178082,0.01891891891891892,query_1,"['GO:0032502', 'GO:0048518', 'GO:0050793']",2
GO:BP,GO:0050776,regulation of immune response,1.0240261951205985e-05,True,"""Any process that modulates the frequency, rate or extent of the immune response, the immunological reaction of an organism to an immunogenic stimulus."" [GOC:ai]",928,146,22,26963,0.1506849315068493,0.023706896551724137,query_1,"['GO:0002682', 'GO:0006955', 'GO:0048583']",2
GO:BP,GO:0002367,cytokine production involved in immune response,1.0943552276594999e-05,True,"""The appearance of a cytokine due to biosynthesis or secretion following a cellular stimulus contributing to an immune response, resulting in an increase in its intracellular or extracellular levels."" [GO_REF:0000022, GOC:add, ISBN:0781735149]",144,146,10,26963,0.0684931506849315,0.06944444444444445,query_1,"['GO:0001816', 'GO:0002440', 'GO:0006955']",2
GO:BP,GO:0002718,regulation of cytokine production involved in immune response,1.0943552276594999e-05,True,"""Any process that modulates the frequency, rate, or extent of cytokine production that contributes to an immune response."" [GOC:add]",144,146,10,26963,0.0684931506849315,0.06944444444444445,query_1,"['GO:0001817', 'GO:0002367', 'GO:0002700']",2
GO:BP,GO:0097529,myeloid leukocyte migration,1.1157863572706871e-05,True,"""The movement of a myeloid leukocyte within or between different tissues and organs of the body."" [GOC:cvs, PMID:22342843, PMID:24157461]",236,146,12,26963,0.0821917808219178,0.05084745762711865,query_1,['GO:0050900'],2
GO:BP,GO:0045088,regulation of innate immune response,1.1550535705345595e-05,True,"""Any process that modulates the frequency, rate or extent of the innate immune response, the organism's first line of defense against infection."" [GOC:ebc]",474,146,16,26963,0.1095890410958904,0.03375527426160337,query_1,"['GO:0002831', 'GO:0031347', 'GO:0032101', 'GO:0045087', 'GO:0050776']",2
GO:BP,GO:0002699,positive regulation of immune effector process,1.1637371054926447e-05,True,"""Any process that activates or increases the frequency, rate, or extent of an immune effector process."" [GOC:add]",290,146,13,26963,0.08904109589041095,0.04482758620689655,query_1,"['GO:0002252', 'GO:0002684', 'GO:0002697']",2
GO:BP,GO:0030099,myeloid cell differentiation,1.1898469485981201e-05,True,"""The process in which a relatively unspecialized myeloid precursor cell acquires the specialized features of any cell of the myeloid leukocyte, megakaryocyte, thrombocyte, or erythrocyte lineages."" [GOC:add, ISBN:0781735149]",475,146,16,26963,0.1095890410958904,0.03368421052631579,query_1,"['GO:0030097', 'GO:0030154']",2
GO:BP,GO:0008630,intrinsic apoptotic signaling pathway in response to DNA damage,1.2906237093128933e-05,True,"""The series of molecular signals in which an intracellular signal is conveyed to trigger the apoptotic death of a cell. The pathway is induced by the detection of DNA damage, and ends when the execution phase of apoptosis is triggered."" [GOC:go_curators, GOC:mtg_apoptosis]",108,146,9,26963,0.06164383561643835,0.08333333333333333,query_1,"['GO:0006974', 'GO:0097193']",2
GO:BP,GO:0046651,lymphocyte proliferation,1.3722725092806766e-05,True,"""The expansion of a lymphocyte population by cell division."" [GOC:ai]",352,146,14,26963,0.0958904109589041,0.03977272727272727,query_1,"['GO:0032943', 'GO:0046649']",2
GO:BP,GO:0071216,cellular response to biotic stimulus,1.4223853713823792e-05,True,"""Any process that results in a change in state or activity of a cell (in terms of movement, secretion, enzyme production, gene expression, etc.) as a result of a biotic stimulus, a stimulus caused or produced by a living organism."" [GOC:mah]",353,146,14,26963,0.0958904109589041,0.039660056657223795,query_1,"['GO:0009607', 'GO:0051716']",2
GO:BP,GO:0009725,response to hormone,1.493338324186157e-05,True,"""Any process that results in a change in state or activity of a cell or an organism (in terms of movement, secretion, enzyme production, gene expression, etc.) as a result of a hormone stimulus."" [GOC:jl]",1035,146,23,26963,0.15753424657534246,0.022222222222222223,query_1,"['GO:0009719', 'GO:0042221']",2
GO:BP,GO:0002683,negative regulation of immune system process,1.5584917828919717e-05,True,"""Any process that stops, prevents, or reduces the frequency, rate, or extent of an immune system process."" [GOC:add]",554,146,17,26963,0.11643835616438356,0.030685920577617327,query_1,"['GO:0002376', 'GO:0002682', 'GO:0048519']",2
GO:BP,GO:0045639,positive regulation of myeloid cell differentiation,1.644581357051968e-05,True,"""Any process that activates or increases the frequency, rate or extent of myeloid cell differentiation."" [GOC:go_curators]",111,146,9,26963,0.06164383561643835,0.08108108108108109,query_1,"['GO:0030099', 'GO:0045597', 'GO:0045637']",2
GO:BP,GO:0071396,cellular response to lipid,1.8536637933939882e-05,True,"""Any process that results in a change in state or activity of a cell (in terms of movement, secretion, enzyme production, gene expression, etc.) as a result of a lipid stimulus."" [GOC:mah]",791,146,20,26963,0.136986301369863,0.025284450063211124,query_1,"['GO:0033993', 'GO:0070887']",2
GO:BP,GO:0045597,positive regulation of cell differentiation,2.3097512898151087e-05,True,"""Any process that activates or increases the frequency, rate or extent of cell differentiation."" [GOC:go_curators]",971,146,22,26963,0.1506849315068493,0.02265705458290422,query_1,"['GO:0030154', 'GO:0045595', 'GO:0048522', 'GO:0051094']",2
GO:BP,GO:0034612,response to tumor necrosis factor,2.645223674307727e-05,True,"""Any process that results in a change in state or activity of a cell or an organism (in terms of movement, secretion, enzyme production, gene expression, etc.) as a result of a tumor necrosis factor stimulus."" [GOC:mah]",255,146,12,26963,0.0821917808219178,0.047058823529411764,query_1,['GO:0034097'],2
GO:BP,GO:0002695,negative regulation of leukocyte activation,2.6568139932270385e-05,True,"""Any process that stops, prevents, or reduces the frequency, rate, or extent of leukocyte activation."" [GOC:add]",204,146,11,26963,0.07534246575342465,0.05392156862745098,query_1,"['GO:0002683', 'GO:0002694', 'GO:0045321', 'GO:0050866']",2
GO:BP,GO:0050670,regulation of lymphocyte proliferation,2.8845595944756212e-05,True,"""Any process that modulates the frequency, rate or extent of lymphocyte proliferation."" [GOC:ai]",257,146,12,26963,0.0821917808219178,0.04669260700389105,query_1,"['GO:0032944', 'GO:0046651', 'GO:0051249']",2
GO:BP,GO:0034341,response to type II interferon,3.197688398317727e-05,True,"""Any process that results in a change in state or activity of a cell or an organism (in terms of movement, secretion, enzyme production, gene expression, etc.) as a result of an interferon-gamma stimulus. Interferon-gamma is also known as type II interferon."" [GOC:add, ISBN:0126896631, PMID:15546383]",161,146,10,26963,0.0684931506849315,0.062111801242236024,query_1,"['GO:0034097', 'GO:0045087']",2
GO:BP,GO:0050671,positive regulation of lymphocyte proliferation,3.3924453482133025e-05,True,"""Any process that activates or increases the rate or extent of lymphocyte proliferation."" [GOC:ai]",162,146,10,26963,0.0684931506849315,0.06172839506172839,query_1,"['GO:0032946', 'GO:0046651', 'GO:0050670', 'GO:0051251']",2
GO:BP,GO:0010647,positive regulation of cell communication,3.5063461280742695e-05,True,"""Any process that increases the frequency, rate or extent of cell communication. Cell communication is the process that mediates interactions between a cell and its surroundings. Encompasses interactions such as signaling or attachment between one cell and another cell, between a cell and an extracellular matrix, or between a cell and any other aspect of its environment."" [GOC:dph, GOC:tb]",1992,146,32,26963,0.2191780821917808,0.01606425702811245,query_1,"['GO:0007154', 'GO:0010646', 'GO:0048522']",2
GO:BP,GO:0023056,positive regulation of signaling,3.5063461280742695e-05,True,"""Any process that activates, maintains or increases the frequency, rate or extent of a signaling process."" [GOC:mtg_signal]",1992,146,32,26963,0.2191780821917808,0.01606425702811245,query_1,"['GO:0023051', 'GO:0023052', 'GO:0048518']",2
GO:BP,GO:0007155,cell adhesion,3.556092995856376e-05,True,"""The attachment of a cell, either to another cell or to an underlying substrate such as the extracellular matrix, via cell adhesion molecules."" [GOC:hb, GOC:pf]",1468,146,27,26963,0.18493150684931506,0.018392370572207085,query_1,['GO:0009987'],2
GO:BP,GO:0048872,homeostasis of number of cells,3.5920481532124255e-05,True,"""Any biological process involved in the maintenance of the steady-state number of cells within a population of cells."" [GOC:isa_complete]",380,146,14,26963,0.0958904109589041,0.03684210526315789,query_1,['GO:0048871'],2
GO:BP,GO:0035295,tube development,3.780738603513056e-05,True,"""The process whose specific outcome is the progression of a tube over time, from its initial formation to a mature structure. Epithelial and endothelial tubes transport gases, liquids and cells from one site to another and form the basic structure of many organs and tissues including lung and trachea, kidney, the mammary gland, the vascular system and the gastrointestinal and urinary-genital tracts."" [PMID:12526790]",1181,146,24,26963,0.1643835616438356,0.02032176121930567,query_1,"['GO:0007275', 'GO:0048856']",2
GO:BP,GO:0042221,response to chemical,3.882782614474993e-05,True,"""Any process that results in a change in state or activity of a cell or an organism (in terms of movement, secretion, enzyme production, gene expression, etc.) as a result of a chemical stimulus."" [GOC:jl]",5487,146,59,26963,0.4041095890410959,0.010752688172043012,query_1,['GO:0050896'],2
GO:BP,GO:0002460,adaptive immune response based on somatic recombination of immune receptors built from immunoglobulin superfamily domains,3.908529837148834e-05,True,"""An immune response mediated by lymphocytes expressing specific receptors for antigen produced through a somatic diversification process that includes somatic recombination of germline gene segments encoding immunoglobulin superfamily domains. Recombined receptors for antigen encoded by immunoglobulin superfamily domains include T cell receptors and immunoglobulins (antibodies) produced by B cells. The first encounter with antigen elicits a primary immune response that is slow and not of great magnitude. T and B cells selected by antigen become activated and undergo clonal expansion. A fraction of antigen-reactive T and B cells become memory cells, whereas others differentiate into effector cells. The memory cells generated during the primary response enable a much faster and stronger secondary immune response upon subsequent exposures to the same antigen (immunological memory). An example of this is the adaptive immune response found in Mus musculus."" [GOC:add, GOC:mtg_sensu, ISBN:0781735149, ISBN:1405196831]",448,146,15,26963,0.10273972602739725,0.033482142857142856,query_1,['GO:0002250'],2
GO:BP,GO:0031667,response to nutrient levels,4.010922746439287e-05,True,"""Any process that results in a change in state or activity of a cell or an organism (in terms of movement, secretion, enzyme production, gene expression, etc.) as a result of a stimulus reflecting the presence, absence, or concentration of nutrients."" [GOC:mah]",591,146,17,26963,0.11643835616438356,0.028764805414551606,query_1,['GO:0050896'],2
GO:BP,GO:0035710,"CD4-positive, alpha-beta T cell activation",5.0036024952880474e-05,True,"""The change in morphology and behavior of a CD4-positive, alpha-beta T cell resulting from exposure to a mitogen, cytokine, chemokine, cellular ligand, or an antigen for which it is specific."" [CL:0000624, GOC:BHF]",126,146,9,26963,0.06164383561643835,0.07142857142857142,query_1,['GO:0046631'],2
GO:BP,GO:0002700,regulation of production of molecular mediator of immune response,5.779782313787195e-05,True,"""Any process that modulates the frequency, rate, or extent of the production of molecular mediator of immune response."" [GOC:add]",220,146,11,26963,0.07534246575342465,0.05,query_1,"['GO:0002440', 'GO:0002697', 'GO:0010468']",2
GO:BP,GO:0010720,positive regulation of cell development,6.400521447785863e-05,True,"""Any process that increases the rate, frequency or extent of the progression of the cell over time, from its formation to the mature structure. Cell development does not include the steps involved in committing a cell to a specific fate."" [GOC:BHF, GOC:dph, GOC:tb]",536,146,16,26963,0.1095890410958904,0.029850746268656716,query_1,"['GO:0045597', 'GO:0048468', 'GO:0060284']",2
GO:BP,GO:0009967,positive regulation of signal transduction,6.455072054011387e-05,True,"""Any process that activates or increases the frequency, rate or extent of signal transduction."" [GOC:sm]",1614,146,28,26963,0.1917808219178082,0.01734820322180917,query_1,"['GO:0007165', 'GO:0009966', 'GO:0010647', 'GO:0023056', 'GO:0048584']",2
GO:BP,GO:0009628,response to abiotic stimulus,6.500874834352098e-05,True,"""Any process that results in a change in state or activity of a cell or an organism (in terms of movement, secretion, enzyme production, gene expression, etc.) as a result of an abiotic (not derived from living organisms) stimulus."" [GOC:hb]",1312,146,25,26963,0.17123287671232876,0.019054878048780487,query_1,['GO:0050896'],2
GO:BP,GO:0050866,negative regulation of cell activation,6.63939926698474e-05,True,"""Any process that stops, prevents, or reduces the frequency, rate or extent of cell activation."" [GOC:ai]",223,146,11,26963,0.07534246575342465,0.04932735426008968,query_1,"['GO:0001775', 'GO:0048523', 'GO:0050865', 'GO:0051241']",2
GO:BP,GO:0019219,regulation of nucleobase-containing compound metabolic process,7.15808295391291e-05,True,"""Any cellular process that modulates the frequency, rate or extent of the chemical reactions and pathways involving nucleobases, nucleosides, nucleotides and nucleic acids."" [GOC:go_curators]",3897,146,47,26963,0.3219178082191781,0.01206055940467026,query_1,"['GO:0006139', 'GO:0080090']",2
GO:BP,GO:1901699,cellular response to nitrogen compound,7.280458231577427e-05,True,"""Any process that results in a change in state or activity of a cell (in terms of movement, secretion, enzyme production, gene expression, etc.) as a result of a nitrogen compound stimulus."" [GOC:pr, GOC:TermGenie]",694,146,18,26963,0.1232876712328767,0.025936599423631124,query_1,"['GO:0070887', 'GO:1901698']",2
GO:BP,GO:0002285,lymphocyte activation involved in immune response,7.610983685068368e-05,True,"""A change in morphology and behavior of a lymphocyte resulting from exposure to a specific antigen, mitogen, cytokine, chemokine, cellular ligand, or soluble factor, leading to the initiation or perpetuation of an immune response."" [GOC:add, ISBN:0781735149]",226,146,11,26963,0.07534246575342465,0.048672566371681415,query_1,"['GO:0002366', 'GO:0046649']",2
GO:BP,GO:0045672,positive regulation of osteoclast differentiation,7.669743096889053e-05,True,"""Any process that activates or increases the frequency, rate or extent of osteoclast differentiation."" [GOC:go_curators]",37,146,6,26963,0.0410958904109589,0.16216216216216217,query_1,"['GO:0002763', 'GO:0030316', 'GO:0045670']",2
GO:BP,GO:0002443,leukocyte mediated immunity,7.846363854500842e-05,True,"""Any process involved in the carrying out of an immune response by a leukocyte."" [GO_REF:0000022, GOC:add, ISBN:0781735149]",544,146,16,26963,0.1095890410958904,0.029411764705882353,query_1,['GO:0002252'],2
GO:BP,GO:0006468,protein phosphorylation,7.999344423420189e-05,True,"""The process of introducing a phosphate group on to a protein."" [GOC:hb]",1229,146,24,26963,0.1643835616438356,0.01952807160292921,query_1,"['GO:0016310', 'GO:0036211']",2
GO:BP,GO:0002757,immune response-activating signaling pathway,8.190487093630348e-05,True,"""The series of molecular signals generated by a ligand binding to its receptor that lead to the activation or perpetuation of an immune response."" [GOC:add]",474,146,15,26963,0.10273972602739725,0.03164556962025317,query_1,"['GO:0002253', 'GO:0002764']",2
GO:BP,GO:1990869,cellular response to chemokine,8.295286776853311e-05,True,"""Any process that results in a change in state or activity of a cell (in terms of movement, secretion, enzyme production, gene expression, etc.) as a result of a chemokine stimulus."" [PMID:11113082]",95,146,8,26963,0.0547945205479452,0.08421052631578947,query_1,"['GO:0071345', 'GO:1990868']",2
GO:BP,GO:1990868,response to chemokine,8.295286776853311e-05,True,"""Any process that results in a change in state or activity of a cell or an organism (in terms of movement, secretion, enzyme production, gene expression, etc.) as a result of a chemokine stimulus."" [PMID:11113082]",95,146,8,26963,0.0547945205479452,0.08421052631578947,query_1,['GO:0034097'],2
GO:BP,GO:0030595,leukocyte chemotaxis,8.70706783717166e-05,True,"""The movement of a leukocyte in response to an external stimulus."" [GOC:add, GOC:jl]",229,146,11,26963,0.07534246575342465,0.048034934497816595,query_1,"['GO:0050900', 'GO:0060326']",2
GO:BP,GO:0051250,negative regulation of lymphocyte activation,9.219716630813093e-05,True,"""Any process that stops, prevents, or reduces the frequency, rate or extent of lymphocyte activation."" [GOC:ai]",180,146,10,26963,0.0684931506849315,0.05555555555555555,query_1,"['GO:0002695', 'GO:0046649', 'GO:0051249']",2
GO:BP,GO:0051726,regulation of cell cycle,9.34931572250886e-05,True,"""Any process that modulates the rate or extent of progression through the cell cycle."" [GOC:ai, GOC:dph, GOC:tb]",1051,146,22,26963,0.1506849315068493,0.02093244529019981,query_1,"['GO:0007049', 'GO:0050794']",2
GO:BP,GO:0002819,regulation of adaptive immune response,9.513674103535614e-05,True,"""Any process that modulates the frequency, rate, or extent of an adaptive immune response."" [GOC:add]",231,146,11,26963,0.07534246575342465,0.047619047619047616,query_1,"['GO:0002250', 'GO:0050776']",2
GO:BP,GO:0002253,activation of immune response,9.584604486345142e-05,True,"""Any process that initiates an immune response."" [GO_REF:0000022, GOC:add, ISBN:0781735149]",552,146,16,26963,0.1095890410958904,0.028985507246376812,query_1,"['GO:0002376', 'GO:0050778']",2
GO:BP,GO:0043367,"CD4-positive, alpha-beta T cell differentiation",9.773473294147677e-05,True,"""The process in which a relatively unspecialized T cell acquires specialized features of a mature CD4-positive, alpha-beta T cell."" [CL:0000624, ISBN:0781735149]",97,146,8,26963,0.0547945205479452,0.08247422680412371,query_1,"['GO:0035710', 'GO:0046632']",2
GO:BP,GO:0002764,immune response-regulating signaling pathway,0.0001228352317161659,True,"""The cascade of processes by which a signal interacts with a receptor, causing a change in the level or activity of a second messenger or other downstream target, and ultimately leading to the activation, perpetuation, or inhibition of an immune response."" [GOC:add, ISBN:0781735149, PMID:15771571]",489,146,15,26963,0.10273972602739725,0.03067484662576687,query_1,"['GO:0007165', 'GO:0050776']",2
GO:BP,GO:0016310,phosphorylation,0.00013177704484644334,True,"""The process of introducing a phosphate group into a molecule, usually with the formation of a phosphoric ester, a phosphoric anhydride or a phosphoric amide."" [ISBN:0198506732]",1462,146,26,26963,0.1780821917808219,0.017783857729138167,query_1,['GO:0006796'],2
GO:BP,GO:0043434,response to peptide hormone,0.0001438590523723225,True,"""Any process that results in a change in state or activity of a cell or an organism (in terms of movement, secretion, enzyme production, gene expression, etc.) as a result of a peptide hormone stimulus. A peptide hormone is any of a class of peptides that are secreted into the blood stream and have endocrine functions in living animals."" [PMID:11027914, PMID:15134857, Wikipedia:Peptide_hormone]",495,146,15,26963,0.10273972602739725,0.030303030303030304,query_1,"['GO:0009725', 'GO:1901698', 'GO:1901700']",2
GO:BP,GO:0042098,T cell proliferation,0.00016580750497587944,True,"""The expansion of a T cell population by cell division. Follows T cell activation."" [GOC:jl]",244,146,11,26963,0.07534246575342465,0.045081967213114756,query_1,"['GO:0042110', 'GO:0046651']",2
GO:BP,GO:0048660,regulation of smooth muscle cell proliferation,0.00016908315310491156,True,"""Any process that modulates the frequency, rate or extent of smooth muscle cell proliferation."" [CL:0000192, GOC:ebc]",192,146,10,26963,0.0684931506849315,0.052083333333333336,query_1,"['GO:0042127', 'GO:0048659']",2
GO:BP,GO:0002763,positive regulation of myeloid leukocyte differentiation,0.0002160764046867833,True,"""Any process that activates or increases the frequency, rate, or extent of myeloid leukocyte differentiation."" [GOC:add]",72,146,7,26963,0.04794520547945205,0.09722222222222222,query_1,"['GO:0002573', 'GO:0002761', 'GO:0045639', 'GO:1902107']",2
GO:BP,GO:0043408,regulation of MAPK cascade,0.0002273519642017135,True,"""Any process that modulates the frequency, rate or extent of signal transduction mediated by the MAP kinase (MAPK) cascade."" [GOC:go_curators]",667,146,17,26963,0.11643835616438356,0.025487256371814093,query_1,"['GO:0000165', 'GO:1902531']",2
GO:BP,GO:0060429,epithelium development,0.00024293481787768595,True,"""The process whose specific outcome is the progression of an epithelium over time, from its formation to the mature structure. An epithelium is a tissue that covers the internal or external surfaces of an anatomical structure."" [GOC:dph, GOC:mtg_lung]",1305,146,24,26963,0.1643835616438356,0.01839080459770115,query_1,['GO:0009888'],2
GO:BP,GO:0048659,smooth muscle cell proliferation,0.00025930601032175544,True,"""The multiplication or reproduction of smooth muscle cells, resulting in the expansion of a cell population."" [CL:0000192, GOC:ebc, PMID:1840698]",201,146,10,26963,0.0684931506849315,0.04975124378109453,query_1,['GO:0033002'],2
GO:BP,GO:0050778,positive regulation of immune response,0.00026565552112362147,True,"""Any process that activates or increases the frequency, rate or extent of the immune response, the immunological reaction of an organism to an immunogenic stimulus."" [GOC:ai]",757,146,18,26963,0.1232876712328767,0.023778071334214,query_1,"['GO:0002684', 'GO:0006955', 'GO:0048584', 'GO:0050776']",2
GO:BP,GO:0000165,MAPK cascade,0.00026565552112362147,True,"""An intracellular protein kinase cascade containing at least a MAP kinase (MAPK). It starts with the activation of a MAP3K, and the consecutive activation of a MPK2K and a MAPK. The cascade can also contain an additional tier: the upstream MAP4K. The kinases in each tier phosphorylate and activate the kinase in the downstream tier to transmit a signal within a cell."" [PMID:20811974, PMID:9561267]",757,146,18,26963,0.1232876712328767,0.023778071334214,query_1,['GO:0141124'],2
GO:BP,GO:0042129,regulation of T cell proliferation,0.0002976104645472454,True,"""Any process that modulates the frequency, rate or extent of T cell proliferation."" [GOC:jl]",204,146,10,26963,0.0684931506849315,0.049019607843137254,query_1,"['GO:0042098', 'GO:0050670', 'GO:0050863']",2
GO:BP,GO:0042093,T-helper cell differentiation,0.00031493850787900845,True,"""The process in which a relatively unspecialized thymocyte acquires specialized features of a T-helper cell."" [GOC:ebc]",76,146,7,26963,0.04794520547945205,0.09210526315789473,query_1,['GO:0002294'],2
GO:BP,GO:0046631,alpha-beta T cell activation,0.00032582987950995664,True,"""The change in morphology and behavior of an alpha-beta T cell resulting from exposure to a mitogen, cytokine, chemokine, cellular ligand, or an antigen for which it is specific."" [GOC:add]",206,146,10,26963,0.0684931506849315,0.04854368932038835,query_1,['GO:0042110'],2
GO:BP,GO:0045429,positive regulation of nitric oxide biosynthetic process,0.0003388218231469574,True,"""Any process that activates or increases the frequency, rate or extent of the chemical reactions and pathways resulting in the formation of nitric oxide."" [GOC:go_curators]",47,146,6,26963,0.0410958904109589,0.1276595744680851,query_1,"['GO:0006809', 'GO:0009891', 'GO:0045428', 'GO:1904407']",2
GO:BP,GO:0002294,"CD4-positive, alpha-beta T cell differentiation involved in immune response",0.000344873716268644,True,"""The process in which an antigenically naive CD4-positive, alpha-beta T cell acquires the specialized features of an effector, regulatory, or memory T cell as part of an immune response. Effector T cells include cells which provide T cell help or exhibit cytotoxicity towards other cells."" [GOC:add, ISBN:0781735149]",77,146,7,26963,0.04794520547945205,0.09090909090909091,query_1,"['GO:0002293', 'GO:0043367']",2
GO:BP,GO:0009612,response to mechanical stimulus,0.0003524832585559567,True,"""Any process that results in a change in state or activity of a cell or an organism (in terms of movement, secretion, enzyme production, gene expression, etc.) as a result of a mechanical stimulus."" [GOC:hb]",263,146,11,26963,0.07534246575342465,0.04182509505703422,query_1,"['GO:0009605', 'GO:0009628']",2
GO:BP,GO:0002262,myeloid cell homeostasis,0.000356373636702853,True,"""The process of regulating the proliferation and elimination of myeloid cells such that the total number of myeloid cells within a whole or part of an organism is stable over time in the absence of an outside stimulus."" [CL:0000763, GOC:add]",208,146,10,26963,0.0684931506849315,0.04807692307692308,query_1,"['GO:0002376', 'GO:0048872']",2
GO:BP,GO:2000514,"regulation of CD4-positive, alpha-beta T cell activation",0.0003771708175651003,True,"""Any process that modulates the frequency, rate or extent of CD4-positive, alpha-beta T cell activation."" [GOC:obol]",78,146,7,26963,0.04794520547945205,0.08974358974358974,query_1,"['GO:0035710', 'GO:0046634']",2
GO:BP,GO:0002293,alpha-beta T cell differentiation involved in immune response,0.0003771708175651003,True,"""The process in which an antigenically naive alpha-beta T cell acquires the specialized features of an effector, regulatory, or memory T cell during an immune response. Effector T cells include cells which provide T cell help or exhibit cytotoxicity towards other cells."" [GOC:add, ISBN:0781735149]",78,146,7,26963,0.04794520547945205,0.08974358974358974,query_1,"['GO:0002287', 'GO:0002292', 'GO:0046632']",2
GO:BP,GO:0007249,canonical NF-kappaB signal transduction,0.00038022261072237696,True,"""An intracellular signaling cassette characterized by the I-kappaB-kinase (IKK)-dependent activation of NF-kappaB, also known as the canonical NF-kappaB signaling cascade. The cascade begins with activation of a trimeric IKK complex (consisting of catalytic kinase subunits IKKalpha and/or IKKbeta, and the regulatory scaffold protein NEMO) and ends with the regulation of transcription of target genes by NF-kappaB. In a resting state, NF-kappaB dimers are bound to I-kappaB proteins, sequestering NF-kappaB in the cytoplasm. Phosphorylation of I-kappaB targets I-kappaB for ubiquitination and proteasomal degradation, thus releasing the NF-kappaB dimers, which can translocate to the nucleus to bind DNA and regulate transcription. The canonical NF-kappaB pathway is mainly stimulated by proinflammatory cytokines such as IL-1beta, tumor necrosis factor (TNF)-alpha, antigen ligands, and toll-like receptors (TLRs)."" [GOC:bf, PMID:12773372, PMID:34659217]",265,146,11,26963,0.07534246575342465,0.04150943396226415,query_1,['GO:0141124'],2
GO:BP,GO:0014070,response to organic cyclic compound,0.000391487663251631,True,"""Any process that results in a change in state or activity of a cell or an organism (in terms of movement, secretion, enzyme production, gene expression, etc.) as a result of an organic cyclic compound stimulus."" [GOC:ef]",1142,146,22,26963,0.1506849315068493,0.01926444833625219,query_1,['GO:0042221'],2
GO:BP,GO:0031399,regulation of protein modification process,0.00040513212375544415,True,"""Any process that modulates the frequency, rate or extent of the covalent alteration of one or more amino acid residues within a protein."" [GOC:mah, GOC:tb]",1049,146,21,26963,0.14383561643835616,0.02001906577693041,query_1,"['GO:0036211', 'GO:0051246']",2
GO:BP,GO:0002287,alpha-beta T cell activation involved in immune response,0.00041197844736664754,True,"""The change in morphology and behavior of an alpha-beta T cell resulting from exposure to a mitogen, cytokine, chemokine, cellular ligand, or an antigen for which it is specific, leading to the initiation or perpetuation of an immune response."" [GOC:add, ISBN:0781735149]",79,146,7,26963,0.04794520547945205,0.08860759493670886,query_1,"['GO:0002286', 'GO:0046631']",2
GO:BP,GO:0045089,positive regulation of innate immune response,0.0004166146003727214,True,"""Any process that activates or increases the frequency, rate or extent of the innate immune response, the organism's first line of defense against infection."" [GOC:ebc]",394,146,13,26963,0.08904109589041095,0.03299492385786802,query_1,"['GO:0002833', 'GO:0031349', 'GO:0032103', 'GO:0045087', 'GO:0045088', 'GO:0050778']",2
GO:BP,GO:0009892,negative regulation of metabolic process,0.00043041588929370803,True,"""Any process that stops, prevents, or reduces the frequency, rate or extent of the chemical reactions and pathways within a cell or an organism."" [GOC:go_curators]",3332,146,41,26963,0.2808219178082192,0.012304921968787515,query_1,"['GO:0008152', 'GO:0019222', 'GO:0048523']",2
GO:BP,GO:1904407,positive regulation of nitric oxide metabolic process,0.0004373466953434565,True,"""Any process that activates or increases the frequency, rate or extent of nitric oxide metabolic process."" [GO_REF:0000058, GOC:TermGenie, PMID:11991626]",49,146,6,26963,0.0410958904109589,0.12244897959183673,query_1,"['GO:0009893', 'GO:0046209', 'GO:0080164']",2
GO:BP,GO:0002573,myeloid leukocyte differentiation,0.0004582039244722594,True,"""The process in which a relatively unspecialized myeloid precursor cell acquires the specialized features of any cell of the myeloid leukocyte lineage."" [GOC:add, PMID:16551251]",270,146,11,26963,0.07534246575342465,0.040740740740740744,query_1,"['GO:0002521', 'GO:0030099']",2
GO:BP,GO:0002250,adaptive immune response,0.0004916541945808354,True,"""An immune response mediated by cells expressing specific receptors for antigens produced through a somatic diversification process, and allowing for an enhanced secondary response to subsequent exposures to the same antigen (immunological memory)."" [GO_REF:0000022, GOC:add, ISBN:0781735149]",623,146,16,26963,0.1095890410958904,0.025682182985553772,query_1,['GO:0006955'],2
GO:BP,GO:0002822,regulation of adaptive immune response based on somatic recombination of immune receptors built from immunoglobulin superfamily domains,0.0005051818346881081,True,"""Any process that modulates the frequency, rate, or extent of an adaptive immune response based on somatic recombination of immune receptors built from immunoglobulin superfamily domains. An example of this process is found in the Gnathostomata."" [GOC:add, GOC:mtg_sensu]",216,146,10,26963,0.0684931506849315,0.046296296296296294,query_1,"['GO:0002460', 'GO:0002819']",2
GO:BP,GO:1903038,negative regulation of leukocyte cell-cell adhesion,0.0005085757091893387,True,"""Any process that stops, prevents or reduces the frequency, rate or extent of leukocyte cell-cell adhesion."" [GO_REF:0000058, GOC:BHF, GOC:rl, GOC:TermGenie, PMID:21106532]",165,146,9,26963,0.06164383561643835,0.05454545454545454,query_1,"['GO:0007159', 'GO:0022408', 'GO:1903037']",2
GO:BP,GO:0002544,chronic inflammatory response,0.0005311501821047437,True,"""Inflammation of prolonged duration (weeks or months) in which active inflammation, tissue destruction, and attempts at repair are proceeding simultaneously. Although it may follow acute inflammation, chronic inflammation frequently begins insidiously, as a low-grade, smoldering, often asymptomatic response."" [GO_REF:0000022, GOC:jal, ISBN:0781735149]",27,146,5,26963,0.03424657534246575,0.18518518518518517,query_1,['GO:0006954'],2
GO:BP,GO:0045582,positive regulation of T cell differentiation,0.0005455400113530802,True,"""Any process that activates or increases the frequency, rate or extent of T cell differentiation."" [GOC:go_curators]",121,146,8,26963,0.0547945205479452,0.06611570247933884,query_1,"['GO:0030217', 'GO:0045580', 'GO:0045621', 'GO:0050870']",2
GO:BP,GO:0002687,positive regulation of leukocyte migration,0.0005631847268900189,True,"""Any process that activates or increases the frequency, rate, or extent of leukocyte migration."" [GOC:add]",167,146,9,26963,0.06164383561643835,0.05389221556886228,query_1,"['GO:0002684', 'GO:0002685', 'GO:0030335', 'GO:0050900']",2
GO:BP,GO:0022408,negative regulation of cell-cell adhesion,0.0006236968632767519,True,"""Any process that stops, prevents or reduces the rate or extent of cell adhesion to another cell."" [GOC:isa_complete]",221,146,10,26963,0.0684931506849315,0.04524886877828054,query_1,"['GO:0007162', 'GO:0022407', 'GO:0098609']",2
GO:BP,GO:0070098,chemokine-mediated signaling pathway,0.0006293771382609704,True,"""The series of molecular signals initiated by a chemokine binding to its receptor on the surface of a target cell, and ending with the regulation of a downstream cellular process, e.g. transcription."" [GOC:mah, GOC:signaling]",84,146,7,26963,0.04794520547945205,0.08333333333333333,query_1,"['GO:0007186', 'GO:0019221', 'GO:1990869']",2
GO:BP,GO:0002292,T cell differentiation involved in immune response,0.0006827750224880453,True,"""The process in which an antigenically naive T cell acquires the specialized features of an effector, regulatory, or memory T cell as part of an immune response. Effector T cells include cells which provide T cell help or exhibit cytotoxicity towards other cells."" [GOC:add, ISBN:0781735149]",85,146,7,26963,0.04794520547945205,0.08235294117647059,query_1,"['GO:0002286', 'GO:0030217']",2
GO:BP,GO:0019220,regulation of phosphate metabolic process,0.0007336191492967203,True,"""Any process that modulates the frequency, rate or extent of the chemical reactions and pathways involving phosphates."" [GOC:go_curators]",993,146,20,26963,0.136986301369863,0.02014098690835851,query_1,"['GO:0006796', 'GO:0051174']",2
GO:BP,GO:0051174,regulation of phosphorus metabolic process,0.0007452741704670423,True,"""Any process that modulates the frequency, rate or extent of the chemical reactions and pathways involving phosphorus or compounds containing phosphorus."" [GOC:ai]",994,146,20,26963,0.136986301369863,0.02012072434607646,query_1,"['GO:0006793', 'GO:0019222']",2
GO:BP,GO:0022603,regulation of anatomical structure morphogenesis,0.0007479398739591926,True,"""Any process that modulates the frequency, rate or extent of anatomical structure morphogenesis."" [GOC:mah]",902,146,19,26963,0.13013698630136986,0.02106430155210643,query_1,"['GO:0009653', 'GO:0050793']",2
GO:BP,GO:0051128,regulation of cellular component organization,0.0008595792764301248,True,"""Any process that modulates the frequency, rate or extent of a process involved in the formation, arrangement of constituent parts, or disassembly of cell structures, including the plasma membrane and any external encapsulating structures such as the cell wall and cell envelope."" [GOC:ai]",2532,146,34,26963,0.2328767123287671,0.013428120063191154,query_1,"['GO:0016043', 'GO:0050794']",2
GO:BP,GO:0006796,phosphate-containing compound metabolic process,0.0008756226008281298,True,"""The chemical reactions and pathways involving the phosphate group, the anion or salt of any phosphoric acid."" [GOC:ai]",2413,146,33,26963,0.22602739726027396,0.013675922088686282,query_1,['GO:0006793'],2
GO:BP,GO:0002833,positive regulation of response to biotic stimulus,0.0008821808286634897,True,"""Any process that activates or increases the frequency, rate, or extent of a response to biotic stimulus."" [GOC:add]",421,146,13,26963,0.08904109589041095,0.030878859857482184,query_1,"['GO:0002831', 'GO:0009607', 'GO:0048584']",2
GO:BP,GO:0043370,"regulation of CD4-positive, alpha-beta T cell differentiation",0.0008827774303502229,True,"""Any process that modulates the frequency, rate, or extent of CD4-positive, alpha-beta T cell differentiation."" [GOC:add, GOC:pr, ISBN:0781735149]",55,146,6,26963,0.0410958904109589,0.10909090909090909,query_1,"['GO:0043367', 'GO:0046637', 'GO:2000514']",2
GO:BP,GO:0071356,cellular response to tumor necrosis factor,0.0008993927970820146,True,"""Any process that results in a change in state or activity of a cell (in terms of movement, secretion, enzyme production, gene expression, etc.) as a result of a tumor necrosis factor stimulus."" [GOC:mah]",230,146,10,26963,0.0684931506849315,0.043478260869565216,query_1,"['GO:0034612', 'GO:0071345']",2
GO:BP,GO:0045637,regulation of myeloid cell differentiation,0.0008993927970820146,True,"""Any process that modulates the frequency, rate or extent of myeloid cell differentiation."" [GOC:go_curators]",230,146,10,26963,0.0684931506849315,0.043478260869565216,query_1,"['GO:0030099', 'GO:1903706']",2
GO:BP,GO:0006793,phosphorus metabolic process,0.0009005464389806097,True,"""The chemical reactions and pathways involving the nonmetallic element phosphorus or compounds that contain phosphorus."" [GOC:ai]",2416,146,33,26963,0.22602739726027396,0.013658940397350994,query_1,['GO:0008152'],2
GO:BP,GO:0002526,acute inflammatory response,0.0009452931200914624,True,"""Inflammation which comprises a rapid, short-lived, relatively uniform response to acute injury or antigenic challenge and is characterized by accumulations of fluid, plasma proteins, and granulocytic leukocytes. An acute inflammatory response occurs within a matter of minutes or hours, and either resolves within a few days or becomes a chronic inflammatory response."" [GO_REF:0000022, GOC:add, ISBN:0781735149]",130,146,8,26963,0.0547945205479452,0.06153846153846154,query_1,['GO:0006954'],2
GO:BP,GO:0001660,fever generation,0.0009464605914887943,True,"""The heat generation process that results in a rise in body temperature above the normal, often as a response to infection."" [GOC:dph, GOC:jl]",13,146,4,26963,0.0273972602739726,0.3076923076923077,query_1,"['GO:0006953', 'GO:0031649']",2
GO:BP,GO:0010563,negative regulation of phosphorus metabolic process,0.0009957528963896816,True,"""Any process that decreases the frequency, rate or extent of the chemical reactions and pathways involving phosphorus or compounds containing phosphorus."" [GOC:dph, GOC:tb]",292,146,11,26963,0.07534246575342465,0.03767123287671233,query_1,"['GO:0006793', 'GO:0009892', 'GO:0051174']",2
GO:BP,GO:0045936,negative regulation of phosphate metabolic process,0.0009957528963896816,True,"""Any process that stops, prevents, or reduces the frequency, rate or extent of the chemical reactions and pathways involving phosphates."" [GOC:go_curators]",292,146,11,26963,0.07534246575342465,0.03767123287671233,query_1,"['GO:0006796', 'GO:0010563', 'GO:0019220']",2
GO:BP,GO:0071346,cellular response to type II interferon,0.0010620286421424803,True,"""Any process that results in a change in state or activity of a cell (in terms of movement, secretion, enzyme production, gene expression, etc.) as a result of an interferon-gamma stimulus. Interferon gamma is the only member of the type II interferon found so far."" [GOC:mah]",132,146,8,26963,0.0547945205479452,0.06060606060606061,query_1,"['GO:0034341', 'GO:0071345']",2
GO:BP,GO:0061082,myeloid leukocyte cytokine production,0.0010952438998000588,True,"""Any process that contributes to cytokine production by a myeloid cell."" [GOC:dph]",57,146,6,26963,0.0410958904109589,0.10526315789473684,query_1,['GO:0002367'],2
GO:BP,GO:0045580,regulation of T cell differentiation,0.0011091562439032728,True,"""Any process that modulates the frequency, rate or extent of T cell differentiation."" [GOC:go_curators]",181,146,9,26963,0.06164383561643835,0.049723756906077346,query_1,"['GO:0030217', 'GO:0045619', 'GO:0050863']",2
GO:BP,GO:0046632,alpha-beta T cell differentiation,0.0011248732745426657,True,"""The process in which a precursor cell type acquires the specialized features of an alpha-beta T cell. An alpha-beta T cell is a T cell that expresses an alpha-beta T cell receptor complex."" [CL:0000789, GOC:ai]",133,146,8,26963,0.0547945205479452,0.06015037593984962,query_1,"['GO:0030217', 'GO:0046631']",2
GO:BP,GO:0001818,negative regulation of cytokine production,0.0012162415283480269,True,"""Any process that stops, prevents, or reduces the rate of production of a cytokine."" [GOC:add, ISBN:0781735149]",298,146,11,26963,0.07534246575342465,0.03691275167785235,query_1,"['GO:0001816', 'GO:0001817', 'GO:0010629', 'GO:0051241']",2
GO:BP,GO:0002685,regulation of leukocyte migration,0.0012286578844478517,True,"""Any process that modulates the frequency, rate, or extent of leukocyte migration."" [GOC:add]",238,146,10,26963,0.0684931506849315,0.04201680672268908,query_1,"['GO:0002682', 'GO:0030334', 'GO:0050900']",2
GO:BP,GO:0050890,cognition,0.0012408702845443874,True,"""The operation of the mind by which an organism becomes aware of objects of thought or perception; it includes the mental activities associated with thinking, learning, and memory."" [ISBN:0721619908]",364,146,12,26963,0.0821917808219178,0.03296703296703297,query_1,['GO:0050877'],2
GO:BP,GO:0046634,regulation of alpha-beta T cell activation,0.001260142220254234,True,"""Any process that modulates the frequency, rate or extent of alpha-beta T cell activation."" [GOC:ai]",135,146,8,26963,0.0547945205479452,0.05925925925925926,query_1,"['GO:0046631', 'GO:0050863']",2
GO:BP,GO:2001234,negative regulation of apoptotic signaling pathway,0.0013258385543955804,True,"""Any process that stops, prevents or reduces the frequency, rate or extent of apoptotic signaling pathway."" [GOC:mtg_apoptosis]",240,146,10,26963,0.0684931506849315,0.041666666666666664,query_1,"['GO:0009968', 'GO:0043066', 'GO:0097190', 'GO:2001233']",2
GO:BP,GO:0045621,positive regulation of lymphocyte differentiation,0.0013328289687227757,True,"""Any process that activates or increases the frequency, rate or extent of lymphocyte differentiation."" [GOC:go_curators]",136,146,8,26963,0.0547945205479452,0.058823529411764705,query_1,"['GO:0030098', 'GO:0045619', 'GO:0051251', 'GO:1902107']",2
GO:BP,GO:0051252,regulation of RNA metabolic process,0.00134718646196985,True,"""Any process that modulates the frequency, rate or extent of the chemical reactions and pathways involving RNA."" [GOC:ai]",3611,146,42,26963,0.2876712328767123,0.011631127111603435,query_1,"['GO:0016070', 'GO:0019219', 'GO:0060255']",2
GO:BP,GO:0006355,regulation of DNA-templated transcription,0.001359991871720842,True,"""Any process that modulates the frequency, rate or extent of cellular DNA-templated transcription."" [GOC:go_curators, GOC:txnOH]",3347,146,40,26963,0.273972602739726,0.011951000896325068,query_1,"['GO:0006351', 'GO:0010468', 'GO:2001141']",2
GO:BP,GO:2001141,regulation of RNA biosynthetic process,0.0014687121730899975,True,"""Any process that modulates the frequency, rate or extent of RNA biosynthetic process."" [GOC:dph]",3357,146,40,26963,0.273972602739726,0.011915400655347037,query_1,"['GO:0010556', 'GO:0032774', 'GO:0051252']",2
GO:BP,GO:0043525,positive regulation of neuron apoptotic process,0.0015690408662888075,True,"""Any process that activates or increases the frequency, rate or extent of cell death of neurons by apoptotic process."" [GOC:go_curators, GOC:mtg_apoptosis]",96,146,7,26963,0.04794520547945205,0.07291666666666667,query_1,"['GO:0043065', 'GO:0043523', 'GO:0051402']",2
GO:BP,GO:0045765,regulation of angiogenesis,0.0016802985195644364,True,"""Any process that modulates the frequency, rate or extent of angiogenesis."" [GOC:go_curators]",308,146,11,26963,0.07534246575342465,0.03571428571428571,query_1,"['GO:0001525', 'GO:0022603', 'GO:1901342']",2
GO:BP,GO:0035914,skeletal muscle cell differentiation,0.001683475787771379,True,"""The process in which a relatively unspecialized cell acquires specialized features of a skeletal muscle cell, a somatic cell located in skeletal muscle."" [CL:0000188, GOC:BHF, GOC:vk]",97,146,7,26963,0.04794520547945205,0.07216494845360824,query_1,"['GO:0007519', 'GO:0030154']",2
GO:BP,GO:0030522,intracellular receptor signaling pathway,0.0016952823739469739,True,"""The series of molecular signals initiated by a ligand binding to a receptor located within a cell."" [GOC:bf, GOC:mah]",375,146,12,26963,0.0821917808219178,0.032,query_1,['GO:0035556'],2
GO:BP,GO:0006357,regulation of transcription by RNA polymerase II,0.0018842161368697414,True,"""Any process that modulates the frequency, rate or extent of transcription mediated by RNA polymerase II."" [GOC:go_curators, GOC:txnOH]",2497,146,33,26963,0.22602739726027396,0.013215859030837005,query_1,"['GO:0006355', 'GO:0006366']",2
GO:BP,GO:0051179,localization,0.0019618598981205235,True,"""Any process in which a cell, a substance, or a cellular entity, such as a protein complex or organelle, is transported, tethered to or otherwise maintained in a specific location. In the case of substances, localization may also be achieved via selective degradation."" [GOC:ai, GOC:dos]",5362,146,54,26963,0.3698630136986301,0.010070869078701977,query_1,['GO:0008150'],2
GO:BP,GO:0044092,negative regulation of molecular function,0.00199001726655196,True,"""Any process that stops or reduces the rate or extent of a molecular function, an elemental biological activity occurring at the molecular level, such as catalysis or binding."" [GO:jl]",251,146,10,26963,0.0684931506849315,0.0398406374501992,query_1,['GO:0065009'],2
GO:BP,GO:0043372,"positive regulation of CD4-positive, alpha-beta T cell differentiation",0.002062690084560878,True,"""Any process that activates or increases the frequency, rate or extent of CD4-positive, alpha-beta T cell differentiation."" [GOC:add, GOC:pr, ISBN:0781735149]",35,146,5,26963,0.03424657534246575,0.14285714285714285,query_1,"['GO:0043367', 'GO:0043370', 'GO:0046638', 'GO:2000516']",2
GO:BP,GO:1901342,regulation of vasculature development,0.0020918228740179085,True,"""Any process that modulates the frequency, rate or extent of vasculature development."" [GOC:TermGenie]",315,146,11,26963,0.07534246575342465,0.03492063492063492,query_1,"['GO:0001944', 'GO:2000026']",2
GO:BP,GO:0019538,protein metabolic process,0.0022065511889945207,True,"""The chemical reactions and pathways involving a protein. Includes protein modification."" [GOC:ma]",4653,146,49,26963,0.3356164383561644,0.01053084031807436,query_1,"['GO:0043170', 'GO:0044238']",2
GO:BP,GO:0050868,negative regulation of T cell activation,0.0025257405307839366,True,"""Any process that stops, prevents, or reduces the frequency, rate or extent of T cell activation."" [GOC:ai]",148,146,8,26963,0.0547945205479452,0.05405405405405406,query_1,"['GO:0042110', 'GO:0050863', 'GO:0051250', 'GO:1903038']",2
GO:BP,GO:0007162,negative regulation of cell adhesion,0.0025895645752634995,True,"""Any process that stops, prevents, or reduces the frequency, rate or extent of cell adhesion."" [GOC:go_curators]",322,146,11,26963,0.07534246575342465,0.034161490683229816,query_1,"['GO:0007155', 'GO:0030155', 'GO:0048523']",2
GO:BP,GO:0032731,positive regulation of interleukin-1 beta production,0.002634717657860813,True,"""Any process that activates or increases the frequency, rate, or extent of interleukin-1 beta production."" [GOC:mah]",66,146,6,26963,0.0410958904109589,0.09090909090909091,query_1,"['GO:0032611', 'GO:0032651', 'GO:0032732']",2
GO:BP,GO:0002548,monocyte chemotaxis,0.002634717657860813,True,"""The movement of a monocyte in response to an external stimulus."" [GOC:add, PMID:11696603, PMID:15173832]",66,146,6,26963,0.0410958904109589,0.09090909090909091,query_1,"['GO:0030595', 'GO:0071674', 'GO:0097529']",2
GO:BP,GO:0097193,intrinsic apoptotic signaling pathway,0.0026685617491064187,True,"""The series of molecular signals in which an intracellular signal is conveyed to trigger the apoptotic death of a cell. The pathway starts with reception of an intracellular signal (e.g. DNA damage, endoplasmic reticulum stress, oxidative stress etc.), and ends when the execution phase of apoptosis is triggered. The intrinsic apoptotic signaling pathway is crucially regulated by permeabilization of the mitochondrial outer membrane (MOMP)."" [GOC:mtg_apoptosis, GOC:yaf, PMID:11919192, PMID:17340152, PMID:18852119]",323,146,11,26963,0.07534246575342465,0.034055727554179564,query_1,"['GO:0035556', 'GO:0097190']",2
GO:BP,GO:0002720,positive regulation of cytokine production involved in immune response,0.0026974904789059365,True,"""Any process that activates or increases the frequency, rate, or extent of cytokine production that contributes to an immune response."" [GOC:add]",104,146,7,26963,0.04794520547945205,0.0673076923076923,query_1,"['GO:0001819', 'GO:0002367', 'GO:0002702', 'GO:0002718']",2
GO:BP,GO:0032611,interleukin-1 beta production,0.0026974904789059365,True,"""The appearance of interleukin-1 beta due to biosynthesis or secretion following a cellular stimulus, resulting in an increase in its intracellular or extracellular levels."" [GOC:mah]",104,146,7,26963,0.04794520547945205,0.0673076923076923,query_1,['GO:0032612'],2
GO:BP,GO:0032651,regulation of interleukin-1 beta production,0.0026974904789059365,True,"""Any process that modulates the frequency, rate, or extent of interleukin-1 beta production."" [GOC:mah]",104,146,7,26963,0.04794520547945205,0.0673076923076923,query_1,"['GO:0032611', 'GO:0032652']",2
GO:BP,GO:0007611,learning or memory,0.0029184114072497032,True,"""The acquisition and processing of information and/or the storage and retrieval of this information over time."" [GOC:jid, PMID:8938125]",326,146,11,26963,0.07534246575342465,0.03374233128834356,query_1,"['GO:0007610', 'GO:0050890']",2
GO:BP,GO:0002221,pattern recognition receptor signaling pathway,0.003029759855453394,True,"""The series of molecular signals initiated by a ligand binding to a pattern recognition receptor (PRR), and ending with the regulation of a downstream cellular process, e.g. transcription. PRRs bind pathogen-associated molecular pattern (PAMPs), structures conserved among microbial species, or damage-associated molecular pattern (DAMPs), endogenous molecules released from damaged cells."" [GOC:add, GOC:ar, ISBN:0781735149, PMID:15199967]",263,146,10,26963,0.0684931506849315,0.03802281368821293,query_1,['GO:0002758'],2
GO:BP,GO:0001932,regulation of protein phosphorylation,0.0032144279224153834,True,"""Any process that modulates the frequency, rate or extent of addition of phosphate groups into an amino acid in a protein."" [GOC:hjd]",808,146,17,26963,0.11643835616438356,0.02103960396039604,query_1,"['GO:0006468', 'GO:0031399', 'GO:0042325']",2
GO:BP,GO:0070372,regulation of ERK1 and ERK2 cascade,0.003283404709778006,True,"""Any process that modulates the frequency, rate or extent of signal transduction mediated by the ERK1 and ERK2 cascade."" [GOC:add, ISBN:0121245462, ISBN:0896039986]",330,146,11,26963,0.07534246575342465,0.03333333333333333,query_1,"['GO:0043408', 'GO:0070371']",2
GO:BP,GO:0006351,DNA-templated transcription,0.0034642433168651917,True,"""The synthesis of an RNA transcript from a DNA template."" [GOC:jl, GOC:txnOH]",3472,146,40,26963,0.273972602739726,0.01152073732718894,query_1,"['GO:0010467', 'GO:0032774']",2
GO:BP,GO:0051049,regulation of transport,0.003733722092294988,True,"""Any process that modulates the frequency, rate or extent of the directed movement of substances (such as macromolecules, small molecules, ions) into, out of or within a cell, or between cells, by means of some agent such as a transporter or pore."" [GOC:ai]",1743,146,26,26963,0.1780821917808219,0.01491681009753299,query_1,"['GO:0006810', 'GO:0032879']",2
GO:BP,GO:0002821,positive regulation of adaptive immune response,0.003931926927343064,True,"""Any process that activates or increases the frequency, rate, or extent of an adaptive immune response."" [GOC:add]",157,146,8,26963,0.0547945205479452,0.050955414012738856,query_1,"['GO:0002250', 'GO:0002819', 'GO:0050778']",2
GO:BP,GO:1903555,regulation of tumor necrosis factor superfamily cytokine production,0.003958452313240577,True,"""Any process that modulates the frequency, rate or extent of tumor necrosis factor superfamily cytokine production."" [GO_REF:0000058, GOC:TermGenie, PMID:24187568]",211,146,9,26963,0.06164383561643835,0.04265402843601896,query_1,"['GO:0001817', 'GO:0071706']",2
GO:BP,GO:0071706,tumor necrosis factor superfamily cytokine production,0.003958452313240577,True,"""The appearance of any member of the TNF superfamily due to biosynthesis or secretion following a cellular stimulus, resulting in an increase in its intracellular or extracellular levels."" [GOC:add]",211,146,9,26963,0.06164383561643835,0.04265402843601896,query_1,['GO:0001816'],2
GO:BP,GO:0043410,positive regulation of MAPK cascade,0.003961026420524501,True,"""Any process that activates or increases the frequency, rate or extent of signal transduction mediated by the MAPK cascade."" [GOC:go_curators]",482,146,13,26963,0.08904109589041095,0.026970954356846474,query_1,"['GO:0000165', 'GO:0043408', 'GO:1902533']",2
GO:BP,GO:0006366,transcription by RNA polymerase II,0.0040340798012831434,True,"""The synthesis of RNA from a DNA template by RNA polymerase II (RNAP II), originating at an RNA polymerase II promoter. Includes transcription of messenger RNA (mRNA) and certain small nuclear RNAs (snRNAs)."" [GOC:jl, GOC:txnOH, ISBN:0321000382]",2585,146,33,26963,0.22602739726027396,0.01276595744680851,query_1,['GO:0006351'],2
GO:BP,GO:0045428,regulation of nitric oxide biosynthetic process,0.004061796570335688,True,"""Any process that modulates the frequency, rate or extent of the chemical reactions and pathways resulting in the formation of nitric oxide."" [GOC:go_curators]",71,146,6,26963,0.0410958904109589,0.08450704225352113,query_1,"['GO:0006809', 'GO:0009889', 'GO:0080164']",2
GO:BP,GO:0010573,vascular endothelial growth factor production,0.004090887032969283,True,"""The appearance of vascular endothelial growth factor production due to biosynthesis or secretion following a cellular stimulus, resulting in an increase in its intracellular or extracellular levels."" [GOC:rl]",40,146,5,26963,0.03424657534246575,0.125,query_1,['GO:0001816'],2
GO:BP,GO:0045619,regulation of lymphocyte differentiation,0.004115103708438672,True,"""Any process that modulates the frequency, rate or extent of lymphocyte differentiation."" [GOC:go_curators]",212,146,9,26963,0.06164383561643835,0.04245283018867924,query_1,"['GO:0030098', 'GO:0051249', 'GO:1902105']",2
GO:BP,GO:0010605,negative regulation of macromolecule metabolic process,0.004195786012506706,True,"""Any process that decreases the frequency, rate or extent of the chemical reactions and pathways involving macromolecules, any molecule of high relative molecular mass, the structure of which essentially comprises the multiple repetition of units derived, actually or conceptually, from molecules of low relative molecular mass."" [GOC:dph, GOC:tb]",3101,146,37,26963,0.2534246575342466,0.011931634956465657,query_1,"['GO:0009892', 'GO:0043170', 'GO:0060255']",2
GO:BP,GO:0071375,cellular response to peptide hormone stimulus,0.004254566073287526,True,"""Any process that results in a change in state or activity of a cell (in terms of movement, secretion, enzyme production, gene expression, etc.) as a result of a peptide hormone stimulus. A peptide hormone is any of a class of peptides that are secreted into the blood stream and have endocrine functions in living animals."" [GOC:mah]",339,146,11,26963,0.07534246575342465,0.032448377581120944,query_1,"['GO:0032870', 'GO:0043434', 'GO:1901699', 'GO:1901701']",2
GO:BP,GO:0002758,innate immune response-activating signaling pathway,0.004370147764248138,True,"""The series of molecular signals generated by a ligand binding to its receptor that lead to the activation or perpetuation of an innate immune response."" [GOC:jy, GOC:mah, PMID:11418339, PMID:28105028]",274,146,10,26963,0.0684931506849315,0.0364963503649635,query_1,"['GO:0002218', 'GO:0002757']",2
GO:BP,GO:0062197,cellular response to chemical stress,0.004376642774747725,True,"""Any process that results in a change in state or activity of a cell (in terms of movement, secretion, enzyme production, gene expression, etc.) as a result of a chemical stimulus indicating the organism is under stress."" [PMID:26653712]",340,146,11,26963,0.07534246575342465,0.03235294117647059,query_1,"['GO:0033554', 'GO:0070887']",2
GO:BP,GO:0071495,cellular response to endogenous stimulus,0.004390375960879943,True,"""Any process that results in a change in state or activity of a cell (in terms of movement, secretion, enzyme production, gene expression, etc.) as a result of a stimulus arising within the organism."" [GOC:mah]",1321,146,22,26963,0.1506849315068493,0.016654049962149888,query_1,['GO:0009719'],2
GO:BP,GO:2001233,regulation of apoptotic signaling pathway,0.0046071899395638315,True,"""Any process that modulates the frequency, rate or extent of apoptotic signaling pathway."" [GOC:mtg_apoptosis]",413,146,12,26963,0.0821917808219178,0.029055690072639227,query_1,"['GO:0009966', 'GO:0042981', 'GO:0097190']",2
GO:BP,GO:0046637,regulation of alpha-beta T cell differentiation,0.004785152808985878,True,"""Any process that modulates the frequency, rate or extent of alpha-beta T cell differentiation."" [GOC:ai]",73,146,6,26963,0.0410958904109589,0.0821917808219178,query_1,"['GO:0045580', 'GO:0046632', 'GO:0046634']",2
GO:BP,GO:1902532,negative regulation of intracellular signal transduction,0.005219383166387358,True,"""Any process that stops, prevents or reduces the frequency, rate or extent of intracellular signal transduction."" [GOC:dph, GOC:signaling, GOC:tb, GOC:TermGenie]",659,146,15,26963,0.10273972602739725,0.02276176024279211,query_1,"['GO:0009968', 'GO:0035556', 'GO:1902531']",2
GO:BP,GO:0045622,regulation of T-helper cell differentiation,0.005242822710126656,True,"""Any process that modulates the frequency, rate or extent of T-helper cell differentiation."" [GOC:go_curators]",42,146,5,26963,0.03424657534246575,0.11904761904761904,query_1,"['GO:0002697', 'GO:0042093', 'GO:0043370', 'GO:0050776']",2
GO:BP,GO:0048661,positive regulation of smooth muscle cell proliferation,0.005609377232610681,True,"""Any process that activates or increases the rate or extent of smooth muscle cell proliferation."" [CL:0000192, GOC:ebc]",116,146,7,26963,0.04794520547945205,0.0603448275862069,query_1,"['GO:0008284', 'GO:0048659', 'GO:0048660']",2
GO:BP,GO:0080164,regulation of nitric oxide metabolic process,0.005610122376116562,True,"""Any process that modulates the frequency, rate or extent of the chemical reactions and pathways involving nitric oxide, nitrogen monoxide (NO), a colorless gas only slightly soluble in water."" [GOC:DHL]",75,146,6,26963,0.0410958904109589,0.08,query_1,"['GO:0019222', 'GO:0046209']",2
GO:BP,GO:0032675,regulation of interleukin-6 production,0.005693456906788736,True,"""Any process that modulates the frequency, rate, or extent of interleukin-6 production."" [GOC:mah]",165,146,8,26963,0.0547945205479452,0.048484848484848485,query_1,"['GO:0001817', 'GO:0032635']",2
GO:BP,GO:0032635,interleukin-6 production,0.005693456906788736,True,"""The appearance of interleukin-6 due to biosynthesis or secretion following a cellular stimulus, resulting in an increase in its intracellular or extracellular levels."" [GOC:mah]",165,146,8,26963,0.0547945205479452,0.048484848484848485,query_1,['GO:0001816'],2
GO:BP,GO:0007613,memory,0.0059546306250768165,True,"""The activities involved in the mental information processing system that receives (registers), modifies, stores, and retrieves informational stimuli. The main stages involved in the formation and retrieval of memory are encoding (processing of received information by acquisition), storage (building a permanent record of received information as a result of consolidation) and retrieval (calling back the stored information and use it in a suitable way to execute a given task)."" [GOC:curators, ISBN:0582227089]",166,146,8,26963,0.0547945205479452,0.04819277108433735,query_1,['GO:0007611'],2
GO:BP,GO:0097192,extrinsic apoptotic signaling pathway in absence of ligand,0.0060639952791083545,True,"""The series of molecular signals in which a signal is conveyed from the cell surface to trigger the apoptotic death of a cell. The pathway starts with withdrawal of a ligand from a cell surface receptor, and ends when the execution phase of apoptosis is triggered."" [GOC:mtg_apoptosis, PMID:15044679, PMID:20816705]",76,146,6,26963,0.0410958904109589,0.07894736842105263,query_1,"['GO:0038034', 'GO:0097191']",2
GO:BP,GO:0070371,ERK1 and ERK2 cascade,0.0062671965215054136,True,"""A MAPK cascade containing at least the ERK1 or ERK2 MAP kinases. It starts with the activation of a MAP3K, and the consecutive activation of a MPK2K and of ERK1 or ERK2. The cascade can also contain an additional tier: the upstream MAP4K. The kinases in each tier phosphorylate and activate the kinase in the downstream tier. The ERK1/ERK2 cascade is activated by mitogens, growth factors, G protein-coupled receptors, and results in cellular responses such as cell proliferation, cell differentiation and development."" [PMID:20811974, PMID:23125017, PMID:28903453]",353,146,11,26963,0.07534246575342465,0.031161473087818695,query_1,['GO:0000165'],2
GO:BP,GO:0000302,response to reactive oxygen species,0.0064541152427037805,True,"""Any process that results in a change in state or activity of a cell or an organism (in terms of movement, secretion, enzyme production, gene expression, etc.) as a result of a reactive oxygen species stimulus. Reactive oxygen species include singlet oxygen, superoxide, and oxygen free radicals."" [GOC:krc]",224,146,9,26963,0.06164383561643835,0.04017857142857143,query_1,"['GO:0006979', 'GO:1901700']",2
GO:BP,GO:0032732,positive regulation of interleukin-1 production,0.00654730132667229,True,"""Any process that activates or increases the frequency, rate, or extent of interleukin-1 production."" [GOC:mah]",77,146,6,26963,0.0410958904109589,0.07792207792207792,query_1,"['GO:0001819', 'GO:0032612', 'GO:0032652']",2
GO:BP,GO:0042092,type 2 immune response,0.006635254854921433,True,"""An immune response which is associated with resistance to extracellular organisms such as helminths and pathological conditions such as allergy, which is orchestrated by the production of particular cytokines, most notably IL-4, IL-5, IL-10, and IL-13, by any of a variety of cell types including T-helper 2 cells, eosinophils, basophils, mast cells, and nuocytes, resulting in enhanced production of certain antibody isotypes and other effects."" [GOC:add, ISBN:0781735149, PMID:18000958, PMID:18007680, PMID:20065995, PMID:20200518]",44,146,5,26963,0.03424657534246575,0.11363636363636363,query_1,['GO:0006955'],2
GO:BP,GO:0038034,signal transduction in absence of ligand,0.007061478869097913,True,"""The series of molecular signals initiated by the absence of a ligand or the withdrawal of a ligand from a receptor."" [GOC:al, GOC:ppm, GOC:pr, PMID:15044679]",78,146,6,26963,0.0410958904109589,0.07692307692307693,query_1,['GO:0007165'],2
GO:BP,GO:0007616,long-term memory,0.007432247523981112,True,"""The memory process that deals with the storage, retrieval and modification of information a long time (typically weeks, months or years) after receiving that information. This type of memory is typically dependent on gene transcription regulated by second messenger activation."" [http://hebb.mit.edu/courses/9.03/lecture4.html, ISBN:0582227089]",45,146,5,26963,0.03424657534246575,0.1111111111111111,query_1,['GO:0007613'],2
GO:BP,GO:0008625,extrinsic apoptotic signaling pathway via death domain receptors,0.007608013150336067,True,"""The series of molecular signals in which a signal is conveyed from the cell surface to trigger the apoptotic death of a cell. The pathway starts with a ligand binding to a death domain receptor on the cell surface, and ends when the execution phase of apoptosis is triggered."" [GOC:mah, GOC:mtg_apoptosis]",79,146,6,26963,0.0410958904109589,0.0759493670886076,query_1,['GO:0097191'],2
GO:BP,GO:0007049,cell cycle,0.0076323385486268365,True,"""The progression of biochemical and morphological phases and events that occur in a cell during successive cell replication or nuclear replication events. Canonically, the cell cycle comprises the replication and segregation of genetic material followed by the division of the cell, but in endocycles or syncytial cells nuclear replication or nuclear division may not be followed by cell division."" [GOC:go_curators, GOC:mtg_cell_cycle]",1813,146,26,26963,0.1780821917808219,0.014340871483728626,query_1,['GO:0009987'],2
GO:BP,GO:0045064,T-helper 2 cell differentiation,0.007659781587368289,True,"""The process in which a relatively unspecialized T cell acquires specialized features of a T-helper 2 (Th2) cell. A Th2 cell is a CD4-positive, alpha-beta T cell that has the phenotype GATA-3-positive and produces interleukin-4."" [CL:0000546, GOC:ebc]",21,146,4,26963,0.0273972602739726,0.19047619047619047,query_1,"['GO:0042092', 'GO:0042093']",2
GO:BP,GO:0150076,neuroinflammatory response,0.008188437009688417,True,"""The immediate defensive reaction by neural vertebrate tissue to infection or injury caused by chemical or physical agents."" [GOC:aruk, GOC:bc, PMID:10981966, PMID:11099416, PMID:18164423]",80,146,6,26963,0.0410958904109589,0.075,query_1,['GO:0006954'],2
GO:BP,GO:0042102,positive regulation of T cell proliferation,0.008279546699067074,True,"""Any process that activates or increases the rate or extent of T cell proliferation."" [GOC:ai]",123,146,7,26963,0.04794520547945205,0.056910569105691054,query_1,"['GO:0042098', 'GO:0042129', 'GO:0050671', 'GO:0050870']",2
GO:BP,GO:2000516,"positive regulation of CD4-positive, alpha-beta T cell activation",0.008302413530836203,True,"""Any process that activates or increases the frequency, rate or extent of CD4-positive, alpha-beta T cell activation."" [GOC:obol]",46,146,5,26963,0.03424657534246575,0.10869565217391304,query_1,"['GO:0035710', 'GO:0046635', 'GO:2000514']",2
GO:BP,GO:1902041,regulation of extrinsic apoptotic signaling pathway via death domain receptors,0.008302413530836203,True,"""Any process that modulates the frequency, rate or extent of extrinsic apoptotic signaling pathway via death domain receptors."" [GOC:TermGenie, PMID:17245429]",46,146,5,26963,0.03424657534246575,0.10869565217391304,query_1,"['GO:0008625', 'GO:2001236']",2
GO:BP,GO:0042325,regulation of phosphorylation,0.008341919557532027,True,"""Any process that modulates the frequency, rate or extent of addition of phosphate groups into a molecule."" [GOC:jl]",868,146,17,26963,0.11643835616438356,0.019585253456221197,query_1,"['GO:0016310', 'GO:0019220']",2
GO:BP,GO:0032652,regulation of interleukin-1 production,0.008735509278809396,True,"""Any process that modulates the frequency, rate, or extent of interleukin-1 production."" [GOC:mah]",124,146,7,26963,0.04794520547945205,0.056451612903225805,query_1,"['GO:0001817', 'GO:0032612']",2
GO:BP,GO:0032612,interleukin-1 production,0.008735509278809396,True,"""The appearance of interleukin-1 due to biosynthesis or secretion following a cellular stimulus, resulting in an increase in its intracellular or extracellular levels."" [GOC:mah]",124,146,7,26963,0.04794520547945205,0.056451612903225805,query_1,['GO:0001816'],2
GO:BP,GO:0048245,eosinophil chemotaxis,0.009322604346090167,True,"""The movement of an eosinophil in response to an external stimulus."" [GOC:jid, PMID:11292027, PMID:12391252]",22,146,4,26963,0.0273972602739726,0.18181818181818182,query_1,"['GO:0071621', 'GO:0072677']",2
GO:BP,GO:0045786,negative regulation of cell cycle,0.009547370016351621,True,"""Any process that stops, prevents or reduces the rate or extent of progression through the cell cycle."" [GOC:dph, GOC:go_curators, GOC:tb]",369,146,11,26963,0.07534246575342465,0.02981029810298103,query_1,"['GO:0007049', 'GO:0048523', 'GO:0051726']",2
GO:BP,GO:0002218,activation of innate immune response,0.010032723741033235,True,"""Any process that initiates an innate immune response. Innate immune responses are defense responses mediated by germline encoded components that directly recognize components of potential pathogens. Examples of this process include activation of the hypersensitive response of Arabidopsis thaliana and activation of any NOD or TLR signaling pathway in vertebrate species."" [GO_REF:0000022, GOC:add, GOC:mtg_sensu, ISBN:0781735149, PMID:15199967, PMID:16177805]",301,146,10,26963,0.0684931506849315,0.03322259136212625,query_1,"['GO:0002253', 'GO:0045089']",2
GO:BP,GO:0006809,nitric oxide biosynthetic process,0.010149102899390715,True,"""The chemical reactions and pathways resulting in the formation of nitric oxide, nitrogen monoxide (NO), a colorless gas only slightly soluble in water."" [GOC:ai]",83,146,6,26963,0.0410958904109589,0.07228915662650602,query_1,"['GO:0009058', 'GO:0046209']",2
GO:BP,GO:0043523,regulation of neuron apoptotic process,0.010328838907478656,True,"""Any process that modulates the occurrence or rate of cell death by apoptotic process in neurons."" [GOC:go_curators, GOC:mtg_apoptosis]",302,146,10,26963,0.0684931506849315,0.033112582781456956,query_1,"['GO:0042981', 'GO:0051402']",2
GO:BP,GO:0032649,regulation of type II interferon production,0.010773856984832929,True,"""Any process that modulates the frequency, rate, or extent of interferon-gamma production. Interferon-gamma is also known as type II interferon."" [GOC:add, GOC:mah, PMID:15546383]",128,146,7,26963,0.04794520547945205,0.0546875,query_1,"['GO:0001817', 'GO:0032609']",2
GO:BP,GO:0045624,positive regulation of T-helper cell differentiation,0.011237829851418076,True,"""Any process that activates or increases the frequency, rate or extent of T-helper cell differentiation."" [GOC:go_curators]",23,146,4,26963,0.0273972602739726,0.17391304347826086,query_1,"['GO:0002699', 'GO:0042093', 'GO:0043372', 'GO:0045622', 'GO:0050778']",2
GO:BP,GO:0043122,regulation of canonical NF-kappaB signal transduction,0.011285966751534256,True,"""Any process that modulates the canonical NF-kappaB signaling cascade."" [GOC:jl, PMID:12773372]",240,146,9,26963,0.06164383561643835,0.0375,query_1,"['GO:0007249', 'GO:1902531']",2
GO:BP,GO:0032609,type II interferon production,0.011340896772150541,True,"""The appearance of interferon-gamma due to biosynthesis or secretion following a cellular stimulus, resulting in an increase in its intracellular or extracellular levels. Interferon-gamma is also known as type II interferon."" [GOC:add, GOC:mah, PMID:15546383]",129,146,7,26963,0.04794520547945205,0.05426356589147287,query_1,['GO:0001816'],2
GO:BP,GO:0032729,positive regulation of type II interferon production,0.011655967810875089,True,"""Any process that activates or increases the frequency, rate, or extent of interferon-gamma production. Interferon-gamma is also known as type II interferon."" [GOC:add, GOC:mah, PMID:15546383]",85,146,6,26963,0.0410958904109589,0.07058823529411765,query_1,"['GO:0001819', 'GO:0032609', 'GO:0032649']",2
GO:BP,GO:0022414,reproductive process,0.01252886454550048,True,"""A biological process that directly contributes to the process of producing new individuals by one or two organisms. The new individuals inherit some proportion of their genetic material from the parent or parents."" [GOC:dph, GOC:isa_complete]",1864,146,26,26963,0.1780821917808219,0.013948497854077254,query_1,['GO:0008150'],2
GO:BP,GO:0001776,leukocyte homeostasis,0.0125495499791371,True,"""The process of regulating the proliferation and elimination of cells of the immune system such that the total number of cells of a particular cell type within a whole or part of an organism is stable over time in the absence of an outside stimulus."" [GOC:add, ISBN:0781735149]",131,146,7,26963,0.04794520547945205,0.05343511450381679,query_1,"['GO:0002376', 'GO:0048872']",2
GO:BP,GO:0010629,negative regulation of gene expression,0.012793569324757711,True,"""Any process that decreases the frequency, rate or extent of gene expression. Gene expression is the process in which a gene's coding sequence is converted into a mature gene product (protein or RNA)."" [GOC:txnOH-2018]",1523,146,23,26963,0.15753424657534246,0.015101772816808929,query_1,"['GO:0010467', 'GO:0010468', 'GO:0010558']",2
GO:BP,GO:0032760,positive regulation of tumor necrosis factor production,0.013192851174008768,True,"""Any process that activates or increases the frequency, rate or extent of tumor necrosis factor production."" [GO_REF:0000058, GOC:TermGenie, PMID:10891884, PMID:15560120]",132,146,7,26963,0.04794520547945205,0.05303030303030303,query_1,"['GO:0032640', 'GO:0032680', 'GO:1903557']",2
GO:BP,GO:0034114,regulation of heterotypic cell-cell adhesion,0.0134287298163603,True,"""Any process that modulates the frequency, rate, or extent of heterotypic cell-cell adhesion."" [GOC:add]",24,146,4,26963,0.0273972602739726,0.16666666666666666,query_1,"['GO:0022407', 'GO:0034113']",2
GO:BP,GO:0097398,cellular response to interleukin-17,0.0134287298163603,True,"""Any process that results in a change in state or activity of a cell (in terms of movement, secretion, enzyme production, gene expression, etc.) as a result of an interleukin-17 stimulus."" [GOC:pr]",24,146,4,26963,0.0273972602739726,0.16666666666666666,query_1,"['GO:0071345', 'GO:0097396']",2
GO:BP,GO:0002688,regulation of leukocyte chemotaxis,0.013863294390645788,True,"""Any process that modulates the frequency, rate, or extent of leukocyte chemotaxis."" [GOC:add]",133,146,7,26963,0.04794520547945205,0.05263157894736842,query_1,"['GO:0002685', 'GO:0030595', 'GO:0050920']",2
GO:BP,GO:0032762,mast cell cytokine production,0.01423024335358525,True,"""Any process that contributes to cytokine production by a mast cell."" [GOC:mah]",8,146,3,26963,0.02054794520547945,0.375,query_1,['GO:0061082'],2
GO:BP,GO:0032763,regulation of mast cell cytokine production,0.01423024335358525,True,"""Any process that modulates the frequency, rate, or extent of mast cell cytokine production."" [GOC:mah]",8,146,3,26963,0.02054794520547945,0.375,query_1,"['GO:0002718', 'GO:0032762']",2
GO:BP,GO:0031622,positive regulation of fever generation,0.01423024335358525,True,"""Any process that activates or increases the frequency, rate, or extent of fever generation."" [GOC:add]",8,146,3,26963,0.02054794520547945,0.375,query_1,"['GO:0001660', 'GO:0002675', 'GO:0031620', 'GO:0031652']",2
GO:BP,GO:2000321,positive regulation of T-helper 17 cell differentiation,0.01423024335358525,True,"""Any process that activates or increases the frequency, rate or extent of T-helper 17 cell differentiation."" [GOC:BHF, GOC:mah]",8,146,3,26963,0.02054794520547945,0.375,query_1,"['GO:0045624', 'GO:0072539', 'GO:2000318', 'GO:2000319']",2
GO:BP,GO:0010721,negative regulation of cell development,0.014518063376564472,True,"""Any process that decreases the rate, frequency or extent of the progression of the cell over time, from its formation to the mature structure. Cell development does not include the steps involved in committing a cell to a specific fate."" [GOC:BHF, GOC:dph, GOC:tb]",314,146,10,26963,0.0684931506849315,0.03184713375796178,query_1,"['GO:0045596', 'GO:0048468', 'GO:0060284']",2
GO:BP,GO:1903557,positive regulation of tumor necrosis factor superfamily cytokine production,0.014561774581192077,True,"""Any process that activates or increases the frequency, rate or extent of tumor necrosis factor superfamily cytokine production."" [GO_REF:0000058, GOC:TermGenie, PMID:24187568]",134,146,7,26963,0.04794520547945205,0.05223880597014925,query_1,"['GO:0001819', 'GO:0071706', 'GO:1903555']",2
GO:BP,GO:0006810,transport,0.014849652217845942,True,"""The directed movement of substances (such as macromolecules, small molecules, ions) or cellular components (such as complexes and organelles) into, out of or within a cell, or between cells, or within a multicellular organism by means of some agent such as a transporter or a transporter complex, a pore or a motor protein."" [GOC:dos, GOC:dph, GOC:jl, GOC:mah]",4387,146,45,26963,0.3082191780821918,0.010257579211306132,query_1,['GO:0051234'],2
GO:BP,GO:0065008,regulation of biological quality,0.014989973944131742,True,"""Any process that modulates a qualitative or quantitative trait of a biological quality. A biological quality is a measurable attribute of an organism or part of an organism, such as size, mass, shape, color, etc."" [GOC:dph, GOC:isa_complete, GOC:mah, GOC:pr, GOC:vw]",3142,146,36,26963,0.2465753424657534,0.011457670273711012,query_1,['GO:0065007'],2
GO:BP,GO:0045670,regulation of osteoclast differentiation,0.015214640374770222,True,"""Any process that modulates the frequency, rate or extent of osteoclast differentiation."" [GOC:go_curators]",89,146,6,26963,0.0410958904109589,0.06741573033707865,query_1,"['GO:0002761', 'GO:0030316']",2
GO:BP,GO:0045581,negative regulation of T cell differentiation,0.015335915411331965,True,"""Any process that stops, prevents, or reduces the frequency, rate or extent of T cell differentiation."" [GOC:go_curators]",52,146,5,26963,0.03424657534246575,0.09615384615384616,query_1,"['GO:0030217', 'GO:0045580', 'GO:0045620', 'GO:0050868']",2
GO:BP,GO:0051234,establishment of localization,0.0159964708615346,True,"""Any process that localizes a substance or cellular component. This may occur via movement, tethering or selective degradation."" [GOC:ai, GOC:dos]",4689,146,47,26963,0.3219178082191781,0.010023459159735551,query_1,['GO:0051179'],2
GO:BP,GO:0046638,positive regulation of alpha-beta T cell differentiation,0.016859934163362664,True,"""Any process that activates or increases the frequency, rate or extent of alpha-beta T cell differentiation."" [GOC:ai]",53,146,5,26963,0.03424657534246575,0.09433962264150944,query_1,"['GO:0045582', 'GO:0046632', 'GO:0046635', 'GO:0046637']",2
GO:BP,GO:0010332,response to gamma radiation,0.018499725358938932,True,"""Any process that results in a change in state or activity of a cell or an organism (in terms of movement, secretion, enzyme production, gene expression, etc.) as a result of a gamma radiation stimulus. Gamma radiation is a form of electromagnetic radiation (EMR) or light emission of a specific frequency produced from sub-atomic particle interaction, such as electron-positron annihilation and radioactive decay. Gamma rays are generally characterized as EMR having the highest frequency and energy, and also the shortest wavelength, within the electromagnetic radiation spectrum."" [GOC:tair_curators]",54,146,5,26963,0.03424657534246575,0.09259259259259259,query_1,['GO:0010212'],2
GO:BP,GO:0072677,eosinophil migration,0.01873482385258278,True,"""The movement of an eosinophil within or between different tissues and organs of the body."" [CL:0000771, GOC:BHF, GOC:mah]",26,146,4,26963,0.0273972602739726,0.15384615384615385,query_1,['GO:0097530'],2
GO:BP,GO:0097396,response to interleukin-17,0.01873482385258278,True,"""Any process that results in a change in state or activity of a cell or an organism (in terms of movement, secretion, enzyme production, gene expression, etc.) as a result of an interleukin-17 stimulus."" [GOC:pr]",26,146,4,26963,0.0273972602739726,0.15384615384615385,query_1,['GO:0034097'],2
GO:BP,GO:0097305,response to alcohol,0.018968690558804638,True,"""Any process that results in a change in state or activity of a cell or an organism (in terms of movement, secretion, enzyme production, gene expression, etc.) as a result of an alcohol stimulus."" [GOC:pr, PMID:24014527]",397,146,11,26963,0.07534246575342465,0.027707808564231738,query_1,['GO:1901700'],2
GO:BP,GO:0003158,endothelium development,0.020315803231973854,True,"""The process whose specific outcome is the progression of an endothelium over time, from its formation to the mature structure. Endothelium refers to the layer of cells lining blood vessels, lymphatics, the heart, and serous cavities, and is derived from bone marrow or mesoderm. Corneal endothelium is a special case, derived from neural crest cells."" [GOC:mtg_heart]",141,146,7,26963,0.04794520547945205,0.04964539007092199,query_1,['GO:0060429'],2
GO:BP,GO:0018193,peptidyl-amino acid modification,0.020328019360930306,True,"""The alteration of an amino acid residue in a peptide."" [GOC:mah]",648,146,14,26963,0.0958904109589041,0.021604938271604937,query_1,['GO:0036211'],2
GO:BP,GO:0046209,nitric oxide metabolic process,0.020850238581476076,True,"""The chemical reactions and pathways involving nitric oxide, nitrogen monoxide (NO), a colorless gas only slightly soluble in water."" [GOC:ai]",94,146,6,26963,0.0410958904109589,0.06382978723404255,query_1,['GO:2001057'],2
GO:BP,GO:0031394,positive regulation of prostaglandin biosynthetic process,0.021260551397520373,True,"""Any process that activates or increases the frequency, rate or extent of the chemical reactions and pathways resulting in the formation of prostaglandin."" [GOC:mah]",9,146,3,26963,0.02054794520547945,0.3333333333333333,query_1,"['GO:0001516', 'GO:0031392', 'GO:2001280']",2
GO:BP,GO:0036211,protein modification process,0.021307194261324512,True,"""The covalent alteration of one or more amino acids occurring in proteins, peptides and nascent polypeptides (co-translational, post-translational modifications). Includes the modification of charged tRNAs that are destined to occur in a protein (pre-translation modification)."" [GOC:bf, GOC:jl]",2666,146,32,26963,0.2191780821917808,0.012003000750187547,query_1,"['GO:0019538', 'GO:0043412']",2
GO:BP,GO:0048247,lymphocyte chemotaxis,0.022151331635681077,True,"""The directed movement of a lymphocyte in response to an external stimulus."" [GOC:hjd, GOC:jid, PMID:12391252]",56,146,5,26963,0.03424657534246575,0.08928571428571429,query_1,"['GO:0030595', 'GO:0072676']",2
GO:BP,GO:2001057,reactive nitrogen species metabolic process,0.023529919691090355,True,"""The chemical reactions and pathways involving a reactive nitrogen species."" [GOC:obol]",96,146,6,26963,0.0410958904109589,0.0625,query_1,['GO:0008152'],2
GO:BP,GO:0046635,positive regulation of alpha-beta T cell activation,0.023529919691090355,True,"""Any process that activates or increases the frequency, rate or extent of alpha-beta T cell activation."" [GOC:ai]",96,146,6,26963,0.0410958904109589,0.0625,query_1,"['GO:0046631', 'GO:0046634', 'GO:0050870']",2
GO:BP,GO:0002274,myeloid leukocyte activation,0.024185109182191813,True,"""A change in the morphology or behavior of a myeloid leukocyte resulting from exposure to an activating factor such as a cellular or soluble ligand."" [GOC:add, ISBN:0781735149]",264,146,9,26963,0.06164383561643835,0.03409090909090909,query_1,['GO:0045321'],2
GO:BP,GO:0071887,leukocyte apoptotic process,0.024372903773673325,True,"""Any apoptotic process in a leukocyte, an achromatic cell of the myeloid or lymphoid lineages capable of ameboid movement, found in blood or other tissue."" [CL:0000738, GOC:BHF, GOC:mah, GOC:mtg_apoptosis]",145,146,7,26963,0.04794520547945205,0.04827586206896552,query_1,['GO:0006915'],2
GO:BP,GO:2001237,negative regulation of extrinsic apoptotic signaling pathway,0.024970344563836653,True,"""Any process that stops, prevents or reduces the frequency, rate or extent of extrinsic apoptotic signaling pathway."" [GOC:mtg_apoptosis]",97,146,6,26963,0.0410958904109589,0.061855670103092786,query_1,"['GO:0097191', 'GO:2001234', 'GO:2001236']",2
GO:BP,GO:0090594,inflammatory response to wounding,0.025443492647895603,True,"""The immediate defensive reaction by vertebrate tissue to injury caused by chemical or physical agents."" [GOC:add]",28,146,4,26963,0.0273972602739726,0.14285714285714285,query_1,"['GO:0006954', 'GO:0009611']",2
GO:BP,GO:0002761,regulation of myeloid leukocyte differentiation,0.02548550545596284,True,"""Any process that modulates the frequency, rate, or extent of myeloid leukocyte differentiation."" [GOC:add]",146,146,7,26963,0.04794520547945205,0.04794520547945205,query_1,"['GO:0002573', 'GO:0045637', 'GO:1902105']",2
GO:BP,GO:0043412,macromolecule modification,0.02571145192502942,True,"""The covalent alteration of one or more monomeric units in a polypeptide, polynucleotide, polysaccharide, or other biological macromolecule, resulting in a change in its properties."" [GOC:go_curators]",2821,146,33,26963,0.22602739726027396,0.011697979439914925,query_1,['GO:0043170'],2
GO:BP,GO:0007346,regulation of mitotic cell cycle,0.02579265767015217,True,"""Any process that modulates the rate or extent of progress through the mitotic cell cycle."" [GOC:dph, GOC:go_curators, GOC:tb]",490,146,12,26963,0.0821917808219178,0.024489795918367346,query_1,"['GO:0000278', 'GO:0051726']",2
GO:BP,GO:0038066,p38MAPK cascade,0.026341970348303666,True,"""A MAPK cascade containing at least the p38MAPK (MAPK14) MAP kinase, or Hog1 in yeast. It starts with the activation of a MAP3K, and the consecutive activation of a MPK2K and of p38MAPK. The cascade can also contain an additional tier: the upstream MAP4K. The kinases in each tier phosphorylate and activate the kinases in the downstream tier. The p38MAPK cascade is activated by stress signals, including hyperosmolarity, as well as by G protein-coupled receptors, growth factors, and cytokines, and results in cellular responses such as cell proliferation, cell differentiation, apoptosis and inflammation."" [PMID:20811974, PMID:23125017, PMID:32794416]",58,146,5,26963,0.03424657534246575,0.08620689655172414,query_1,['GO:0000165'],2
GO:BP,GO:0045732,positive regulation of protein catabolic process,0.026925628501506798,True,"""Any process that activates or increases the frequency, rate or extent of the chemical reactions and pathways resulting in the breakdown of a protein by the destruction of the native, active configuration, with or without the hydrolysis of peptide bonds."" [GOC:go_curators]",204,146,8,26963,0.0547945205479452,0.0392156862745098,query_1,"['GO:0009896', 'GO:0030163', 'GO:0042176', 'GO:0051247']",2
GO:BP,GO:0031649,heat generation,0.029390523815294337,True,"""Any homeostatic process in which an organism produces heat, thereby raising its internal temperature."" [GOC:mah]",29,146,4,26963,0.0273972602739726,0.13793103448275862,query_1,['GO:0001659'],2
GO:BP,GO:0031620,regulation of fever generation,0.03025156413188003,True,"""Any process that modulates the rate or extent of fever generation."" [GOC:add, GOC:dph, GOC:tb]",10,146,3,26963,0.02054794520547945,0.3,query_1,"['GO:0001660', 'GO:0002673', 'GO:0031650']",2
GO:BP,GO:0002824,positive regulation of adaptive immune response based on somatic recombination of immune receptors built from immunoglobulin superfamily domains,0.03036483665142455,True,"""Any process that activates or increases the frequency, rate, or extent of an adaptive immune response based on somatic recombination of immune receptors built from immunoglobulin superfamily domains. An example of this process is found in the Gnathostomata."" [GOC:add, GOC:mtg_sensu]",150,146,7,26963,0.04794520547945205,0.04666666666666667,query_1,"['GO:0002460', 'GO:0002821', 'GO:0002822']",2
GO:BP,GO:0032640,tumor necrosis factor production,0.030969058846010356,True,"""The appearance of tumor necrosis factor due to biosynthesis or secretion following a cellular stimulus, resulting in an increase in its intracellular or extracellular levels. Tumor necrosis factor is an inflammatory cytokine produced by macrophages/monocytes during acute inflammation and which is responsible for a diverse range of signaling events within cells, leading to necrosis or apoptosis."" [GOC:mah, PMID:10891884, PMID:15560120]",208,146,8,26963,0.0547945205479452,0.038461538461538464,query_1,['GO:0071706'],2
GO:BP,GO:0032680,regulation of tumor necrosis factor production,0.030969058846010356,True,"""Any process that modulates the frequency, rate or extent of tumor necrosis factor production."" [GOC:mah, PMID:10891884, PMID:15560120]",208,146,8,26963,0.0547945205479452,0.038461538461538464,query_1,"['GO:0032640', 'GO:1903555']",2
GO:BP,GO:0045620,negative regulation of lymphocyte differentiation,0.03112580642317687,True,"""Any process that stops, prevents, or reduces the frequency, rate or extent of lymphocyte differentiation."" [GOC:go_curators]",60,146,5,26963,0.03424657534246575,0.08333333333333333,query_1,"['GO:0030098', 'GO:0045619', 'GO:0051250', 'GO:1902106']",2
GO:BP,GO:0009895,negative regulation of catabolic process,0.031130853208436633,True,"""Any process that stops, prevents, or reduces the frequency, rate or extent of the chemical reactions and pathways resulting in the breakdown of substances."" [GOC:go_curators]",343,146,10,26963,0.0684931506849315,0.029154518950437316,query_1,"['GO:0009056', 'GO:0009892', 'GO:0009894']",2
GO:BP,GO:0080135,regulation of cellular response to stress,0.03147574416731289,True,"""Any process that modulates the frequency, rate or extent of a cellular response to stress. Cellular response to stress is a change in state or activity of a cell (in terms of movement, secretion, enzyme production, gene expression, etc.) as a result of a stimulus indicating the organism is under stress. The stress is usually, but not necessarily, exogenous (e.g. temperature, humidity, ionizing radiation)."" [GOC:dhl]",500,146,12,26963,0.0821917808219178,0.024,query_1,"['GO:0033554', 'GO:0050794', 'GO:0080134']",2
GO:BP,GO:0010558,negative regulation of macromolecule biosynthetic process,0.03311243786414902,True,"""Any process that decreases the rate, frequency or extent of the chemical reactions and pathways resulting in the formation of a macromolecule, any molecule of high relative molecular mass, the structure of which essentially comprises the multiple repetition of units derived, actually or conceptually, from molecules of low relative molecular mass."" [GOC:dph, GOC:tb]",2725,146,32,26963,0.2191780821917808,0.011743119266055046,query_1,"['GO:0009059', 'GO:0009890', 'GO:0010556', 'GO:0010605']",2
GO:BP,GO:0034113,heterotypic cell-cell adhesion,0.033757904311680305,True,"""The attachment of a cell to a cell of a different type via adhesion molecules."" [GOC:add]",61,146,5,26963,0.03424657534246575,0.08196721311475409,query_1,['GO:0098609'],2
GO:BP,GO:2000108,positive regulation of leukocyte apoptotic process,0.033769771252150665,True,"""Any process that activates or increases the frequency, rate or extent of leukocyte apoptotic process."" [GOC:BHF, GOC:mtg_apoptosis]",30,146,4,26963,0.0273972602739726,0.13333333333333333,query_1,"['GO:0043065', 'GO:0071887', 'GO:2000106']",2
GO:BP,GO:1902042,negative regulation of extrinsic apoptotic signaling pathway via death domain receptors,0.033769771252150665,True,"""Any process that stops, prevents or reduces the frequency, rate or extent of extrinsic apoptotic signaling pathway via death domain receptors."" [GOC:TermGenie, PMID:17245429]",30,146,4,26963,0.0273972602739726,0.13333333333333333,query_1,"['GO:0008625', 'GO:1902041', 'GO:2001237']",2
GO:BP,GO:0006979,response to oxidative stress,0.034115445356843535,True,"""Any process that results in a change in state or activity of a cell or an organism (in terms of movement, secretion, enzyme production, gene expression, etc.) as a result of oxidative stress, a state often resulting from exposure to high levels of reactive oxygen species, e.g. superoxide anions, hydrogen peroxide (H2O2), and hydroxyl radicals."" [GOC:jl, PMID:12115731]",423,146,11,26963,0.07534246575342465,0.026004728132387706,query_1,['GO:0006950'],2
GO:BP,GO:0065009,regulation of molecular function,0.03461034176937208,True,"""Any process that modulates the frequency, rate or extent of a molecular function, an elemental biological activity occurring at the molecular level, such as catalysis or binding."" [GOC:isa_complete]",773,146,15,26963,0.10273972602739725,0.019404915912031046,query_1,['GO:0065007'],2
GO:BP,GO:0009410,response to xenobiotic stimulus,0.03470654955131232,True,"""Any process that results in a change in state or activity of a cell or an organism (in terms of movement, secretion, enzyme production, gene expression, etc.) as a result of a stimulus from a xenobiotic, a compound foreign to the organism exposed to it. It may be synthesized by another organism (like ampicilin) or it can be a synthetic chemical."" [GOC:jl, GOC:krc]",505,146,12,26963,0.0821917808219178,0.023762376237623763,query_1,['GO:0042221'],2
GO:BP,GO:0001666,response to hypoxia,0.03610450521296835,True,"""Any process that results in a change in state or activity of a cell or an organism (in terms of movement, secretion, enzyme production, gene expression, etc.) as a result of a stimulus indicating lowered oxygen tension. Hypoxia, defined as a decline in O2 levels below normoxic levels of 20.8 - 20.95%, results in metabolic adaptation at both the cellular and organismal level."" [GOC:hjd]",349,146,10,26963,0.0684931506849315,0.02865329512893983,query_1,"['GO:0006950', 'GO:0036293']",2
GO:BP,GO:2001280,positive regulation of unsaturated fatty acid biosynthetic process,0.04143070241927739,True,"""Any process that activates or increases the frequency, rate or extent of unsaturated fatty acid biosynthetic process."" [GO:0006636]",11,146,3,26963,0.02054794520547945,0.2727272727272727,query_1,"['GO:0006636', 'GO:0045723', 'GO:2001279']",2
GO:BP,GO:0002449,lymphocyte mediated immunity,0.0422612743276621,True,"""Any process involved in the carrying out of an immune response by a lymphocyte."" [GO_REF:0000022, GOC:add, ISBN:0781735149]",433,146,11,26963,0.07534246575342465,0.025404157043879907,query_1,['GO:0002443'],2
GO:BP,GO:0010212,response to ionizing radiation,0.042451178148313055,True,"""Any process that results in a change in state or activity of a cell or an organism (in terms of movement, secretion, enzyme production, gene expression, etc.) as a result of a ionizing radiation stimulus. Ionizing radiation is radiation with sufficient energy to remove electrons from atoms and may arise from spontaneous decay of unstable isotopes, resulting in alpha and beta particles and gamma rays. Ionizing radiation also includes X-rays."" [PMID:12509526]",158,146,7,26963,0.04794520547945205,0.04430379746835443,query_1,['GO:0009314'],2
GO:BP,GO:0032623,interleukin-2 production,0.04270445174780666,True,"""The appearance of interleukin-2 due to biosynthesis or secretion following a cellular stimulus, resulting in an increase in its intracellular or extracellular levels."" [GOC:mah]",64,146,5,26963,0.03424657534246575,0.078125,query_1,['GO:0001816'],2
GO:BP,GO:0032663,regulation of interleukin-2 production,0.04270445174780666,True,"""Any process that modulates the frequency, rate, or extent of interleukin-2 production."" [GOC:mah]",64,146,5,26963,0.03424657534246575,0.078125,query_1,"['GO:0001817', 'GO:0032623']",2
GO:BP,GO:0046889,positive regulation of lipid biosynthetic process,0.04368717126534419,True,"""Any process that activates or increases the frequency, rate or extent of the chemical reactions and pathways resulting in the formation of lipids."" [GOC:ai]",107,146,6,26963,0.0410958904109589,0.056074766355140186,query_1,"['GO:0008610', 'GO:0009891', 'GO:0045834', 'GO:0046890']",2
GO:BP,GO:0034405,response to fluid shear stress,0.04394045957521245,True,"""Any process that results in a change in state or activity of a cell or an organism (in terms of movement, secretion, enzyme production, gene expression, etc.) as a result of a fluid shear stress stimulus. Fluid shear stress is the force acting on an object in a system where the fluid is moving across a solid surface."" [GOC:sl]",32,146,4,26963,0.0273972602739726,0.125,query_1,['GO:0006950'],2
GO:BP,GO:0045934,negative regulation of nucleobase-containing compound metabolic process,0.04582173251973611,True,"""Any cellular process that stops, prevents, or reduces the frequency, rate or extent of the chemical reactions and pathways involving nucleobases, nucleosides, nucleotides and nucleic acids."" [GOC:go_curators]",1650,146,23,26963,0.15753424657534246,0.013939393939393939,query_1,"['GO:0006139', 'GO:0009892', 'GO:0019219']",2
GO:BP,GO:2001236,regulation of extrinsic apoptotic signaling pathway,0.046022509862052155,True,"""Any process that modulates the frequency, rate or extent of extrinsic apoptotic signaling pathway."" [GOC:mtg_apoptosis]",160,146,7,26963,0.04794520547945205,0.04375,query_1,"['GO:0097191', 'GO:2001233']",2
GO:BP,GO:0002690,positive regulation of leukocyte chemotaxis,0.04605245084231421,True,"""Any process that activates or increases the frequency, rate, or extent of leukocyte chemotaxis."" [GOC:add]",108,146,6,26963,0.0410958904109589,0.05555555555555555,query_1,"['GO:0002687', 'GO:0002688', 'GO:0030595', 'GO:0050921']",2
GO:BP,GO:0071674,mononuclear cell migration,0.04628502699351751,True,"""The movement of a mononuclear cell within or between different tissues and organs of the body."" [GOC:mah]",220,146,8,26963,0.0547945205479452,0.03636363636363636,query_1,['GO:0050900'],2
GO:BP,GO:0051402,neuron apoptotic process,0.047009582737824004,True,"""Any apoptotic process in a neuron, the basic cellular unit of nervous tissue. Each neuron consists of a body, an axon, and dendrites. Their purpose is to receive, conduct, and transmit impulses in the nervous system."" [CL:0000540, GOC:mtg_apoptosis]",360,146,10,26963,0.0684931506849315,0.027777777777777776,query_1,['GO:0006915'],2
GO:BP,GO:0002702,positive regulation of production of molecular mediator of immune response,0.04789882209864811,True,"""Any process that activates or increases the frequency, rate, or extent of the production of molecular mediator of immune response."" [GOC:add]",161,146,7,26963,0.04794520547945205,0.043478260869565216,query_1,"['GO:0002440', 'GO:0002699', 'GO:0002700', 'GO:0010628']",2
GO:BP,GO:0009743,response to carbohydrate,0.04930446129619508,True,"""Any process that results in a change in state or activity of a cell or an organism (in terms of movement, secretion, enzyme production, gene expression, etc.) as a result of a carbohydrate stimulus."" [GOC:jl]",289,146,9,26963,0.06164383561643835,0.031141868512110725,query_1,['GO:1901700'],2
GO:BP,GO:0050921,positive regulation of chemotaxis,0.04983765820367247,True,"""Any process that activates or increases the frequency, rate or extent of the directed movement of a motile cell or organism in response to a specific chemical concentration gradient."" [GOC:ai]",162,146,7,26963,0.04794520547945205,0.043209876543209874,query_1,"['GO:0006935', 'GO:0032103', 'GO:0040017', 'GO:0050920']",2
GO:BP,GO:0051239,regulation of multicellular organismal process,4.706316532445007e-22,True,"""Any process that modulates the frequency, rate or extent of a multicellular organismal process, the processes pertinent to the function of a multicellular organism above the cellular level; includes the integrated processes of tissues and organs."" [GOC:ai, GOC:dph, GOC:tb]",3145,115,59,26963,0.5130434782608696,0.01875993640699523,query_1,"['GO:0032501', 'GO:0050789']",3
GO:BP,GO:0002376,immune system process,1.389710573929688e-19,True,"""Any process involved in the development or functioning of the immune system, an organismal system for calibrated responses to potential internal or invasive threats."" [GO_REF:0000022, GOC:add]",2866,115,54,26963,0.46956521739130436,0.01884159106769016,query_1,['GO:0008150'],3
GO:BP,GO:0002682,regulation of immune system process,2.2659347053682664e-19,True,"""Any process that modulates the frequency, rate, or extent of an immune system process."" [GOC:add]",1590,115,42,26963,0.3652173913043478,0.026415094339622643,query_1,"['GO:0002376', 'GO:0050789']",3
GO:BP,GO:0051240,positive regulation of multicellular organismal process,4.628788978080543e-18,True,"""Any process that activates or increases the frequency, rate or extent of an organismal process, any of the processes pertinent to the function of an organism above the cellular level; includes the integrated processes of tissues and organs."" [GOC:ai]",1822,115,43,26963,0.3739130434782609,0.023600439077936335,query_1,"['GO:0032501', 'GO:0048518', 'GO:0051239']",3
GO:BP,GO:0010604,positive regulation of macromolecule metabolic process,1.011070352548573e-17,True,"""Any process that increases the frequency, rate or extent of the chemical reactions and pathways involving macromolecules, any molecule of high relative molecular mass, the structure of which essentially comprises the multiple repetition of units derived, actually or conceptually, from molecules of low relative molecular mass."" [GOC:dph, GOC:tb]",3404,115,56,26963,0.48695652173913045,0.01645123384253819,query_1,"['GO:0009893', 'GO:0043170', 'GO:0060255']",3
GO:BP,GO:0048522,positive regulation of cellular process,1.1701977972686324e-17,True,"""Any process that activates or increases the frequency, rate or extent of a cellular process, any of those that are carried out at the cellular level, but are not necessarily restricted to a single cell. For example, cell communication occurs among more than one cell, but occurs at the cellular level."" [GOC:jid]",6243,115,74,26963,0.6434782608695652,0.011853275668748999,query_1,"['GO:0009987', 'GO:0048518', 'GO:0050794']",3
GO:BP,GO:0001817,regulation of cytokine production,1.4657196205862314e-17,True,"""Any process that modulates the frequency, rate, or extent of production of a cytokine."" [GOC:add, ISBN:0781735149]",825,115,31,26963,0.26956521739130435,0.037575757575757575,query_1,"['GO:0001816', 'GO:0010468', 'GO:0051239']",3
GO:BP,GO:0001816,cytokine production,1.8726943588712827e-17,True,"""The appearance of a cytokine due to biosynthesis or secretion following a cellular stimulus, resulting in an increase in its intracellular or extracellular levels."" [GOC:add, ISBN:0781735149]",832,115,31,26963,0.26956521739130435,0.037259615384615384,query_1,"['GO:0010467', 'GO:0032501']",3
GO:BP,GO:0048518,positive regulation of biological process,5.459342582125291e-17,True,"""Any process that activates or increases the frequency, rate or extent of a biological process. Biological processes are regulated by many means; examples include the control of gene expression, protein modification or interaction with a protein or substrate molecule."" [GOC:jid]",6584,115,75,26963,0.6521739130434783,0.011391251518833537,query_1,"['GO:0008150', 'GO:0050789']",3
GO:BP,GO:0002684,positive regulation of immune system process,9.909980753003504e-17,True,"""Any process that activates or increases the frequency, rate, or extent of an immune system process."" [GOC:add]",1118,115,34,26963,0.2956521739130435,0.03041144901610018,query_1,"['GO:0002376', 'GO:0002682', 'GO:0048518']",3
GO:BP,GO:0009893,positive regulation of metabolic process,1.206255577988817e-16,True,"""Any process that activates or increases the frequency, rate or extent of the chemical reactions and pathways within a cell or an organism."" [GOC:go_curators]",3725,115,57,26963,0.4956521739130435,0.015302013422818792,query_1,"['GO:0008152', 'GO:0019222', 'GO:0048522']",3
GO:BP,GO:0032502,developmental process,1.4485656159001495e-16,True,"""A biological process whose specific outcome is the progression of an integrated living unit: an anatomical structure (which may be a subcellular structure, cell, tissue, or organ), or organism over time from an initial condition to a later condition."" [GOC:isa_complete]",6876,115,76,26963,0.6608695652173913,0.011052937754508435,query_1,['GO:0008150'],3
GO:BP,GO:0042127,regulation of cell population proliferation,2.0765325471103499e-16,True,"""Any process that modulates the frequency, rate or extent of cell proliferation."" [GOC:jl]",1802,115,41,26963,0.3565217391304348,0.022752497225305215,query_1,"['GO:0008283', 'GO:0050794']",3
GO:BP,GO:0010557,positive regulation of macromolecule biosynthetic process,2.1205298722768923e-16,True,"""Any process that increases the rate, frequency or extent of the chemical reactions and pathways resulting in the formation of a macromolecule, any molecule of high relative molecular mass, the structure of which essentially comprises the multiple repetition of units derived, actually or conceptually, from molecules of low relative molecular mass."" [GOC:dph, GOC:tb]",2708,115,49,26963,0.4260869565217391,0.01809453471196455,query_1,"['GO:0009059', 'GO:0009891', 'GO:0010556', 'GO:0010604']",3
GO:BP,GO:0009891,positive regulation of biosynthetic process,2.2814341160760364e-16,True,"""Any process that activates or increases the frequency, rate or extent of the chemical reactions and pathways resulting in the formation of substances."" [GOC:go_curators]",2837,115,50,26963,0.43478260869565216,0.017624250969333802,query_1,"['GO:0009058', 'GO:0009889', 'GO:0009893']",3
GO:BP,GO:0006954,inflammatory response,3.108224692130235e-16,True,"""The immediate defensive reaction (by vertebrate tissue) to infection or injury caused by chemical or physical agents. The process is characterized by local vasodilation, extravasation of plasma into intercellular spaces and accumulation of white blood cells and macrophages."" [GO_REF:0000022, ISBN:0198506732]",842,115,30,26963,0.2608695652173913,0.035629453681710214,query_1,['GO:0006952'],3
GO:BP,GO:0070887,cellular response to chemical stimulus,5.641288155471739e-16,True,"""Any process that results in a change in state or activity of a cell (in terms of movement, secretion, enzyme production, gene expression, etc.) as a result of a chemical stimulus."" [GOC:mah]",2527,115,47,26963,0.40869565217391307,0.018599129402453504,query_1,"['GO:0042221', 'GO:0051716']",3
GO:BP,GO:0007275,multicellular organism development,2.3949460889151466e-15,True,"""The biological process whose specific outcome is the progression of a multicellular organism over time from an initial condition (e.g. a zygote or a young adult) to a later condition (e.g. a multicellular animal or an aged adult)."" [GOC:dph, GOC:ems, GOC:isa_complete, GOC:tb]",4886,115,63,26963,0.5478260869565217,0.012893982808022923,query_1,"['GO:0032501', 'GO:0048856']",3
GO:BP,GO:0006950,response to stress,2.443813564528588e-15,True,"""Any process that results in a change in state or activity of a cell or an organism (in terms of movement, secretion, enzyme production, gene expression, etc.) as a result of a disturbance in organismal or cellular homeostasis, usually, but not necessarily, exogenous (e.g. temperature, humidity, ionizing radiation)."" [GOC:mah]",3966,115,57,26963,0.4956521739130435,0.014372163388804841,query_1,['GO:0050896'],3
GO:BP,GO:0035556,intracellular signal transduction,3.0250683978757593e-15,True,"""The process in which a signal is passed on to downstream components within the cell, which become activated themselves to further propagate the signal and finally trigger a change in the function or state of the cell."" [GOC:bf, GOC:jl, GOC:signaling, ISBN:3527303782]",2885,115,49,26963,0.4260869565217391,0.016984402079722703,query_1,['GO:0007165'],3
GO:BP,GO:0006952,defense response,3.1960300133770137e-15,True,"""Reactions, triggered in response to the presence of a foreign body or the occurrence of an injury, which result in restriction of damage to the organism attacked or prevention/recovery from the infection caused by the attack."" [GOC:go_curators]",1837,115,40,26963,0.34782608695652173,0.021774632553075667,query_1,['GO:0006950'],3
GO:BP,GO:0048856,anatomical structure development,3.415859386549804e-15,True,"""The biological process whose specific outcome is the progression of an anatomical structure from an initial condition to its mature state. This process begins with the formation of the structure and ends with the mature structure, whatever form that may be including its natural destruction. An anatomical structure is any biological entity that occupies space and is distinguished from its surroundings. Anatomical structures can be macroscopic such as a carpel, or microscopic such as an acrosome."" [GO_REF:0000021]",6290,115,71,26963,0.6173913043478261,0.011287758346581876,query_1,['GO:0032502'],3
GO:BP,GO:0008283,cell population proliferation,3.846421964954991e-15,True,"""The multiplication or reproduction of cells, resulting in the expansion of a cell population."" [GOC:mah, GOC:mb]",2176,115,43,26963,0.3739130434782609,0.019761029411764705,query_1,['GO:0009987'],3
GO:BP,GO:0042981,regulation of apoptotic process,5.322031835280594e-15,True,"""Any process that modulates the occurrence or rate of cell death by apoptotic process."" [GOC:jl, GOC:mtg_apoptosis]",1656,115,38,26963,0.33043478260869563,0.022946859903381644,query_1,"['GO:0006915', 'GO:0043067']",3
GO:BP,GO:0034097,response to cytokine,7.553819608133995e-15,True,"""Any process that results in a change in state or activity of a cell or an organism (in terms of movement, secretion, enzyme production, gene expression, etc.) as a result of a cytokine stimulus."" [GOC:sl]",1197,115,33,26963,0.28695652173913044,0.02756892230576441,query_1,['GO:1901652'],3
GO:BP,GO:1901652,response to peptide,1.0939581072696109e-14,True,"""Any process that results in a change in state or activity of a cell or an organism (in terms of movement, secretion, enzyme production, gene expression, etc.) as a result of a peptide stimulus."" [GOC:pr, GOC:TermGenie]",1212,115,33,26963,0.28695652173913044,0.027227722772277228,query_1,['GO:0042221'],3
GO:BP,GO:0007159,leukocyte cell-cell adhesion,1.2742489708713056e-14,True,"""The attachment of a leukocyte to another cell via adhesion molecules."" [GOC:go_curators]",418,115,22,26963,0.19130434782608696,0.05263157894736842,query_1,['GO:0098609'],3
GO:BP,GO:0043067,regulation of programmed cell death,1.3312615702582694e-14,True,"""Any process that modulates the frequency, rate or extent of programmed cell death, cell death resulting from activation of endogenous cellular processes."" [GOC:jl]",1702,115,38,26963,0.33043478260869563,0.022326674500587545,query_1,"['GO:0012501', 'GO:0050794']",3
GO:BP,GO:0009605,response to external stimulus,1.6693072534420183e-14,True,"""Any process that results in a change in state or activity of a cell or an organism (in terms of movement, secretion, enzyme production, gene expression, etc.) as a result of an external stimulus."" [GOC:hb]",2624,115,46,26963,0.4,0.01753048780487805,query_1,['GO:0050896'],3
GO:BP,GO:0030154,cell differentiation,2.711027918354176e-14,True,"""The cellular developmental process in which a relatively unspecialized cell, e.g. embryonic or regenerative cell, acquires specialized structural and/or functional features that characterize a specific cell. Differentiation includes the processes involved in commitment of a cell to a specific fate and its subsequent development to the mature state."" [ISBN:0198506732]",4795,115,61,26963,0.5304347826086957,0.012721584984358707,query_1,['GO:0048869'],3
GO:BP,GO:0048869,cellular developmental process,2.739422550775246e-14,True,"""A biological process whose specific outcome is the progression of a cell over time from an initial condition to a later condition."" [GOC:isa_complete]",4796,115,61,26963,0.5304347826086957,0.012718932443703085,query_1,"['GO:0009987', 'GO:0032502']",3
GO:BP,GO:0006915,apoptotic process,2.804101416433589e-14,True,"""A programmed cell death process which begins when a cell receives an internal (e.g. DNA damage) or external signal (e.g. an extracellular death ligand), and proceeds through a series of biochemical events (signaling pathway phase) which trigger an execution phase. The execution phase is the last step of an apoptotic process, and is typically characterized by rounding-up of the cell, retraction of pseudopodes, reduction of cellular volume (pyknosis), chromatin condensation, nuclear fragmentation (karyorrhexis), plasma membrane blebbing and fragmentation of the cell into apoptotic bodies. When the execution phase is completed, the cell has died."" [GOC:cjm, GOC:dhl, GOC:ecd, GOC:go_curators, GOC:mtg_apoptosis, GOC:tb, ISBN:0198506732, PMID:18846107, PMID:21494263]",2066,115,41,26963,0.3565217391304348,0.01984511132623427,query_1,['GO:0012501'],3
GO:BP,GO:0001775,cell activation,2.835254735589867e-14,True,"""A multicellular organismal process by which exposure to an activating factor such as a cellular or soluble ligand results in a change in the morphology or behavior of a cell."" [GOC:mgi_curators]",1162,115,32,26963,0.2782608695652174,0.027538726333907058,query_1,"['GO:0009987', 'GO:0032501']",3
GO:BP,GO:1903037,regulation of leukocyte cell-cell adhesion,2.908489842610118e-14,True,"""Any process that modulates the frequency, rate or extent of leukocyte cell-cell adhesion."" [GO_REF:0000058, GOC:BHF, GOC:rl, GOC:TermGenie, PMID:21106532]",380,115,21,26963,0.1826086956521739,0.05526315789473684,query_1,"['GO:0007159', 'GO:0022407']",3
GO:BP,GO:0022407,regulation of cell-cell adhesion,3.6580105504019856e-14,True,"""Any process that modulates the frequency, rate or extent of attachment of a cell to another cell."" [GOC:isa_complete]",498,115,23,26963,0.2,0.04618473895582329,query_1,"['GO:0030155', 'GO:0098609']",3
GO:BP,GO:0040011,locomotion,5.254020246247377e-14,True,"""Self-propelled movement of a cell or organism from one location to another."" [GOC:dgh]",1278,115,33,26963,0.28695652173913044,0.025821596244131457,query_1,['GO:0008150'],3
GO:BP,GO:0010628,positive regulation of gene expression,7.753071149463859e-14,True,"""Any process that increases the frequency, rate or extent of gene expression. Gene expression is the process in which a gene's coding sequence is converted into a mature gene product (protein or RNA)."" [GOC:txnOH-2018]",1295,115,33,26963,0.28695652173913044,0.025482625482625483,query_1,"['GO:0010467', 'GO:0010468', 'GO:0010557']",3
GO:BP,GO:0045321,leukocyte activation,8.652206674302799e-14,True,"""A change in morphology and behavior of a leukocyte resulting from exposure to a specific antigen, mitogen, cytokine, cellular ligand, or soluble factor."" [GOC:add]",1033,115,30,26963,0.2608695652173913,0.02904162633107454,query_1,"['GO:0001775', 'GO:0002376']",3
GO:BP,GO:0012501,programmed cell death,8.657998007481025e-14,True,"""A process which begins when a cell receives an internal or external signal and activates a series of biochemical events (signaling pathway). The process ends with the death of the cell."" [GOC:lr, GOC:mtg_apoptosis]",2133,115,41,26963,0.3565217391304348,0.01922175339896859,query_1,['GO:0008219'],3
GO:BP,GO:0008219,cell death,8.657998007481025e-14,True,"""Any biological process that results in permanent cessation of all vital functions of a cell. A cell should be considered dead when any one of the following molecular or morphological criteria is met: (1) the cell has lost the integrity of its plasma membrane; (2) the cell, including its nucleus, has undergone complete fragmentation into discrete bodies (frequently referred to as apoptotic bodies). The cell corpse (or its fragments) may be engulfed by an adjacent cell in vivo, but engulfment of whole cells should not be considered a strict criteria to define cell death as, under some circumstances, live engulfed cells can be released from phagosomes (see PMID:18045538)."" [GOC:mah, GOC:mtg_apoptosis, PMID:25236395]",2133,115,41,26963,0.3565217391304348,0.01922175339896859,query_1,['GO:0009987'],3
GO:BP,GO:0001819,positive regulation of cytokine production,1.2567048179445886e-13,True,"""Any process that activates or increases the frequency, rate or extent of production of a cytokine."" [GOC:add, ISBN:0781735149]",527,115,23,26963,0.2,0.04364326375711575,query_1,"['GO:0001816', 'GO:0001817', 'GO:0010628', 'GO:0051240']",3
GO:BP,GO:0030097,hemopoiesis,1.493505089602465e-13,True,"""The process whose specific outcome is the progression of the myeloid and lymphoid derived organ/tissue systems of the blood and other parts of the body over time, from formation to the mature structure. The site of hemopoiesis is variable during development, but occurs primarily in bone marrow or kidney in many adult vertebrates."" [GOC:dgh, ISBN:0198506732]",1054,115,30,26963,0.2608695652173913,0.028462998102466792,query_1,['GO:0048468'],3
GO:BP,GO:2000026,regulation of multicellular organismal development,2.8542789411545305e-13,True,"""Any process that modulates the frequency, rate or extent of multicellular organismal development."" [GOC:obol]",1551,115,35,26963,0.30434782608695654,0.02256608639587363,query_1,"['GO:0007275', 'GO:0050793', 'GO:0051239']",3
GO:BP,GO:0048870,cell motility,3.4198776383717246e-13,True,"""Any process involved in the controlled self-propelled movement of a cell that results in translocation of the cell from one place to another."" [GOC:dgh, GOC:dph, GOC:isa_complete, GOC:mlg]",1769,115,37,26963,0.3217391304347826,0.020915771622385528,query_1,['GO:0009987'],3
GO:BP,GO:0006955,immune response,3.570760887433428e-13,True,"""Any immune system process that functions in the calibrated response of an organism to a potential internal or invasive threat."" [GO_REF:0000022, GOC:add]",1991,115,39,26963,0.3391304347826087,0.019588146659969864,query_1,"['GO:0002376', 'GO:0050896']",3
GO:BP,GO:0008284,positive regulation of cell population proliferation,4.3976726901824627e-13,True,"""Any process that activates or increases the rate or extent of cell proliferation."" [GOC:go_curators]",1097,115,30,26963,0.2608695652173913,0.027347310847766638,query_1,"['GO:0008283', 'GO:0042127', 'GO:0048522']",3
GO:BP,GO:0022409,positive regulation of cell-cell adhesion,4.667558248478339e-13,True,"""Any process that activates or increases the rate or extent of cell adhesion to another cell."" [GOC:isa_complete]",327,115,19,26963,0.16521739130434782,0.0581039755351682,query_1,"['GO:0022407', 'GO:0045785', 'GO:0098609']",3
GO:BP,GO:1903039,positive regulation of leukocyte cell-cell adhesion,5.229422928905278e-13,True,"""Any process that activates or increases the frequency, rate or extent of leukocyte cell-cell adhesion."" [GO_REF:0000058, GOC:BHF, GOC:rl, GOC:TermGenie, PMID:21106532]",280,115,18,26963,0.1565217391304348,0.06428571428571428,query_1,"['GO:0007159', 'GO:0022409', 'GO:1903037']",3
GO:BP,GO:0002694,regulation of leukocyte activation,8.930989186107754e-13,True,"""Any process that modulates the frequency, rate, or extent of leukocyte activation."" [GOC:add]",577,115,23,26963,0.2,0.03986135181975736,query_1,"['GO:0002682', 'GO:0045321', 'GO:0050865']",3
GO:BP,GO:0050793,regulation of developmental process,1.760390335144968e-12,True,"""Any process that modulates the frequency, rate or extent of development, the biological process whose specific outcome is the progression of a multicellular organism over time from an initial condition (e.g. a zygote, or a young adult) to a later condition (e.g. a multicellular animal or an aged adult)."" [GOC:go_curators]",2699,115,44,26963,0.3826086956521739,0.016302334197851057,query_1,"['GO:0032502', 'GO:0050789']",3
GO:BP,GO:0016477,cell migration,1.8129535214492823e-12,True,"""The controlled self-propelled movement of a cell from one site to a destination guided by molecular cues."" [GOC:cjm, GOC:dph, GOC:ems, GOC:pf, Wikipedia:Cell_migration]",1544,115,34,26963,0.2956521739130435,0.022020725388601035,query_1,['GO:0048870'],3
GO:BP,GO:1901700,response to oxygen-containing compound,2.8659899442951405e-12,True,"""Any process that results in a change in state or activity of a cell or an organism (in terms of movement, secretion, enzyme production, gene expression, etc.) as a result of an oxygen-containing compound stimulus."" [GOC:pr, GOC:TermGenie]",2004,115,38,26963,0.33043478260869563,0.018962075848303395,query_1,['GO:0042221'],3
GO:BP,GO:0048519,negative regulation of biological process,3.312115548104292e-12,True,"""Any process that stops, prevents, or reduces the frequency, rate or extent of a biological process. Biological processes are regulated by many means; examples include the control of gene expression, protein modification or interaction with a protein or substrate molecule."" [GOC:jid]",5981,115,65,26963,0.5652173913043478,0.010867747868249457,query_1,"['GO:0008150', 'GO:0050789']",3
GO:BP,GO:0032501,multicellular organismal process,3.865948532778547e-12,True,"""Any biological process, occurring at the level of a multicellular organism, pertinent to its function."" [GOC:curators, GOC:dph, GOC:isa_complete, GOC:tb]",8528,115,78,26963,0.6782608695652174,0.009146341463414634,query_1,['GO:0008150'],3
GO:BP,GO:0002696,positive regulation of leukocyte activation,3.868996663511555e-12,True,"""Any process that activates or increases the frequency, rate, or extent of leukocyte activation."" [GOC:add]",367,115,19,26963,0.16521739130434782,0.051771117166212535,query_1,"['GO:0002684', 'GO:0002694', 'GO:0045321', 'GO:0050867']",3
GO:BP,GO:0050865,regulation of cell activation,6.276007077712034e-12,True,"""Any process that modulates the frequency, rate or extent of cell activation, the change in the morphology or behavior of a cell resulting from exposure to an activating factor such as a cellular or soluble ligand."" [GOC:ai]",632,115,23,26963,0.2,0.03639240506329114,query_1,"['GO:0001775', 'GO:0050794', 'GO:0051239']",3
GO:BP,GO:0044419,biological process involved in interspecies interaction between organisms,7.553152882414373e-12,True,"""Any process evolved to enable an interaction with an organism of a different species."" [GOC:cc]",1950,115,37,26963,0.3217391304347826,0.018974358974358976,query_1,['GO:0008150'],3
GO:BP,GO:0048523,negative regulation of cellular process,8.163286708595692e-12,True,"""Any process that stops, prevents, or reduces the frequency, rate or extent of a cellular process, any of those that are carried out at the cellular level, but are not necessarily restricted to a single cell. For example, cell communication occurs among more than one cell, but occurs at the cellular level."" [GOC:jid]",5732,115,63,26963,0.5478260869565217,0.01099092812281926,query_1,"['GO:0009987', 'GO:0048519', 'GO:0050794']",3
GO:BP,GO:0045785,positive regulation of cell adhesion,8.28775663957385e-12,True,"""Any process that activates or increases the frequency, rate or extent of cell adhesion."" [GOC:go_curators]",504,115,21,26963,0.1826086956521739,0.041666666666666664,query_1,"['GO:0007155', 'GO:0030155', 'GO:0048522']",3
GO:BP,GO:0030155,regulation of cell adhesion,1.0779467393706729e-11,True,"""Any process that modulates the frequency, rate or extent of attachment of a cell to another cell or to the extracellular matrix."" [GOC:mah]",800,115,25,26963,0.21739130434782608,0.03125,query_1,"['GO:0007155', 'GO:0050794']",3
GO:BP,GO:0050794,regulation of cellular process,1.0916764794808984e-11,True,"""Any process that modulates the frequency, rate or extent of a cellular process, any of those that are carried out at the cellular level, but are not necessarily restricted to a single cell. For example, cell communication occurs among more than one cell, but occurs at the cellular level."" [GOC:go_curators]",12758,115,95,26963,0.8260869565217391,0.007446308198777238,query_1,"['GO:0009987', 'GO:0050789']",3
GO:BP,GO:0050867,positive regulation of cell activation,1.16766621568981e-11,True,"""Any process that activates or increases the frequency, rate or extent of activation."" [GOC:ai]",390,115,19,26963,0.16521739130434782,0.04871794871794872,query_1,"['GO:0001775', 'GO:0048522', 'GO:0050865', 'GO:0051240']",3
GO:BP,GO:0032496,response to lipopolysaccharide,1.2973351426331305e-11,True,"""Any process that results in a change in state or activity of an organism (in terms of movement, secretion, enzyme production, gene expression, etc.) as a result of a lipopolysaccharide stimulus; lipopolysaccharide is a major component of the cell wall of gram-negative bacteria."" [GOC:add, ISBN:0721601464]",452,115,20,26963,0.17391304347826086,0.04424778761061947,query_1,"['GO:0002237', 'GO:0033993', 'GO:1901700']",3
GO:BP,GO:0048583,regulation of response to stimulus,1.7500103482411997e-11,True,"""Any process that modulates the frequency, rate or extent of a response to a stimulus. Response to stimulus is a change in state or activity of a cell or an organism (in terms of movement, secretion, enzyme production, gene expression, etc.) as a result of a stimulus."" [GOC:jid]",4015,115,52,26963,0.45217391304347826,0.012951432129514322,query_1,"['GO:0050789', 'GO:0050896']",3
GO:BP,GO:0009888,tissue development,1.7781514401628726e-11,True,"""The process whose specific outcome is the progression of a tissue over time, from its formation to the mature structure."" [ISBN:0471245208]",2121,115,38,26963,0.33043478260869563,0.017916077322017915,query_1,['GO:0048856'],3
GO:BP,GO:0071345,cellular response to cytokine stimulus,2.140813096198245e-11,True,"""Any process that results in a change in state or activity of a cell (in terms of movement, secretion, enzyme production, gene expression, etc.) as a result of a cytokine stimulus."" [GOC:mah]",1082,115,28,26963,0.24347826086956523,0.025878003696857672,query_1,['GO:0034097'],3
GO:BP,GO:0050789,regulation of biological process,2.2402077873078375e-11,True,"""Any process that modulates the frequency, rate or extent of a biological process. Biological processes are regulated by many means; examples include the control of gene expression, protein modification or interaction with a protein or substrate molecule."" [GOC:ai, GOC:go_curators]",13153,115,96,26963,0.8347826086956521,0.007298715122025393,query_1,"['GO:0008150', 'GO:0065007']",3
GO:BP,GO:0002237,response to molecule of bacterial origin,2.5001620313460283e-11,True,"""Any process that results in a change in state or activity of an organism (in terms of movement, secretion, enzyme production, gene expression, etc.) as a result of a stimulus by molecules of bacterial origin such as peptides derived from bacterial flagellin."" [GOC:rl, GOC:sm]",468,115,20,26963,0.17391304347826086,0.042735042735042736,query_1,"['GO:0009617', 'GO:0043207']",3
GO:BP,GO:0042110,T cell activation,3.496179188783175e-11,True,"""The change in morphology and behavior of a mature or immature T cell resulting from exposure to a mitogen, cytokine, chemokine, cellular ligand, or an antigen for which it is specific."" [GOC:mgi_curators, ISBN:0781735149]",612,115,22,26963,0.19130434782608696,0.03594771241830065,query_1,['GO:0046649'],3
GO:BP,GO:0001568,blood vessel development,3.675056836711673e-11,True,"""The process whose specific outcome is the progression of a blood vessel over time, from its formation to the mature structure. The blood vessel is the vasculature carrying blood."" [GOC:hjd, UBERON:0001981]",764,115,24,26963,0.20869565217391303,0.031413612565445025,query_1,"['GO:0001944', 'GO:0048856']",3
GO:BP,GO:0009607,response to biotic stimulus,4.351976533718198e-11,True,"""Any process that results in a change in state or activity of a cell or an organism (in terms of movement, secretion, enzyme production, gene expression, etc.) as a result of a biotic stimulus, a stimulus caused or produced by a living organism."" [GOC:hb]",1832,115,35,26963,0.30434782608695654,0.01910480349344978,query_1,['GO:0050896'],3
GO:BP,GO:0051241,negative regulation of multicellular organismal process,5.452823562740723e-11,True,"""Any process that stops, prevents, or reduces the frequency, rate or extent of an organismal process, the processes pertinent to the function of an organism above the cellular level; includes the integrated processes of tissues and organs."" [GOC:ai]",1218,115,29,26963,0.25217391304347825,0.023809523809523808,query_1,"['GO:0032501', 'GO:0048519', 'GO:0051239']",3
GO:BP,GO:0048646,anatomical structure formation involved in morphogenesis,5.567788016861375e-11,True,"""The developmental process pertaining to the initial formation of an anatomical structure from unspecified parts. This process begins with the specific processes that contribute to the appearance of the discrete structure and ends when the structural rudiment is recognizable. An anatomical structure is any biological entity that occupies space and is distinguished from its surroundings. Anatomical structures can be macroscopic such as a carpel, or microscopic such as an acrosome."" [GOC:dph, GOC:jid, GOC:tb]",1219,115,29,26963,0.25217391304347825,0.02378999179655455,query_1,"['GO:0009653', 'GO:0032502']",3
GO:BP,GO:1901701,cellular response to oxygen-containing compound,7.118918472962112e-11,True,"""Any process that results in a change in state or activity of a cell (in terms of movement, secretion, enzyme production, gene expression, etc.) as a result of an oxygen-containing compound stimulus."" [GOC:pr, GOC:TermGenie]",1430,115,31,26963,0.26956521739130435,0.021678321678321677,query_1,"['GO:0070887', 'GO:1901700']",3
GO:BP,GO:0001944,vasculature development,8.978245536533387e-11,True,"""The process whose specific outcome is the progression of the vasculature over time, from its formation to the mature structure. The vasculature is an interconnected tubular multi-tissue structure that contains fluid that is actively transported around the organism."" [GOC:dph, UBERON:0002409]",796,115,24,26963,0.20869565217391303,0.03015075376884422,query_1,"['GO:0048731', 'GO:0072359']",3
GO:BP,GO:0060326,cell chemotaxis,9.683929092500735e-11,True,"""The directed movement of a motile cell guided by a specific chemical concentration gradient. Movement may be towards a higher concentration (positive chemotaxis) or towards a lower concentration (negative chemotaxis)."" [GOC:dph]",322,115,17,26963,0.14782608695652175,0.052795031055900624,query_1,"['GO:0006935', 'GO:0016477', 'GO:0070887']",3
GO:BP,GO:0051707,response to other organism,1.3796856262856798e-10,True,"""Any process that results in a change in state or activity of a cell or an organism (in terms of movement, secretion, enzyme production, gene expression, etc.) as a result of a stimulus from another living organism."" [GOC:ai]",1791,115,34,26963,0.2956521739130435,0.018983807928531545,query_1,"['GO:0043207', 'GO:0044419']",3
GO:BP,GO:0043207,response to external biotic stimulus,1.4710596739140695e-10,True,"""Any process that results in a change in state or activity of a cell or an organism (in terms of movement, secretion, enzyme production, gene expression, etc.) as a result of an external biotic stimulus, an external stimulus caused by, or produced by living things."" [GOC:go_curators]",1795,115,34,26963,0.2956521739130435,0.01894150417827298,query_1,"['GO:0009605', 'GO:0009607']",3
GO:BP,GO:0141124,intracellular signaling cassette,1.7531949257820994e-10,True,"""An intracellular signaling module that is part of larger signaling pathways that can be initiated either intracellularly or by cell surface receptors. Intracellular signaling cassettes are discrete signaling units that are often shared by multiple signaling pathways."" [GOC:ha, GOC:pg]",1806,115,34,26963,0.2956521739130435,0.018826135105204873,query_1,['GO:0035556'],3
GO:BP,GO:0065007,biological regulation,2.1858269005155344e-10,True,"""Any process that modulates a measurable attribute of any biological process, quality or function."" [GOC:dph, GOC:isa_complete, GOC:mah, GOC:pr, GOC:vw]",13542,115,96,26963,0.8347826086956521,0.007089056269384138,query_1,['GO:0008150'],3
GO:BP,GO:0060255,regulation of macromolecule metabolic process,2.2542733985444225e-10,True,"""Any process that modulates the frequency, rate or extent of the chemical reactions and pathways involving macromolecules, any molecule of high relative molecular mass, the structure of which essentially comprises the multiple repetition of units derived, actually or conceptually, from molecules of low relative molecular mass."" [GOC:dph, GOC:tb]",6316,115,64,26963,0.5565217391304348,0.01013299556681444,query_1,"['GO:0019222', 'GO:0043170']",3
GO:BP,GO:0002521,leukocyte differentiation,2.93478701857147e-10,True,"""The process in which a relatively unspecialized hemopoietic precursor cell acquires the specialized features of a leukocyte. A leukocyte is an achromatic cell of the myeloid or lymphoid lineages capable of ameboid movement, found in blood or other tissue."" [CL:0000738, GOC:add, PMID:16551264]",680,115,22,26963,0.19130434782608696,0.03235294117647059,query_1,"['GO:0030097', 'GO:0030154']",3
GO:BP,GO:0032101,regulation of response to external stimulus,3.075647240903344e-10,True,"""Any process that modulates the frequency, rate or extent of a response to an external stimulus."" [GOC:mah]",1110,115,27,26963,0.23478260869565218,0.024324324324324326,query_1,"['GO:0009605', 'GO:0048583']",3
GO:BP,GO:0046649,lymphocyte activation,3.6145945195258025e-10,True,"""A change in morphology and behavior of a lymphocyte resulting from exposure to a specific antigen, mitogen, cytokine, chemokine, cellular ligand, or soluble factor."" [GOC:mgi_curators, ISBN:0781735149]",849,115,24,26963,0.20869565217391303,0.028268551236749116,query_1,['GO:0045321'],3
GO:BP,GO:0051716,cellular response to stimulus,4.0949351620313063e-10,True,"""Any process that results in a change in state or activity of a cell (in terms of movement, secretion, enzyme production, gene expression, etc.) as a result of a stimulus. The process begins with detection of the stimulus by a cell and ends with a change in state or activity or the cell."" [GOC:bf, GOC:jl]",8566,115,75,26963,0.6521739130434783,0.00875554517861312,query_1,"['GO:0009987', 'GO:0050896']",3
GO:BP,GO:0072359,circulatory system development,4.1082554516319045e-10,True,"""The process whose specific outcome is the progression of the circulatory system over time, from its formation to the mature structure. The circulatory system is the organ system that passes nutrients (such as amino acids and electrolytes), gases, hormones, blood cells, etc. to and from cells in the body to help fight diseases and help stabilize body temperature and pH to maintain homeostasis."" [GOC:mah, UBERON:0001009]",1220,115,28,26963,0.24347826086956523,0.022950819672131147,query_1,['GO:0048731'],3
GO:BP,GO:0010556,regulation of macromolecule biosynthetic process,4.5088310404075067e-10,True,"""Any process that modulates the rate, frequency or extent of the chemical reactions and pathways resulting in the formation of a macromolecule, any molecule of high relative molecular mass, the structure of which essentially comprises the multiple repetition of units derived, actually or conceptually, from molecules of low relative molecular mass."" [GOC:dph, GOC:tb]",5509,115,59,26963,0.5130434782608696,0.010709747685605373,query_1,"['GO:0009059', 'GO:0009889', 'GO:0060255']",3
GO:BP,GO:0045595,regulation of cell differentiation,5.235110264173483e-10,True,"""Any process that modulates the frequency, rate or extent of cell differentiation, the process in which relatively unspecialized cells acquire specialized structural and functional features."" [GOC:go_curators]",1762,115,33,26963,0.28695652173913044,0.01872871736662883,query_1,"['GO:0030154', 'GO:0050793', 'GO:0050794']",3
GO:BP,GO:0009889,regulation of biosynthetic process,5.651304413147821e-10,True,"""Any process that modulates the frequency, rate or extent of the chemical reactions and pathways resulting in the formation of substances."" [GOC:go_curators]",5712,115,60,26963,0.5217391304347826,0.01050420168067227,query_1,"['GO:0009058', 'GO:0019222']",3
GO:BP,GO:2000145,regulation of cell motility,6.449963714894988e-10,True,"""Any process that modulates the frequency, rate or extent of cell motility."" [GOC:mah]",1051,115,26,26963,0.22608695652173913,0.024738344433872503,query_1,"['GO:0040012', 'GO:0048870', 'GO:0050794']",3
GO:BP,GO:0007166,cell surface receptor signaling pathway,7.078770357761801e-10,True,"""The series of molecular signals initiated by an extracellular ligand binding to a receptor located on the cell surface. The pathway ends with regulation of a downstream cellular process, e.g. transcription."" [GOC:signaling]",2776,115,41,26963,0.3565217391304348,0.014769452449567724,query_1,['GO:0007165'],3
GO:BP,GO:0050870,positive regulation of T cell activation,7.462719856338649e-10,True,"""Any process that activates or increases the frequency, rate or extent of T cell activation."" [GOC:ai]",256,115,15,26963,0.13043478260869565,0.05859375,query_1,"['GO:0042110', 'GO:0050863', 'GO:0051251', 'GO:1903039']",3
GO:BP,GO:0033993,response to lipid,8.356169643900558e-10,True,"""Any process that results in a change in state or activity of a cell or an organism (in terms of movement, secretion, enzyme production, gene expression, etc.) as a result of a lipid stimulus."" [GOC:sl]",1158,115,27,26963,0.23478260869565218,0.023316062176165803,query_1,['GO:0042221'],3
GO:BP,GO:1903706,regulation of hemopoiesis,8.577094427090032e-10,True,"""Any process that modulates the frequency, rate or extent of hemopoiesis."" [GO_REF:0000058, GOC:pad, GOC:PARL, GOC:TermGenie, PMID:20080761]",430,115,18,26963,0.1565217391304348,0.04186046511627907,query_1,"['GO:0002682', 'GO:0030097', 'GO:0060284', 'GO:2000026']",3
GO:BP,GO:0023057,negative regulation of signaling,9.820376010130385e-10,True,"""Any process that stops, prevents, or reduces the frequency, rate or extent of a signaling process."" [GOC:mtg_signal]",1471,115,30,26963,0.2608695652173913,0.020394289598912305,query_1,"['GO:0023051', 'GO:0023052', 'GO:0048519']",3
GO:BP,GO:0043068,positive regulation of programmed cell death,1.0329691950015675e-09,True,"""Any process that activates or increases the frequency, rate or extent of programmed cell death, cell death resulting from activation of endogenous cellular processes."" [GOC:jl]",646,115,21,26963,0.1826086956521739,0.032507739938080496,query_1,"['GO:0012501', 'GO:0043067', 'GO:0048522']",3
GO:BP,GO:0051249,regulation of lymphocyte activation,1.3130556974111374e-09,True,"""Any process that modulates the frequency, rate or extent of lymphocyte activation."" [GOC:ai]",508,115,19,26963,0.16521739130434782,0.03740157480314961,query_1,"['GO:0002694', 'GO:0046649']",3
GO:BP,GO:0048514,blood vessel morphogenesis,1.5117240238395238e-09,True,"""The process in which the anatomical structures of blood vessels are generated and organized. The blood vessel is the vasculature carrying blood."" [GOC:jid]",659,115,21,26963,0.1826086956521739,0.03186646433990895,query_1,"['GO:0001568', 'GO:0035239']",3
GO:BP,GO:0050863,regulation of T cell activation,1.5379908650282265e-09,True,"""Any process that modulates the frequency, rate or extent of T cell activation."" [GOC:ai]",382,115,17,26963,0.14782608695652175,0.04450261780104712,query_1,"['GO:0042110', 'GO:0051249']",3
GO:BP,GO:0040012,regulation of locomotion,1.6077395879600081e-09,True,"""Any process that modulates the frequency, rate or extent of locomotion of a cell or organism."" [GOC:ems]",1094,115,26,26963,0.22608695652173913,0.02376599634369287,query_1,"['GO:0040011', 'GO:0050789']",3
GO:BP,GO:0071347,cellular response to interleukin-1,2.2093668119704963e-09,True,"""Any process that results in a change in state or activity of a cell (in terms of movement, secretion, enzyme production, gene expression, etc.) as a result of an interleukin-1 stimulus."" [GOC:mah]",105,115,11,26963,0.09565217391304348,0.10476190476190476,query_1,"['GO:0070555', 'GO:0071345']",3
GO:BP,GO:0045893,positive regulation of DNA-templated transcription,2.246387258750033e-09,True,"""Any process that activates or increases the frequency, rate or extent of cellular DNA-templated transcription."" [GOC:go_curators, GOC:txnOH]",1742,115,32,26963,0.2782608695652174,0.018369690011481057,query_1,"['GO:0006351', 'GO:0006355', 'GO:1902680']",3
GO:BP,GO:0035239,tube morphogenesis,2.308918857436218e-09,True,"""The process in which the anatomical structures of a tube are generated and organized. Epithelial and endothelial tubes transport gases, liquids and cells from one site to another and form the basic structure of many organs and tissues, with tube shape and organization varying from the single-celled excretory organ in Caenorhabditis elegans to the branching trees of the mammalian kidney and insect tracheal system."" [GOC:bf, PMID:14624839]",926,115,24,26963,0.20869565217391303,0.02591792656587473,query_1,"['GO:0009653', 'GO:0035295']",3
GO:BP,GO:1902680,positive regulation of RNA biosynthetic process,2.3522451414771e-09,True,"""Any process that activates or increases the frequency, rate or extent of RNA biosynthetic process."" [GO:jl, GO_REF:0000058, GOC:TermGenie]",1745,115,32,26963,0.2782608695652174,0.01833810888252149,query_1,"['GO:0010557', 'GO:0032774', 'GO:0051254', 'GO:2001141']",3
GO:BP,GO:0051251,positive regulation of lymphocyte activation,2.5308769764275894e-09,True,"""Any process that activates or increases the frequency, rate or extent of lymphocyte activation."" [GOC:ai]",334,115,16,26963,0.1391304347826087,0.04790419161676647,query_1,"['GO:0002696', 'GO:0046649', 'GO:0051249']",3
GO:BP,GO:0098609,cell-cell adhesion,2.834288774961368e-09,True,"""The attachment of one cell to another cell via adhesion molecules."" [GOC:dos]",935,115,24,26963,0.20869565217391303,0.025668449197860963,query_1,['GO:0007155'],3
GO:BP,GO:0009966,regulation of signal transduction,2.8791488006959256e-09,True,"""Any process that modulates the frequency, rate or extent of signal transduction."" [GOC:sm]",3036,115,42,26963,0.3652173913043478,0.01383399209486166,query_1,"['GO:0007165', 'GO:0010646', 'GO:0023051', 'GO:0048583']",3
GO:BP,GO:0051254,positive regulation of RNA metabolic process,2.906698018565555e-09,True,"""Any process that activates or increases the frequency, rate or extent of the chemical reactions and pathways involving RNA."" [GOC:ai]",1875,115,33,26963,0.28695652173913044,0.0176,query_1,"['GO:0010604', 'GO:0016070', 'GO:0045935', 'GO:0051252']",3
GO:BP,GO:0019222,regulation of metabolic process,2.927381256760711e-09,True,"""Any process that modulates the frequency, rate or extent of the chemical reactions and pathways within a cell or an organism."" [GOC:go_curators]",6848,115,65,26963,0.5652173913043478,0.009491822429906541,query_1,"['GO:0008152', 'GO:0050794']",3
GO:BP,GO:0060284,regulation of cell development,3.1023823043715764e-09,True,"""Any process that modulates the rate, frequency or extent of the progression of the cell over time, from its formation to the mature structure. Cell development does not include the steps involved in committing a cell to a specific fate."" [GOC:dph, GOC:tb]",939,115,24,26963,0.20869565217391303,0.025559105431309903,query_1,"['GO:0045595', 'GO:0048468']",3
GO:BP,GO:0048584,positive regulation of response to stimulus,3.1273936899027984e-09,True,"""Any process that activates, maintains or increases the rate of a response to a stimulus. Response to stimulus is a change in state or activity of a cell or an organism (in terms of movement, secretion, enzyme production, gene expression, etc.) as a result of a stimulus."" [GOC:jid]",2372,115,37,26963,0.3217391304347826,0.015598650927487353,query_1,"['GO:0048518', 'GO:0048583', 'GO:0050896']",3
GO:BP,GO:0009968,negative regulation of signal transduction,3.3068153732412243e-09,True,"""Any process that stops, prevents, or reduces the frequency, rate or extent of signal transduction."" [GOC:sm]",1330,115,28,26963,0.24347826086956523,0.021052631578947368,query_1,"['GO:0007165', 'GO:0009966', 'GO:0010648', 'GO:0023057', 'GO:0048585']",3
GO:BP,GO:0023051,regulation of signaling,3.6173237346631363e-09,True,"""Any process that modulates the frequency, rate or extent of a signaling process."" [GOC:mtg_signal]",3638,115,46,26963,0.4,0.012644310060472787,query_1,"['GO:0023052', 'GO:0050789']",3
GO:BP,GO:1902531,regulation of intracellular signal transduction,4.956743477931194e-09,True,"""Any process that modulates the frequency, rate or extent of intracellular signal transduction."" [GOC:dph, GOC:signaling, GOC:tb, GOC:TermGenie]",1912,115,33,26963,0.28695652173913044,0.017259414225941423,query_1,"['GO:0009966', 'GO:0035556']",3
GO:BP,GO:0050896,response to stimulus,5.28874123714581e-09,True,"""Any process that results in a change in state or activity of a cell or an organism (in terms of movement, secretion, enzyme production, gene expression, etc.) as a result of a stimulus. The process begins with detection of the stimulus and ends with a change in state or activity or the cell or organism."" [GOC:ai, GOC:bf]",10529,115,82,26963,0.7130434782608696,0.007788014056415614,query_1,['GO:0008150'],3
GO:BP,GO:0043065,positive regulation of apoptotic process,5.939073890972735e-09,True,"""Any process that activates or increases the frequency, rate or extent of cell death by apoptotic process."" [GOC:jl, GOC:mtg_apoptosis]",629,115,20,26963,0.17391304347826086,0.03179650238473768,query_1,"['GO:0006915', 'GO:0042981', 'GO:0043068']",3
GO:BP,GO:0019221,cytokine-mediated signaling pathway,6.023630379769159e-09,True,"""The series of molecular signals initiated by the binding of a cytokine to a receptor on the surface of a cell, and ending with the regulation of a downstream cellular process, e.g. transcription."" [GOC:mah, GOC:signaling, PMID:19295629]",483,115,18,26963,0.1565217391304348,0.037267080745341616,query_1,"['GO:0007166', 'GO:0071345']",3
GO:BP,GO:0010648,negative regulation of cell communication,6.398193692392576e-09,True,"""Any process that decreases the frequency, rate or extent of cell communication. Cell communication is the process that mediates interactions between a cell and its surroundings. Encompasses interactions such as signaling or attachment between one cell and another cell, between a cell and an extracellular matrix, or between a cell and any other aspect of its environment."" [GOC:dph, GOC:tb]",1474,115,29,26963,0.25217391304347825,0.01967435549525102,query_1,"['GO:0007154', 'GO:0010646', 'GO:0048523']",3
GO:BP,GO:0045935,positive regulation of nucleobase-containing compound metabolic process,8.499647708517924e-09,True,"""Any cellular process that activates or increases the frequency, rate or extent of the chemical reactions and pathways involving nucleobases, nucleosides, nucleotides and nucleic acids."" [GOC:go_curators]",2072,115,34,26963,0.2956521739130435,0.016409266409266408,query_1,"['GO:0006139', 'GO:0009893', 'GO:0019219']",3
GO:BP,GO:0080134,regulation of response to stress,8.845326384068398e-09,True,"""Any process that modulates the frequency, rate or extent of a response to stress. Response to stress is a change in state or activity of a cell or an organism (in terms of movement, secretion, enzyme production, gene expression, etc.) as a result of a disturbance in organismal or cellular homeostasis, usually, but not necessarily, exogenous (e.g. temperature, humidity, ionizing radiation)."" [GOC:dhl]",1386,115,28,26963,0.24347826086956523,0.020202020202020204,query_1,"['GO:0006950', 'GO:0048583']",3
GO:BP,GO:0030334,regulation of cell migration,9.454615520975107e-09,True,"""Any process that modulates the frequency, rate or extent of cell migration."" [GOC:go_curators]",990,115,24,26963,0.20869565217391303,0.024242424242424242,query_1,"['GO:0016477', 'GO:2000145']",3
GO:BP,GO:0010468,regulation of gene expression,1.1153841978240507e-08,True,"""Any process that modulates the frequency, rate or extent of gene expression. Gene expression is the process in which a gene's coding sequence is converted into a mature gene product (protein or RNA)."" [GOC:txnOH-2018]",5388,115,56,26963,0.48695652173913045,0.010393466963622866,query_1,"['GO:0010467', 'GO:0010556']",3
GO:BP,GO:1903708,positive regulation of hemopoiesis,1.2128510820519148e-08,True,"""Any process that activates or increases the frequency, rate or extent of hemopoiesis."" [GO_REF:0000058, GOC:pad, GOC:PARL, GOC:TermGenie, PMID:20080761]",206,115,13,26963,0.11304347826086956,0.06310679611650485,query_1,"['GO:0002684', 'GO:0010720', 'GO:0030097', 'GO:0051240', 'GO:1903706']",3
GO:BP,GO:1902107,positive regulation of leukocyte differentiation,1.2128510820519148e-08,True,"""Any process that activates or increases the frequency, rate or extent of leukocyte differentiation."" [GOC:add, GOC:TermGenie]",206,115,13,26963,0.11304347826086956,0.06310679611650485,query_1,"['GO:0002521', 'GO:1902105', 'GO:1903708']",3
GO:BP,GO:0048585,negative regulation of response to stimulus,1.3259465036006452e-08,True,"""Any process that stops, prevents, or reduces the frequency, rate or extent of a response to a stimulus. Response to stimulus is a change in state or activity of a cell or an organism (in terms of movement, secretion, enzyme production, gene expression, etc.) as a result of a stimulus."" [GOC:jid]",1745,115,31,26963,0.26956521739130435,0.017765042979942695,query_1,"['GO:0048519', 'GO:0048583', 'GO:0050896']",3
GO:BP,GO:0032103,positive regulation of response to external stimulus,1.3428869206576085e-08,True,"""Any process that activates, maintains or increases the rate of a response to an external stimulus."" [GOC:mah]",658,115,20,26963,0.17391304347826086,0.030395136778115502,query_1,"['GO:0009605', 'GO:0032101', 'GO:0048584']",3
GO:BP,GO:0009653,anatomical structure morphogenesis,1.4916061147775766e-08,True,"""The process in which anatomical structures are generated and organized. Morphogenesis pertains to the creation of form."" [GOC:go_curators, ISBN:0521436125]",2769,115,39,26963,0.3391304347826087,0.014084507042253521,query_1,"['GO:0032502', 'GO:0048856']",3
GO:BP,GO:0010646,regulation of cell communication,1.5698436950579187e-08,True,"""Any process that modulates the frequency, rate or extent of cell communication. Cell communication is the process that mediates interactions between a cell and its surroundings. Encompasses interactions such as signaling or attachment between one cell and another cell, between a cell and an extracellular matrix, or between a cell and any other aspect of its environment."" [GOC:dph, GOC:tb]",3639,115,45,26963,0.391304347826087,0.01236603462489695,query_1,"['GO:0007154', 'GO:0050794']",3
GO:BP,GO:0030217,T cell differentiation,1.7648154866043096e-08,True,"""The process in which a precursor cell type acquires characteristics of a more mature T-cell. A T cell is a type of lymphocyte whose definin characteristic is the expression of a T cell receptor complex."" [GO_REF:0000022, GOC:jid, GOC:mah]",319,115,15,26963,0.13043478260869565,0.047021943573667714,query_1,"['GO:0030098', 'GO:0042110']",3
GO:BP,GO:0050900,leukocyte migration,1.776638097909064e-08,True,"""The movement of a leukocyte within or between different tissues and organs of the body."" [GOC:add, ISBN:0781735149, PMID:14680625, PMID:14708592, PMID:7507411, PMID:8600538]",380,115,16,26963,0.1391304347826087,0.042105263157894736,query_1,"['GO:0002376', 'GO:0016477']",3
GO:BP,GO:0023052,signaling,1.8482718494921408e-08,True,"""The entirety of a process in which information is transmitted within a biological system. This process begins with an active signal and ends when a cellular response has been triggered."" [GOC:mtg_signal, GOC:mtg_signaling_feb11, GOC:signaling]",7507,115,67,26963,0.5826086956521739,0.008925003330225124,query_1,['GO:0050789'],3
GO:BP,GO:0007165,signal transduction,1.868901013886674e-08,True,"""The cellular process in which a signal is conveyed to trigger a change in the activity or state of a cell. Signal transduction begins with reception of a signal (e.g. a ligand binding to a receptor or receptor activation by a stimulus such as light), or for signal transduction in the absence of ligand, signal-withdrawal or the activity of a constitutively active receptor. Signal transduction ends with regulation of a downstream cellular process, e.g. regulation of transcription or regulation of a metabolic process. Signal transduction covers signaling from receptors located on the surface of the cell and signaling via molecules located within the cell. For signaling between cells, signal transduction is restricted to events at and within the receiving cell."" [GOC:go_curators, GOC:mtg_signaling_feb11]",6923,115,64,26963,0.5565217391304348,0.00924454716163513,query_1,"['GO:0007154', 'GO:0009987', 'GO:0023052', 'GO:0050794', 'GO:0051716']",3
GO:BP,GO:0048731,system development,1.8891803939961013e-08,True,"""The process whose specific outcome is the progression of an organismal system over time, from its formation to the mature structure. A system is a regularly interacting or interdependent group of organs or tissues that work together to carry out a given biological process."" [GOC:dph, GOC:jid]",4123,115,48,26963,0.41739130434782606,0.011642008246422508,query_1,"['GO:0007275', 'GO:0048856']",3
GO:BP,GO:0048468,cell development,2.048356771836393e-08,True,"""The cellular developmental process in which a specific cell progresses from an immature to a mature state. Cell development start once cell commitment has taken place."" [GOC:go_curators]",3222,115,42,26963,0.3652173913043478,0.01303538175046555,query_1,"['GO:0030154', 'GO:0048856', 'GO:0048869']",3
GO:BP,GO:0045944,positive regulation of transcription by RNA polymerase II,2.1534277973231365e-08,True,"""Any process that activates or increases the frequency, rate or extent of transcription from an RNA polymerase II promoter."" [GOC:go_curators, GOC:txnOH]",1332,115,27,26963,0.23478260869565218,0.02027027027027027,query_1,"['GO:0006357', 'GO:0006366', 'GO:0045893']",3
GO:BP,GO:0043066,negative regulation of apoptotic process,2.4414471662481317e-08,True,"""Any process that stops, prevents, or reduces the frequency, rate or extent of cell death by apoptotic process."" [GOC:jl, GOC:mtg_apoptosis]",1036,115,24,26963,0.20869565217391303,0.023166023166023165,query_1,"['GO:0006915', 'GO:0042981', 'GO:0043069']",3
GO:BP,GO:0006935,chemotaxis,2.474164850682419e-08,True,"""The directed movement of a motile cell or organism, or the directed growth of a cell guided by a specific chemical concentration gradient. Movement may be towards a higher concentration (positive chemotaxis) or towards a lower concentration (negative chemotaxis)."" [ISBN:0198506732]",455,115,17,26963,0.14782608695652175,0.03736263736263736,query_1,"['GO:0042221', 'GO:0042330']",3
GO:BP,GO:0070555,response to interleukin-1,2.5655535848991253e-08,True,"""Any process that results in a change in state or activity of a cell or an organism (in terms of movement, secretion, enzyme production, gene expression, etc.) as a result of an interleukin-1 stimulus."" [GOC:BHF, GOC:mah]",131,115,11,26963,0.09565217391304348,0.08396946564885496,query_1,['GO:0034097'],3
GO:BP,GO:0002263,cell activation involved in immune response,2.6198914128644844e-08,True,"""A change in the morphology or behavior of a cell resulting from exposure to an activating factor such as a cellular or soluble ligand, leading to the initiation or perpetuation of an immune response."" [GO_REF:0000022, GOC:add, ISBN:0781735149]",328,115,15,26963,0.13043478260869565,0.04573170731707317,query_1,"['GO:0001775', 'GO:0002252', 'GO:0006955']",3
GO:BP,GO:0042330,taxis,2.6507743609337806e-08,True,"""The directed movement of a motile cell or organism in response to an external stimulus."" [GOC:jl, ISBN:0192801023]",457,115,17,26963,0.14782608695652175,0.037199124726477024,query_1,"['GO:0009605', 'GO:0040011']",3
GO:BP,GO:0080090,regulation of primary metabolic process,3.385062324359788e-08,True,"""Any process that modulates the frequency, rate or extent of the chemical reactions and pathways within a cell or an organism involving those compounds formed as a part of the normal anabolic and catabolic processes. These processes take place in most, if not all, cells of the organism."" [PMID:19211694]",5358,115,55,26963,0.4782608695652174,0.010265024262784622,query_1,"['GO:0019222', 'GO:0044238']",3
GO:BP,GO:0051094,positive regulation of developmental process,4.158187387637505e-08,True,"""Any process that activates or increases the rate or extent of development, the biological process whose specific outcome is the progression of an organism over time from an initial condition (e.g. a zygote, or a young adult) to a later condition (e.g. a multicellular animal or an aged adult)."" [GOC:ai]",1480,115,28,26963,0.24347826086956523,0.01891891891891892,query_1,"['GO:0032502', 'GO:0048518', 'GO:0050793']",3
GO:BP,GO:0140546,defense response to symbiont,4.2092162683732674e-08,True,"""Reactions triggered in response to the presence of a symbiont that act to protect or prevent damage to the host."" [GOC:pg]",1163,115,25,26963,0.21739130434782608,0.021496130696474634,query_1,['GO:0098542'],3
GO:BP,GO:0043069,negative regulation of programmed cell death,4.414151923604148e-08,True,"""Any process that stops, prevents, or reduces the frequency, rate or extent of programmed cell death, cell death resulting from activation of endogenous cellular processes."" [GOC:jl]",1066,115,24,26963,0.20869565217391303,0.0225140712945591,query_1,"['GO:0012501', 'GO:0043067', 'GO:0048523']",3
GO:BP,GO:0070663,regulation of leukocyte proliferation,4.920355503930817e-08,True,"""Any process that modulates the frequency, rate or extent of leukocyte proliferation."" [GOC:add, GOC:mah]",284,115,14,26963,0.12173913043478261,0.04929577464788732,query_1,"['GO:0042127', 'GO:0070661']",3
GO:BP,GO:1903131,mononuclear cell differentiation,5.465805703790398e-08,True,"""The process in which a relatively unspecialized cell acquires the specialized features of a mononuclear cell."" [CL:0000842, GO_REF:0000086, GOC:TermGenie, PMID:24759906]",552,115,18,26963,0.1565217391304348,0.03260869565217391,query_1,['GO:0002521'],3
GO:BP,GO:0045087,innate immune response,6.524255275417259e-08,True,"""Innate immune responses are defense responses mediated by germline encoded components that directly recognize components of potential pathogens."" [GO_REF:0000022, GOC:add, GOC:ebc, GOC:mtg_sensu]",989,115,23,26963,0.2,0.023255813953488372,query_1,"['GO:0006955', 'GO:0140546']",3
GO:BP,GO:0098542,defense response to other organism,6.842911861966055e-08,True,"""Reactions triggered in response to the presence of another organism that act to protect the cell or organism from damage caused by that organism."" [GOC:dos]",1294,115,26,26963,0.22608695652173913,0.02009273570324575,query_1,"['GO:0006952', 'GO:0051707']",3
GO:BP,GO:0001525,angiogenesis,7.546814338434962e-08,True,"""Blood vessel formation when new vessels emerge from the proliferation of pre-existing blood vessels."" [ISBN:0878932453]",563,115,18,26963,0.1565217391304348,0.03197158081705151,query_1,"['GO:0048514', 'GO:0048646']",3
GO:BP,GO:0007154,cell communication,8.133724515380423e-08,True,"""Any process that mediates interactions between a cell and its surroundings. Encompasses interactions such as signaling or attachment between one cell and another cell, between a cell and an extracellular matrix, or between a cell and any other aspect of its environment."" [GOC:mah]",7538,115,66,26963,0.5739130434782609,0.008755638100291854,query_1,['GO:0009987'],3
GO:BP,GO:0031347,regulation of defense response,9.816425884096318e-08,True,"""Any process that modulates the frequency, rate or extent of a defense response."" [GOC:mah]",823,115,21,26963,0.1826086956521739,0.02551640340218712,query_1,"['GO:0006952', 'GO:0080134']",3
GO:BP,GO:0097530,granulocyte migration,1.3947786694317176e-07,True,"""The movement of a granulocyte within or between different tissues and organs of the body."" [GOC:cvs, PMID:24163421, PMID:24193336]",153,115,11,26963,0.09565217391304348,0.0718954248366013,query_1,['GO:0097529'],3
GO:BP,GO:0034612,response to tumor necrosis factor,1.7627298975813315e-07,True,"""Any process that results in a change in state or activity of a cell or an organism (in terms of movement, secretion, enzyme production, gene expression, etc.) as a result of a tumor necrosis factor stimulus."" [GOC:mah]",255,115,13,26963,0.11304347826086956,0.050980392156862744,query_1,['GO:0034097'],3
GO:BP,GO:1901698,response to nitrogen compound,1.9520699798554507e-07,True,"""Any process that results in a change in state or activity of a cell or an organism (in terms of movement, secretion, enzyme production, gene expression, etc.) as a result of a nitrogen compound stimulus."" [GOC:pr, GOC:TermGenie]",1146,115,24,26963,0.20869565217391303,0.020942408376963352,query_1,['GO:0042221'],3
GO:BP,GO:0071222,cellular response to lipopolysaccharide,2.0264686167098832e-07,True,"""Any process that results in a change in state or activity of a cell (in terms of movement, secretion, enzyme production, gene expression, etc.) as a result of a lipopolysaccharide stimulus; lipopolysaccharide is a major component of the cell wall of gram-negative bacteria."" [GOC:mah]",316,115,14,26963,0.12173913043478261,0.04430379746835443,query_1,"['GO:0032496', 'GO:0071219', 'GO:0071396', 'GO:1901701']",3
GO:BP,GO:0032944,regulation of mononuclear cell proliferation,2.3520016747403589e-07,True,"""Any process that modulates the frequency, rate or extent of mononuclear cell proliferation."" [GOC:add]",261,115,13,26963,0.11304347826086956,0.04980842911877394,query_1,"['GO:0032943', 'GO:0070663']",3
GO:BP,GO:0071219,cellular response to molecule of bacterial origin,2.7041702118772654e-07,True,"""Any process that results in a change in state or activity of a cell (in terms of movement, secretion, enzyme production, gene expression, etc.) as a result of a stimulus by molecules of bacterial origin such as peptides derived from bacterial flagellin."" [GOC:mah]",323,115,14,26963,0.12173913043478261,0.043343653250773995,query_1,"['GO:0002237', 'GO:0071216']",3
GO:BP,GO:0030098,lymphocyte differentiation,2.834554183773761e-07,True,"""The process in which a relatively unspecialized precursor cell acquires specialized features of a lymphocyte. A lymphocyte is a leukocyte commonly found in the blood and lymph that has the characteristics of a large nucleus, a neutral staining cytoplasm, and prominent heterochromatin."" [CL:0000542, GOC:go_curators]",458,115,16,26963,0.1391304347826087,0.034934497816593885,query_1,"['GO:0046649', 'GO:1903131']",3
GO:BP,GO:2000147,positive regulation of cell motility,2.924468352389088e-07,True,"""Any process that activates or increases the frequency, rate or extent of cell motility."" [GOC:mah]",612,115,18,26963,0.1565217391304348,0.029411764705882353,query_1,"['GO:0040017', 'GO:0048522', 'GO:0048870', 'GO:2000145']",3
GO:BP,GO:0002366,leukocyte activation involved in immune response,2.932781561087899e-07,True,"""A change in morphology and behavior of a leukocyte resulting from exposure to a specific antigen, mitogen, cytokine, cellular ligand, or soluble factor, leading to the initiation or perpetuation of an immune response."" [GOC:add, ISBN:0781735149]",325,115,14,26963,0.12173913043478261,0.043076923076923075,query_1,"['GO:0002263', 'GO:0045321']",3
GO:BP,GO:0009617,response to bacterium,2.9615985436778814e-07,True,"""Any process that results in a change in state or activity of a cell or an organism (in terms of movement, secretion, enzyme production, gene expression, etc.) as a result of a stimulus from a bacterium."" [GOC:hb]",969,115,22,26963,0.19130434782608696,0.022703818369453045,query_1,['GO:0051707'],3
GO:BP,GO:0045597,positive regulation of cell differentiation,3.0795764929727877e-07,True,"""Any process that activates or increases the frequency, rate or extent of cell differentiation."" [GOC:go_curators]",971,115,22,26963,0.19130434782608696,0.02265705458290422,query_1,"['GO:0030154', 'GO:0045595', 'GO:0048522', 'GO:0051094']",3
GO:BP,GO:0032946,positive regulation of mononuclear cell proliferation,3.152203970328378e-07,True,"""Any process that activates or increases the frequency, rate or extent of mononuclear cell proliferation."" [GOC:add]",165,115,11,26963,0.09565217391304348,0.06666666666666667,query_1,"['GO:0032943', 'GO:0032944', 'GO:0070665']",3
GO:BP,GO:0042221,response to chemical,3.201484118292047e-07,True,"""Any process that results in a change in state or activity of a cell or an organism (in terms of movement, secretion, enzyme production, gene expression, etc.) as a result of a chemical stimulus."" [GOC:jl]",5487,115,54,26963,0.46956521739130436,0.009841443411700382,query_1,['GO:0050896'],3
GO:BP,GO:0070661,leukocyte proliferation,3.316143402591908e-07,True,"""The expansion of a leukocyte population by cell division."" [GOC:add]",393,115,15,26963,0.13043478260869565,0.03816793893129771,query_1,['GO:0008283'],3
GO:BP,GO:0035295,tube development,3.598472067489336e-07,True,"""The process whose specific outcome is the progression of a tube over time, from its initial formation to a mature structure. Epithelial and endothelial tubes transport gases, liquids and cells from one site to another and form the basic structure of many organs and tissues including lung and trachea, kidney, the mammary gland, the vascular system and the gastrointestinal and urinary-genital tracts."" [PMID:12526790]",1181,115,24,26963,0.20869565217391303,0.02032176121930567,query_1,"['GO:0007275', 'GO:0048856']",3
GO:BP,GO:0051093,negative regulation of developmental process,3.7816645028154e-07,True,"""Any process that stops, prevents or reduces the rate or extent of development, the biological process whose specific outcome is the progression of an organism over time from an initial condition (e.g. a zygote, or a young adult) to a later condition (e.g. a multicellular animal or an aged adult)."" [GOC:ai]",1081,115,23,26963,0.2,0.02127659574468085,query_1,"['GO:0032502', 'GO:0048519', 'GO:0050793']",3
GO:BP,GO:1990266,neutrophil migration,4.0547490944142054e-07,True,"""The movement of a neutrophil within or between different tissues and organs of the body."" [PMID:1826836]",126,115,10,26963,0.08695652173913043,0.07936507936507936,query_1,['GO:0097530'],3
GO:BP,GO:0071621,granulocyte chemotaxis,4.0547490944142054e-07,True,"""The movement of a granulocyte in response to an external stimulus."" [GOC:rph]",126,115,10,26963,0.08695652173913043,0.07936507936507936,query_1,"['GO:0030595', 'GO:0097530']",3
GO:BP,GO:0002252,immune effector process,4.23685889532307e-07,True,"""Any process of the immune system that executes a component of an immune response. An effector immune process takes place after its activation."" [GO_REF:0000022, GOC:add, ISBN:0781735149]",799,115,20,26963,0.17391304347826086,0.025031289111389236,query_1,['GO:0002376'],3
GO:BP,GO:0040017,positive regulation of locomotion,4.545932180896049e-07,True,"""Any process that activates or increases the frequency, rate or extent of locomotion of a cell or organism."" [GOC:go_curators]",629,115,18,26963,0.1565217391304348,0.028616852146263912,query_1,"['GO:0040011', 'GO:0040012', 'GO:0048518']",3
GO:BP,GO:0060429,epithelium development,4.802061560429731e-07,True,"""The process whose specific outcome is the progression of an epithelium over time, from its formation to the mature structure. An epithelium is a tissue that covers the internal or external surfaces of an anatomical structure."" [GOC:dph, GOC:mtg_lung]",1305,115,25,26963,0.21739130434782608,0.019157088122605363,query_1,['GO:0009888'],3
GO:BP,GO:0009719,response to endogenous stimulus,4.993827143659556e-07,True,"""Any process that results in a change in state or activity of a cell or an organism (in terms of movement, secretion, enzyme production, gene expression, etc.) as a result of a stimulus arising within the organism."" [GOC:sm]",1648,115,28,26963,0.24347826086956523,0.01699029126213592,query_1,['GO:0050896'],3
GO:BP,GO:0033002,muscle cell proliferation,5.357678351589701e-07,True,"""The expansion of a muscle cell population by cell division."" [CL:0000187, GOC:mah]",279,115,13,26963,0.11304347826086956,0.04659498207885305,query_1,['GO:0008283'],3
GO:BP,GO:1902105,regulation of leukocyte differentiation,5.943459904748847e-07,True,"""Any process that modulates the frequency, rate or extent of leukocyte differentiation."" [GOC:add, GOC:TermGenie]",343,115,14,26963,0.12173913043478261,0.04081632653061224,query_1,"['GO:0002521', 'GO:1903706']",3
GO:BP,GO:0008285,negative regulation of cell population proliferation,6.073804467600564e-07,True,"""Any process that stops, prevents or reduces the rate or extent of cell proliferation."" [GOC:go_curators]",726,115,19,26963,0.16521739130434782,0.026170798898071626,query_1,"['GO:0008283', 'GO:0042127', 'GO:0048523']",3
GO:BP,GO:0070665,positive regulation of leukocyte proliferation,8.500427626206601e-07,True,"""Any process that activates or increases the frequency, rate or extent of leukocyte proliferation."" [GOC:add, GOC:mah]",181,115,11,26963,0.09565217391304348,0.06077348066298342,query_1,"['GO:0008284', 'GO:0070661', 'GO:0070663']",3
GO:BP,GO:0071216,cellular response to biotic stimulus,8.645885384692545e-07,True,"""Any process that results in a change in state or activity of a cell (in terms of movement, secretion, enzyme production, gene expression, etc.) as a result of a biotic stimulus, a stimulus caused or produced by a living organism."" [GOC:mah]",353,115,14,26963,0.12173913043478261,0.039660056657223795,query_1,"['GO:0009607', 'GO:0051716']",3
GO:BP,GO:0033554,cellular response to stress,9.638940422586229e-07,True,"""Any process that results in a change in state or activity of a cell (in terms of movement, secretion, enzyme production, gene expression, etc.) as a result of a stimulus indicating the organism is under stress. The stress is usually, but not necessarily, exogenous (e.g. temperature, humidity, ionizing radiation)."" [GOC:mah]",1818,115,29,26963,0.25217391304347825,0.01595159515951595,query_1,"['GO:0006950', 'GO:0051716']",3
GO:BP,GO:0097529,myeloid leukocyte migration,1.0135048888323054e-06,True,"""The movement of a myeloid leukocyte within or between different tissues and organs of the body."" [GOC:cvs, PMID:22342843, PMID:24157461]",236,115,12,26963,0.10434782608695652,0.05084745762711865,query_1,['GO:0050900'],3
GO:BP,GO:0032943,mononuclear cell proliferation,1.0381853193635322e-06,True,"""The expansion of a mononuclear cell population by cell division. A mononuclear cell is a leukocyte with a single non-segmented nucleus in the mature form."" [GOC:add]",358,115,14,26963,0.12173913043478261,0.03910614525139665,query_1,['GO:0070661'],3
GO:BP,GO:0007155,cell adhesion,1.0513720393013003e-06,True,"""The attachment of a cell, either to another cell or to an underlying substrate such as the extracellular matrix, via cell adhesion molecules."" [GOC:hb, GOC:pf]",1468,115,26,26963,0.22608695652173913,0.017711171662125342,query_1,['GO:0009987'],3
GO:BP,GO:0030335,positive regulation of cell migration,1.1164953680345585e-06,True,"""Any process that activates or increases the frequency, rate or extent of cell migration."" [GOC:go_curators]",582,115,17,26963,0.14782608695652175,0.029209621993127148,query_1,"['GO:0016477', 'GO:0030334', 'GO:2000147']",3
GO:BP,GO:0030593,neutrophil chemotaxis,1.4526550052776502e-06,True,"""The directed movement of a neutrophil cell, the most numerous polymorphonuclear leukocyte found in the blood, in response to an external stimulus, usually an infection or wounding."" [GOC:jl, ISBN:0198506732]",103,115,9,26963,0.0782608695652174,0.08737864077669903,query_1,"['GO:0071621', 'GO:1990266']",3
GO:BP,GO:0031349,positive regulation of defense response,1.7469014290148857e-06,True,"""Any process that activates or increases the frequency, rate or extent of a defense response."" [GOC:mah]",519,115,16,26963,0.1391304347826087,0.030828516377649325,query_1,"['GO:0006952', 'GO:0031347', 'GO:0048584']",3
GO:BP,GO:0002440,production of molecular mediator of immune response,2.344602262637675e-06,True,"""The synthesis or release of any molecular mediator of the immune response, resulting in an increase in its intracellular or extracellular levels."" [GO_REF:0000022, GOC:add, ISBN:0781735149]",254,115,12,26963,0.10434782608695652,0.047244094488188976,query_1,"['GO:0002376', 'GO:0010467']",3
GO:BP,GO:0071396,cellular response to lipid,2.5235404004306863e-06,True,"""Any process that results in a change in state or activity of a cell (in terms of movement, secretion, enzyme production, gene expression, etc.) as a result of a lipid stimulus."" [GOC:mah]",791,115,19,26963,0.16521739130434782,0.02402022756005057,query_1,"['GO:0033993', 'GO:0070887']",3
GO:BP,GO:0050670,regulation of lymphocyte proliferation,2.6791833940817012e-06,True,"""Any process that modulates the frequency, rate or extent of lymphocyte proliferation."" [GOC:ai]",257,115,12,26963,0.10434782608695652,0.04669260700389105,query_1,"['GO:0032944', 'GO:0046651', 'GO:0051249']",3
GO:BP,GO:0010720,positive regulation of cell development,2.777268045372609e-06,True,"""Any process that increases the rate, frequency or extent of the progression of the cell over time, from its formation to the mature structure. Cell development does not include the steps involved in committing a cell to a specific fate."" [GOC:BHF, GOC:dph, GOC:tb]",536,115,16,26963,0.1391304347826087,0.029850746268656716,query_1,"['GO:0045597', 'GO:0048468', 'GO:0060284']",3
GO:BP,GO:0022603,regulation of anatomical structure morphogenesis,3.4543411410404053e-06,True,"""Any process that modulates the frequency, rate or extent of anatomical structure morphogenesis."" [GOC:mah]",902,115,20,26963,0.17391304347826086,0.022172949002217297,query_1,"['GO:0009653', 'GO:0050793']",3
GO:BP,GO:0002683,negative regulation of immune system process,4.456243155804371e-06,True,"""Any process that stops, prevents, or reduces the frequency, rate, or extent of an immune system process."" [GOC:add]",554,115,16,26963,0.1391304347826087,0.02888086642599278,query_1,"['GO:0002376', 'GO:0002682', 'GO:0048519']",3
GO:BP,GO:0030099,myeloid cell differentiation,4.471918711680444e-06,True,"""The process in which a relatively unspecialized myeloid precursor cell acquires the specialized features of any cell of the myeloid leukocyte, megakaryocyte, thrombocyte, or erythrocyte lineages."" [GOC:add, ISBN:0781735149]",475,115,15,26963,0.13043478260869565,0.031578947368421054,query_1,"['GO:0030097', 'GO:0030154']",3
GO:BP,GO:0050671,positive regulation of lymphocyte proliferation,4.78637446097271e-06,True,"""Any process that activates or increases the rate or extent of lymphocyte proliferation."" [GOC:ai]",162,115,10,26963,0.08695652173913043,0.06172839506172839,query_1,"['GO:0032946', 'GO:0046651', 'GO:0050670', 'GO:0051251']",3
GO:BP,GO:0042592,homeostatic process,5.527210025916082e-06,True,"""Any biological process involved in the maintenance of an internal steady state."" [GOC:jl, ISBN:0395825172]",1834,115,28,26963,0.24347826086956523,0.015267175572519083,query_1,['GO:0008150'],3
GO:BP,GO:0050776,regulation of immune response,5.6091115938291455e-06,True,"""Any process that modulates the frequency, rate or extent of the immune response, the immunological reaction of an organism to an immunogenic stimulus."" [GOC:ai]",928,115,20,26963,0.17391304347826086,0.021551724137931036,query_1,"['GO:0002682', 'GO:0006955', 'GO:0048583']",3
GO:BP,GO:0048513,animal organ development,8.025564715902763e-06,True,"""Development of a tissue or tissues that work together to perform a specific function or functions. Development pertains to the process whose specific outcome is the progression of a structure over time, from its formation to the mature structure. Organs are commonly observed as visibly distinct structures, but may also exist as loosely associated clusters of cells that work together to perform a specific function or functions."" [GOC:dph, GOC:jid]",3267,115,38,26963,0.33043478260869563,0.011631466176920723,query_1,['GO:0048856'],3
GO:BP,GO:0051726,regulation of cell cycle,8.087376535558395e-06,True,"""Any process that modulates the rate or extent of progression through the cell cycle."" [GOC:ai, GOC:dph, GOC:tb]",1051,115,21,26963,0.1826086956521739,0.019980970504281638,query_1,"['GO:0007049', 'GO:0050794']",3
GO:BP,GO:0019219,regulation of nucleobase-containing compound metabolic process,8.2642562472481e-06,True,"""Any cellular process that modulates the frequency, rate or extent of the chemical reactions and pathways involving nucleobases, nucleosides, nucleotides and nucleic acids."" [GOC:go_curators]",3897,115,42,26963,0.3652173913043478,0.01077752117013087,query_1,"['GO:0006139', 'GO:0080090']",3
GO:BP,GO:0035710,"CD4-positive, alpha-beta T cell activation",8.784857900652786e-06,True,"""The change in morphology and behavior of a CD4-positive, alpha-beta T cell resulting from exposure to a mitogen, cytokine, chemokine, cellular ligand, or an antigen for which it is specific."" [CL:0000624, GOC:BHF]",126,115,9,26963,0.0782608695652174,0.07142857142857142,query_1,['GO:0046631'],3
GO:BP,GO:0046651,lymphocyte proliferation,9.014132777146085e-06,True,"""The expansion of a lymphocyte population by cell division."" [GOC:ai]",352,115,13,26963,0.11304347826086956,0.036931818181818184,query_1,"['GO:0032943', 'GO:0046649']",3
GO:BP,GO:0030595,leukocyte chemotaxis,1.0182244872588877e-05,True,"""The movement of a leukocyte in response to an external stimulus."" [GOC:add, GOC:jl]",229,115,11,26963,0.09565217391304348,0.048034934497816595,query_1,"['GO:0050900', 'GO:0060326']",3
GO:BP,GO:0071356,cellular response to tumor necrosis factor,1.065579212910516e-05,True,"""Any process that results in a change in state or activity of a cell (in terms of movement, secretion, enzyme production, gene expression, etc.) as a result of a tumor necrosis factor stimulus."" [GOC:mah]",230,115,11,26963,0.09565217391304348,0.04782608695652174,query_1,"['GO:0034612', 'GO:0071345']",3
GO:BP,GO:0002697,regulation of immune effector process,1.2670390786483321e-05,True,"""Any process that modulates the frequency, rate, or extent of an immune effector process."" [GOC:add]",435,115,14,26963,0.12173913043478261,0.03218390804597701,query_1,"['GO:0002252', 'GO:0002682']",3
GO:BP,GO:0002286,T cell activation involved in immune response,1.3250462701069725e-05,True,"""The change in morphology and behavior of a mature or immature T cell resulting from exposure to a mitogen, cytokine, chemokine, cellular ligand, or an antigen for which it is specific, leading to the initiation or perpetuation of an immune response."" [GOC:add, ISBN:0781735149]",132,115,9,26963,0.0782608695652174,0.06818181818181818,query_1,"['GO:0002285', 'GO:0042110']",3
GO:BP,GO:0009892,negative regulation of metabolic process,1.3899457312693827e-05,True,"""Any process that stops, prevents, or reduces the frequency, rate or extent of the chemical reactions and pathways within a cell or an organism."" [GOC:go_curators]",3332,115,38,26963,0.33043478260869563,0.011404561824729893,query_1,"['GO:0008152', 'GO:0019222', 'GO:0048523']",3
GO:BP,GO:0051247,positive regulation of protein metabolic process,1.413288320580906e-05,True,"""Any process that activates or increases the frequency, rate or extent of the chemical reactions and pathways involving a protein."" [GOC:ai]",1085,115,21,26963,0.1826086956521739,0.01935483870967742,query_1,"['GO:0010604', 'GO:0019538', 'GO:0051246']",3
GO:BP,GO:0001818,negative regulation of cytokine production,1.4192553188110913e-05,True,"""Any process that stops, prevents, or reduces the rate of production of a cytokine."" [GOC:add, ISBN:0781735149]",298,115,12,26963,0.10434782608695652,0.040268456375838924,query_1,"['GO:0001816', 'GO:0001817', 'GO:0010629', 'GO:0051241']",3
GO:BP,GO:1990869,cellular response to chemokine,1.8188267657253674e-05,True,"""Any process that results in a change in state or activity of a cell (in terms of movement, secretion, enzyme production, gene expression, etc.) as a result of a chemokine stimulus."" [PMID:11113082]",95,115,8,26963,0.06956521739130435,0.08421052631578947,query_1,"['GO:0071345', 'GO:1990868']",3
GO:BP,GO:1990868,response to chemokine,1.8188267657253674e-05,True,"""Any process that results in a change in state or activity of a cell or an organism (in terms of movement, secretion, enzyme production, gene expression, etc.) as a result of a chemokine stimulus."" [PMID:11113082]",95,115,8,26963,0.06956521739130435,0.08421052631578947,query_1,['GO:0034097'],3
GO:BP,GO:0043367,"CD4-positive, alpha-beta T cell differentiation",2.1473096351528267e-05,True,"""The process in which a relatively unspecialized T cell acquires specialized features of a mature CD4-positive, alpha-beta T cell."" [CL:0000624, ISBN:0781735149]",97,115,8,26963,0.06956521739130435,0.08247422680412371,query_1,"['GO:0035710', 'GO:0046632']",3
GO:BP,GO:0006357,regulation of transcription by RNA polymerase II,2.1899873746326272e-05,True,"""Any process that modulates the frequency, rate or extent of transcription mediated by RNA polymerase II."" [GOC:go_curators, GOC:txnOH]",2497,115,32,26963,0.2782608695652174,0.012815378454144974,query_1,"['GO:0006355', 'GO:0006366']",3
GO:BP,GO:0048660,regulation of smooth muscle cell proliferation,2.4613928208739725e-05,True,"""Any process that modulates the frequency, rate or extent of smooth muscle cell proliferation."" [CL:0000192, GOC:ebc]",192,115,10,26963,0.08695652173913043,0.052083333333333336,query_1,"['GO:0042127', 'GO:0048659']",3
GO:BP,GO:0051246,regulation of protein metabolic process,2.497416285348275e-05,True,"""Any process that modulates the frequency, rate or extent of the chemical reactions and pathways involving a protein."" [GOC:ai]",1835,115,27,26963,0.23478260869565218,0.014713896457765668,query_1,"['GO:0019538', 'GO:0060255', 'GO:0080090']",3
GO:BP,GO:0010605,negative regulation of macromolecule metabolic process,2.592696932628108e-05,True,"""Any process that decreases the frequency, rate or extent of the chemical reactions and pathways involving macromolecules, any molecule of high relative molecular mass, the structure of which essentially comprises the multiple repetition of units derived, actually or conceptually, from molecules of low relative molecular mass."" [GOC:dph, GOC:tb]",3101,115,36,26963,0.3130434782608696,0.011609158336020638,query_1,"['GO:0009892', 'GO:0043170', 'GO:0060255']",3
GO:BP,GO:0048871,multicellular organismal-level homeostasis,2.599066370052742e-05,True,"""Any process involved in the maintenance of an internal steady state at the level of the multicellular organism."" [GOC:isa_complete]",913,115,19,26963,0.16521739130434782,0.0208105147864184,query_1,"['GO:0032501', 'GO:0042592']",3
GO:BP,GO:0050727,regulation of inflammatory response,2.703439717782724e-05,True,"""Any process that modulates the frequency, rate or extent of the inflammatory response, the immediate defensive reaction (by vertebrate tissue) to infection or injury caused by chemical or physical agents."" [GOC:ai]",386,115,13,26963,0.11304347826086956,0.03367875647668394,query_1,"['GO:0006954', 'GO:0031347', 'GO:0032101']",3
GO:BP,GO:0002367,cytokine production involved in immune response,2.8454749766744837e-05,True,"""The appearance of a cytokine due to biosynthesis or secretion following a cellular stimulus contributing to an immune response, resulting in an increase in its intracellular or extracellular levels."" [GO_REF:0000022, GOC:add, ISBN:0781735149]",144,115,9,26963,0.0782608695652174,0.0625,query_1,"['GO:0001816', 'GO:0002440', 'GO:0006955']",3
GO:BP,GO:0002718,regulation of cytokine production involved in immune response,2.8454749766744837e-05,True,"""Any process that modulates the frequency, rate, or extent of cytokine production that contributes to an immune response."" [GOC:add]",144,115,9,26963,0.0782608695652174,0.0625,query_1,"['GO:0001817', 'GO:0002367', 'GO:0002700']",3
GO:BP,GO:0002253,activation of immune response,3.350730089713988e-05,True,"""Any process that initiates an immune response."" [GO_REF:0000022, GOC:add, ISBN:0781735149]",552,115,15,26963,0.13043478260869565,0.02717391304347826,query_1,"['GO:0002376', 'GO:0050778']",3
GO:BP,GO:0014070,response to organic cyclic compound,3.438319184910234e-05,True,"""Any process that results in a change in state or activity of a cell or an organism (in terms of movement, secretion, enzyme production, gene expression, etc.) as a result of an organic cyclic compound stimulus."" [GOC:ef]",1142,115,21,26963,0.1826086956521739,0.01838879159369527,query_1,['GO:0042221'],3
GO:BP,GO:0009725,response to hormone,3.513189335213422e-05,True,"""Any process that results in a change in state or activity of a cell or an organism (in terms of movement, secretion, enzyme production, gene expression, etc.) as a result of a hormone stimulus."" [GOC:jl]",1035,115,20,26963,0.17391304347826086,0.01932367149758454,query_1,"['GO:0009719', 'GO:0042221']",3
GO:BP,GO:0002757,immune response-activating signaling pathway,3.73815174408349e-05,True,"""The series of molecular signals generated by a ligand binding to its receptor that lead to the activation or perpetuation of an immune response."" [GOC:add]",474,115,14,26963,0.12173913043478261,0.029535864978902954,query_1,"['GO:0002253', 'GO:0002764']",3
GO:BP,GO:0048659,smooth muscle cell proliferation,3.8103548219889946e-05,True,"""The multiplication or reproduction of smooth muscle cells, resulting in the expansion of a cell population."" [CL:0000192, GOC:ebc, PMID:1840698]",201,115,10,26963,0.08695652173913043,0.04975124378109453,query_1,['GO:0033002'],3
GO:BP,GO:0042129,regulation of T cell proliferation,4.386903189614714e-05,True,"""Any process that modulates the frequency, rate or extent of T cell proliferation."" [GOC:jl]",204,115,10,26963,0.08695652173913043,0.049019607843137254,query_1,"['GO:0042098', 'GO:0050670', 'GO:0050863']",3
GO:BP,GO:0070372,regulation of ERK1 and ERK2 cascade,4.404623523133876e-05,True,"""Any process that modulates the frequency, rate or extent of signal transduction mediated by the ERK1 and ERK2 cascade."" [GOC:add, ISBN:0121245462, ISBN:0896039986]",330,115,12,26963,0.10434782608695652,0.03636363636363636,query_1,"['GO:0043408', 'GO:0070371']",3
GO:BP,GO:0002831,regulation of response to biotic stimulus,4.558576283611213e-05,True,"""Any process that modulates the frequency, rate, or extent of a response to biotic stimulus."" [GOC:add]",565,115,15,26963,0.13043478260869565,0.02654867256637168,query_1,"['GO:0009607', 'GO:0048583']",3
GO:BP,GO:0007249,canonical NF-kappaB signal transduction,4.617899459862675e-05,True,"""An intracellular signaling cassette characterized by the I-kappaB-kinase (IKK)-dependent activation of NF-kappaB, also known as the canonical NF-kappaB signaling cascade. The cascade begins with activation of a trimeric IKK complex (consisting of catalytic kinase subunits IKKalpha and/or IKKbeta, and the regulatory scaffold protein NEMO) and ends with the regulation of transcription of target genes by NF-kappaB. In a resting state, NF-kappaB dimers are bound to I-kappaB proteins, sequestering NF-kappaB in the cytoplasm. Phosphorylation of I-kappaB targets I-kappaB for ubiquitination and proteasomal degradation, thus releasing the NF-kappaB dimers, which can translocate to the nucleus to bind DNA and regulate transcription. The canonical NF-kappaB pathway is mainly stimulated by proinflammatory cytokines such as IL-1beta, tumor necrosis factor (TNF)-alpha, antigen ligands, and toll-like receptors (TLRs)."" [GOC:bf, PMID:12773372, PMID:34659217]",265,115,11,26963,0.09565217391304348,0.04150943396226415,query_1,['GO:0141124'],3
GO:BP,GO:0006366,transcription by RNA polymerase II,5.015481569779237e-05,True,"""The synthesis of RNA from a DNA template by RNA polymerase II (RNAP II), originating at an RNA polymerase II promoter. Includes transcription of messenger RNA (mRNA) and certain small nuclear RNAs (snRNAs)."" [GOC:jl, GOC:txnOH, ISBN:0321000382]",2585,115,32,26963,0.2782608695652174,0.012379110251450677,query_1,['GO:0006351'],3
GO:BP,GO:1902532,negative regulation of intracellular signal transduction,5.131769700700077e-05,True,"""Any process that stops, prevents or reduces the frequency, rate or extent of intracellular signal transduction."" [GOC:dph, GOC:signaling, GOC:tb, GOC:TermGenie]",659,115,16,26963,0.1391304347826087,0.024279210925644917,query_1,"['GO:0009968', 'GO:0035556', 'GO:1902531']",3
GO:BP,GO:0002764,immune response-regulating signaling pathway,5.51668637848405e-05,True,"""The cascade of processes by which a signal interacts with a receptor, causing a change in the level or activity of a second messenger or other downstream target, and ultimately leading to the activation, perpetuation, or inhibition of an immune response."" [GOC:add, ISBN:0781735149, PMID:15771571]",489,115,14,26963,0.12173913043478261,0.028629856850715747,query_1,"['GO:0007165', 'GO:0050776']",3
GO:BP,GO:0006355,regulation of DNA-templated transcription,5.5359172313735956e-05,True,"""Any process that modulates the frequency, rate or extent of cellular DNA-templated transcription."" [GOC:go_curators, GOC:txnOH]",3347,115,37,26963,0.3217391304347826,0.011054675829100687,query_1,"['GO:0006351', 'GO:0010468', 'GO:2001141']",3
GO:BP,GO:0050778,positive regulation of immune response,5.587118931928204e-05,True,"""Any process that activates or increases the frequency, rate or extent of the immune response, the immunological reaction of an organism to an immunogenic stimulus."" [GOC:ai]",757,115,17,26963,0.14782608695652175,0.022457067371202115,query_1,"['GO:0002684', 'GO:0006955', 'GO:0048584', 'GO:0050776']",3
GO:BP,GO:2001141,regulation of RNA biosynthetic process,5.992393379151757e-05,True,"""Any process that modulates the frequency, rate or extent of RNA biosynthetic process."" [GOC:dph]",3357,115,37,26963,0.3217391304347826,0.011021745606196008,query_1,"['GO:0010556', 'GO:0032774', 'GO:0051252']",3
GO:BP,GO:0050729,positive regulation of inflammatory response,6.044026572087962e-05,True,"""Any process that activates or increases the frequency, rate or extent of the inflammatory response."" [GOC:ai]",157,115,9,26963,0.0782608695652174,0.05732484076433121,query_1,"['GO:0006954', 'GO:0031349', 'GO:0032103', 'GO:0050727']",3
GO:BP,GO:0045639,positive regulation of myeloid cell differentiation,6.243922192598404e-05,True,"""Any process that activates or increases the frequency, rate or extent of myeloid cell differentiation."" [GOC:go_curators]",111,115,8,26963,0.06956521739130435,0.07207207207207207,query_1,"['GO:0030099', 'GO:0045597', 'GO:0045637']",3
GO:BP,GO:0034341,response to type II interferon,7.517485778149866e-05,True,"""Any process that results in a change in state or activity of a cell or an organism (in terms of movement, secretion, enzyme production, gene expression, etc.) as a result of an interferon-gamma stimulus. Interferon-gamma is also known as type II interferon."" [GOC:add, ISBN:0126896631, PMID:15546383]",161,115,9,26963,0.0782608695652174,0.055900621118012424,query_1,"['GO:0034097', 'GO:0045087']",3
GO:BP,GO:0009628,response to abiotic stimulus,7.687840073316398e-05,True,"""Any process that results in a change in state or activity of a cell or an organism (in terms of movement, secretion, enzyme production, gene expression, etc.) as a result of an abiotic (not derived from living organisms) stimulus."" [GOC:hb]",1312,115,22,26963,0.19130434782608696,0.01676829268292683,query_1,['GO:0050896'],3
GO:BP,GO:0042093,T-helper cell differentiation,8.715415461213703e-05,True,"""The process in which a relatively unspecialized thymocyte acquires specialized features of a T-helper cell."" [GOC:ebc]",76,115,7,26963,0.06086956521739131,0.09210526315789473,query_1,['GO:0002294'],3
GO:BP,GO:0002700,regulation of production of molecular mediator of immune response,8.966048898780339e-05,True,"""Any process that modulates the frequency, rate, or extent of the production of molecular mediator of immune response."" [GOC:add]",220,115,10,26963,0.08695652173913043,0.045454545454545456,query_1,"['GO:0002440', 'GO:0002697', 'GO:0010468']",3
GO:BP,GO:0070371,ERK1 and ERK2 cascade,9.234097159795098e-05,True,"""A MAPK cascade containing at least the ERK1 or ERK2 MAP kinases. It starts with the activation of a MAP3K, and the consecutive activation of a MPK2K and of ERK1 or ERK2. The cascade can also contain an additional tier: the upstream MAP4K. The kinases in each tier phosphorylate and activate the kinase in the downstream tier. The ERK1/ERK2 cascade is activated by mitogens, growth factors, G protein-coupled receptors, and results in cellular responses such as cell proliferation, cell differentiation and development."" [PMID:20811974, PMID:23125017, PMID:28903453]",353,115,12,26963,0.10434782608695652,0.0339943342776204,query_1,['GO:0000165'],3
GO:BP,GO:0002294,"CD4-positive, alpha-beta T cell differentiation involved in immune response",9.553404277394748e-05,True,"""The process in which an antigenically naive CD4-positive, alpha-beta T cell acquires the specialized features of an effector, regulatory, or memory T cell as part of an immune response. Effector T cells include cells which provide T cell help or exhibit cytotoxicity towards other cells."" [GOC:add, ISBN:0781735149]",77,115,7,26963,0.06086956521739131,0.09090909090909091,query_1,"['GO:0002293', 'GO:0043367']",3
GO:BP,GO:0002687,positive regulation of leukocyte migration,0.00010314995338988176,True,"""Any process that activates or increases the frequency, rate, or extent of leukocyte migration."" [GOC:add]",167,115,9,26963,0.0782608695652174,0.05389221556886228,query_1,"['GO:0002684', 'GO:0002685', 'GO:0030335', 'GO:0050900']",3
GO:BP,GO:0002293,alpha-beta T cell differentiation involved in immune response,0.00010458558416999618,True,"""The process in which an antigenically naive alpha-beta T cell acquires the specialized features of an effector, regulatory, or memory T cell during an immune response. Effector T cells include cells which provide T cell help or exhibit cytotoxicity towards other cells."" [GOC:add, ISBN:0781735149]",78,115,7,26963,0.06086956521739131,0.08974358974358974,query_1,"['GO:0002287', 'GO:0002292', 'GO:0046632']",3
GO:BP,GO:2000514,"regulation of CD4-positive, alpha-beta T cell activation",0.00010458558416999618,True,"""Any process that modulates the frequency, rate or extent of CD4-positive, alpha-beta T cell activation."" [GOC:obol]",78,115,7,26963,0.06086956521739131,0.08974358974358974,query_1,"['GO:0035710', 'GO:0046634']",3
GO:BP,GO:1901699,cellular response to nitrogen compound,0.00010483559635479205,True,"""Any process that results in a change in state or activity of a cell (in terms of movement, secretion, enzyme production, gene expression, etc.) as a result of a nitrogen compound stimulus."" [GOC:pr, GOC:TermGenie]",694,115,16,26963,0.1391304347826087,0.023054755043227664,query_1,"['GO:0070887', 'GO:1901698']",3
GO:BP,GO:0002287,alpha-beta T cell activation involved in immune response,0.00011435202955932765,True,"""The change in morphology and behavior of an alpha-beta T cell resulting from exposure to a mitogen, cytokine, chemokine, cellular ligand, or an antigen for which it is specific, leading to the initiation or perpetuation of an immune response."" [GOC:add, ISBN:0781735149]",79,115,7,26963,0.06086956521739131,0.08860759493670886,query_1,"['GO:0002286', 'GO:0046631']",3
GO:BP,GO:0002285,lymphocyte activation involved in immune response,0.00011551459085066793,True,"""A change in morphology and behavior of a lymphocyte resulting from exposure to a specific antigen, mitogen, cytokine, chemokine, cellular ligand, or soluble factor, leading to the initiation or perpetuation of an immune response."" [GOC:add, ISBN:0781735149]",226,115,10,26963,0.08695652173913043,0.04424778761061947,query_1,"['GO:0002366', 'GO:0046649']",3
GO:BP,GO:0002699,positive regulation of immune effector process,0.0001160224007250901,True,"""Any process that activates or increases the frequency, rate, or extent of an immune effector process."" [GOC:add]",290,115,11,26963,0.09565217391304348,0.03793103448275862,query_1,"['GO:0002252', 'GO:0002684', 'GO:0002697']",3
GO:BP,GO:0045429,positive regulation of nitric oxide biosynthetic process,0.00011698612498984727,True,"""Any process that activates or increases the frequency, rate or extent of the chemical reactions and pathways resulting in the formation of nitric oxide."" [GOC:go_curators]",47,115,6,26963,0.05217391304347826,0.1276595744680851,query_1,"['GO:0006809', 'GO:0009891', 'GO:0045428', 'GO:1904407']",3
GO:BP,GO:0045582,positive regulation of T cell differentiation,0.00012282618284746585,True,"""Any process that activates or increases the frequency, rate or extent of T cell differentiation."" [GOC:go_curators]",121,115,8,26963,0.06956521739130435,0.06611570247933884,query_1,"['GO:0030217', 'GO:0045580', 'GO:0045621', 'GO:0050870']",3
GO:BP,GO:0051252,regulation of RNA metabolic process,0.0001245126015949146,True,"""Any process that modulates the frequency, rate or extent of the chemical reactions and pathways involving RNA."" [GOC:ai]",3611,115,38,26963,0.33043478260869563,0.010523400720022155,query_1,"['GO:0016070', 'GO:0019219', 'GO:0060255']",3
GO:BP,GO:0002819,regulation of adaptive immune response,0.000141869707487744,True,"""Any process that modulates the frequency, rate, or extent of an adaptive immune response."" [GOC:add]",231,115,10,26963,0.08695652173913043,0.04329004329004329,query_1,"['GO:0002250', 'GO:0050776']",3
GO:BP,GO:0097191,extrinsic apoptotic signaling pathway,0.000141869707487744,True,"""The series of molecular signals in which a signal is conveyed from the cell surface to trigger the apoptotic death of a cell. The pathway starts with either a ligand binding to a cell surface receptor, or a ligand being withdrawn from a cell surface receptor (e.g. in the case of signaling by dependence receptors), and ends when the execution phase of apoptosis is triggered."" [GOC:mtg_apoptosis, GOC:yaf, PMID:17340152]",231,115,10,26963,0.08695652173913043,0.04329004329004329,query_1,"['GO:0007166', 'GO:0097190']",3
GO:BP,GO:0006351,DNA-templated transcription,0.00014548615298437783,True,"""The synthesis of an RNA transcript from a DNA template."" [GOC:jl, GOC:txnOH]",3472,115,37,26963,0.3217391304347826,0.01065668202764977,query_1,"['GO:0010467', 'GO:0032774']",3
GO:BP,GO:1904407,positive regulation of nitric oxide metabolic process,0.00015130158351080647,True,"""Any process that activates or increases the frequency, rate or extent of nitric oxide metabolic process."" [GO_REF:0000058, GOC:TermGenie, PMID:11991626]",49,115,6,26963,0.05217391304347826,0.12244897959183673,query_1,"['GO:0009893', 'GO:0046209', 'GO:0080164']",3
GO:BP,GO:0002460,adaptive immune response based on somatic recombination of immune receptors built from immunoglobulin superfamily domains,0.00015485775210755023,True,"""An immune response mediated by lymphocytes expressing specific receptors for antigen produced through a somatic diversification process that includes somatic recombination of germline gene segments encoding immunoglobulin superfamily domains. Recombined receptors for antigen encoded by immunoglobulin superfamily domains include T cell receptors and immunoglobulins (antibodies) produced by B cells. The first encounter with antigen elicits a primary immune response that is slow and not of great magnitude. T and B cells selected by antigen become activated and undergo clonal expansion. A fraction of antigen-reactive T and B cells become memory cells, whereas others differentiate into effector cells. The memory cells generated during the primary response enable a much faster and stronger secondary immune response upon subsequent exposures to the same antigen (immunological memory). An example of this is the adaptive immune response found in Mus musculus."" [GOC:add, GOC:mtg_sensu, ISBN:0781735149, ISBN:1405196831]",448,115,13,26963,0.11304347826086956,0.029017857142857144,query_1,['GO:0002250'],3
GO:BP,GO:0010558,negative regulation of macromolecule biosynthetic process,0.0001733418234260085,True,"""Any process that decreases the rate, frequency or extent of the chemical reactions and pathways resulting in the formation of a macromolecule, any molecule of high relative molecular mass, the structure of which essentially comprises the multiple repetition of units derived, actually or conceptually, from molecules of low relative molecular mass."" [GOC:dph, GOC:tb]",2725,115,32,26963,0.2782608695652174,0.011743119266055046,query_1,"['GO:0009059', 'GO:0009890', 'GO:0010556', 'GO:0010605']",3
GO:BP,GO:0070098,chemokine-mediated signaling pathway,0.0001755730389407315,True,"""The series of molecular signals initiated by a chemokine binding to its receptor on the surface of a target cell, and ending with the regulation of a downstream cellular process, e.g. transcription."" [GOC:mah, GOC:signaling]",84,115,7,26963,0.06086956521739131,0.08333333333333333,query_1,"['GO:0007186', 'GO:0019221', 'GO:1990869']",3
GO:BP,GO:0002685,regulation of leukocyte migration,0.00018763163185044957,True,"""Any process that modulates the frequency, rate, or extent of leukocyte migration."" [GOC:add]",238,115,10,26963,0.08695652173913043,0.04201680672268908,query_1,"['GO:0002682', 'GO:0030334', 'GO:0050900']",3
GO:BP,GO:0002292,T cell differentiation involved in immune response,0.0001906601118394164,True,"""The process in which an antigenically naive T cell acquires the specialized features of an effector, regulatory, or memory T cell as part of an immune response. Effector T cells include cells which provide T cell help or exhibit cytotoxicity towards other cells."" [GOC:add, ISBN:0781735149]",85,115,7,26963,0.06086956521739131,0.08235294117647059,query_1,"['GO:0002286', 'GO:0030217']",3
GO:BP,GO:2001234,negative regulation of apoptotic signaling pathway,0.00020289377768225371,True,"""Any process that stops, prevents or reduces the frequency, rate or extent of apoptotic signaling pathway."" [GOC:mtg_apoptosis]",240,115,10,26963,0.08695652173913043,0.041666666666666664,query_1,"['GO:0009968', 'GO:0043066', 'GO:0097190', 'GO:2001233']",3
GO:BP,GO:0048872,homeostasis of number of cells,0.0002059629692350984,True,"""Any biological process involved in the maintenance of the steady-state number of cells within a population of cells."" [GOC:isa_complete]",380,115,12,26963,0.10434782608695652,0.031578947368421054,query_1,['GO:0048871'],3
GO:BP,GO:0045580,regulation of T cell differentiation,0.00020609684425873027,True,"""Any process that modulates the frequency, rate or extent of T cell differentiation."" [GOC:go_curators]",181,115,9,26963,0.0782608695652174,0.049723756906077346,query_1,"['GO:0030217', 'GO:0045619', 'GO:0050863']",3
GO:BP,GO:0045765,regulation of angiogenesis,0.00021349769326464731,True,"""Any process that modulates the frequency, rate or extent of angiogenesis."" [GOC:go_curators]",308,115,11,26963,0.09565217391304348,0.03571428571428571,query_1,"['GO:0001525', 'GO:0022603', 'GO:1901342']",3
GO:BP,GO:0097190,apoptotic signaling pathway,0.00021401071531426322,True,"""The series of molecular signals which triggers the apoptotic death of a cell. The pathway starts with reception of a signal, and ends when the execution phase of apoptosis is triggered."" [GOC:mtg_apoptosis]",636,115,15,26963,0.13043478260869565,0.02358490566037736,query_1,"['GO:0006915', 'GO:0007165']",3
GO:BP,GO:0002544,chronic inflammatory response,0.00023057199225604203,True,"""Inflammation of prolonged duration (weeks or months) in which active inflammation, tissue destruction, and attempts at repair are proceeding simultaneously. Although it may follow acute inflammation, chronic inflammation frequently begins insidiously, as a low-grade, smoldering, often asymptomatic response."" [GO_REF:0000022, GOC:jal, ISBN:0781735149]",27,115,5,26963,0.043478260869565216,0.18518518518518517,query_1,['GO:0006954'],3
GO:BP,GO:0042098,T cell proliferation,0.00023673321303727238,True,"""The expansion of a T cell population by cell division. Follows T cell activation."" [GOC:jl]",244,115,10,26963,0.08695652173913043,0.040983606557377046,query_1,"['GO:0042110', 'GO:0046651']",3
GO:BP,GO:0010629,negative regulation of gene expression,0.00023909194384836302,True,"""Any process that decreases the frequency, rate or extent of gene expression. Gene expression is the process in which a gene's coding sequence is converted into a mature gene product (protein or RNA)."" [GOC:txnOH-2018]",1523,115,23,26963,0.2,0.015101772816808929,query_1,"['GO:0010467', 'GO:0010468', 'GO:0010558']",3
GO:BP,GO:0046632,alpha-beta T cell differentiation,0.00025637129225422167,True,"""The process in which a precursor cell type acquires the specialized features of an alpha-beta T cell. An alpha-beta T cell is a T cell that expresses an alpha-beta T cell receptor complex."" [CL:0000789, GOC:ai]",133,115,8,26963,0.06956521739130435,0.06015037593984962,query_1,"['GO:0030217', 'GO:0046631']",3
GO:BP,GO:0010721,negative regulation of cell development,0.0002593130305159875,True,"""Any process that decreases the rate, frequency or extent of the progression of the cell over time, from its formation to the mature structure. Cell development does not include the steps involved in committing a cell to a specific fate."" [GOC:BHF, GOC:dph, GOC:tb]",314,115,11,26963,0.09565217391304348,0.03503184713375796,query_1,"['GO:0045596', 'GO:0048468', 'GO:0060284']",3
GO:BP,GO:1901342,regulation of vasculature development,0.000267743590481982,True,"""Any process that modulates the frequency, rate or extent of vasculature development."" [GOC:TermGenie]",315,115,11,26963,0.09565217391304348,0.03492063492063492,query_1,"['GO:0001944', 'GO:2000026']",3
GO:BP,GO:0045088,regulation of innate immune response,0.00029692796485506563,True,"""Any process that modulates the frequency, rate or extent of the innate immune response, the organism's first line of defense against infection."" [GOC:ebc]",474,115,13,26963,0.11304347826086956,0.027426160337552744,query_1,"['GO:0002831', 'GO:0031347', 'GO:0032101', 'GO:0045087', 'GO:0050776']",3
GO:BP,GO:0045621,positive regulation of lymphocyte differentiation,0.00030469459035944156,True,"""Any process that activates or increases the frequency, rate or extent of lymphocyte differentiation."" [GOC:go_curators]",136,115,8,26963,0.06956521739130435,0.058823529411764705,query_1,"['GO:0030098', 'GO:0045619', 'GO:0051251', 'GO:1902107']",3
GO:BP,GO:0043370,"regulation of CD4-positive, alpha-beta T cell differentiation",0.0003072071357094504,True,"""Any process that modulates the frequency, rate, or extent of CD4-positive, alpha-beta T cell differentiation."" [GOC:add, GOC:pr, ISBN:0781735149]",55,115,6,26963,0.05217391304347826,0.10909090909090909,query_1,"['GO:0043367', 'GO:0046637', 'GO:2000514']",3
GO:BP,GO:0000165,MAPK cascade,0.00034232117831329683,True,"""An intracellular protein kinase cascade containing at least a MAP kinase (MAPK). It starts with the activation of a MAP3K, and the consecutive activation of a MPK2K and a MAPK. The cascade can also contain an additional tier: the upstream MAP4K. The kinases in each tier phosphorylate and activate the kinase in the downstream tier to transmit a signal within a cell."" [PMID:20811974, PMID:9561267]",757,115,16,26963,0.1391304347826087,0.021136063408190225,query_1,['GO:0141124'],3
GO:BP,GO:0007049,cell cycle,0.00034331641719609536,True,"""The progression of biochemical and morphological phases and events that occur in a cell during successive cell replication or nuclear replication events. Canonically, the cell cycle comprises the replication and segregation of genetic material followed by the division of the cell, but in endocycles or syncytial cells nuclear replication or nuclear division may not be followed by cell division."" [GOC:go_curators, GOC:mtg_cell_cycle]",1813,115,25,26963,0.21739130434782608,0.013789299503585218,query_1,['GO:0009987'],3
GO:BP,GO:0009890,negative regulation of biosynthetic process,0.00034390618653290853,True,"""Any process that stops, prevents, or reduces the rate of the chemical reactions and pathways resulting in the formation of substances."" [GOC:go_curators]",2807,115,32,26963,0.2782608695652174,0.011400071250445315,query_1,"['GO:0009058', 'GO:0009889', 'GO:0009892']",3
GO:BP,GO:0061082,myeloid leukocyte cytokine production,0.00038189553228498084,True,"""Any process that contributes to cytokine production by a myeloid cell."" [GOC:dph]",57,115,6,26963,0.05217391304347826,0.10526315789473684,query_1,['GO:0002367'],3
GO:BP,GO:0043408,regulation of MAPK cascade,0.0003947801195852597,True,"""Any process that modulates the frequency, rate or extent of signal transduction mediated by the MAP kinase (MAPK) cascade."" [GOC:go_curators]",667,115,15,26963,0.13043478260869565,0.022488755622188907,query_1,"['GO:0000165', 'GO:1902531']",3
GO:BP,GO:0003158,endothelium development,0.0004026555877941351,True,"""The process whose specific outcome is the progression of an endothelium over time, from its formation to the mature structure. Endothelium refers to the layer of cells lining blood vessels, lymphatics, the heart, and serous cavities, and is derived from bone marrow or mesoderm. Corneal endothelium is a special case, derived from neural crest cells."" [GOC:mtg_heart]",141,115,8,26963,0.06956521739130435,0.05673758865248227,query_1,['GO:0060429'],3
GO:BP,GO:0030855,epithelial cell differentiation,0.0004536980879611926,True,"""The process in which a relatively unspecialized cell acquires specialized features of an epithelial cell, any of the cells making up an epithelium."" [GOC:ecd, PMID:11839751]",773,115,16,26963,0.1391304347826087,0.02069857697283312,query_1,"['GO:0030154', 'GO:0060429']",3
GO:BP,GO:0009612,response to mechanical stimulus,0.0004748581480446383,True,"""Any process that results in a change in state or activity of a cell or an organism (in terms of movement, secretion, enzyme production, gene expression, etc.) as a result of a mechanical stimulus."" [GOC:hb]",263,115,10,26963,0.08695652173913043,0.03802281368821293,query_1,"['GO:0009605', 'GO:0009628']",3
GO:BP,GO:0001660,fever generation,0.0005189067550241313,True,"""The heat generation process that results in a rise in body temperature above the normal, often as a response to infection."" [GOC:dph, GOC:jl]",13,115,4,26963,0.034782608695652174,0.3076923076923077,query_1,"['GO:0006953', 'GO:0031649']",3
GO:BP,GO:0002695,negative regulation of leukocyte activation,0.0005705372143004743,True,"""Any process that stops, prevents, or reduces the frequency, rate, or extent of leukocyte activation."" [GOC:add]",204,115,9,26963,0.0782608695652174,0.04411764705882353,query_1,"['GO:0002683', 'GO:0002694', 'GO:0045321', 'GO:0050866']",3
GO:BP,GO:0006468,protein phosphorylation,0.0005739071268249704,True,"""The process of introducing a phosphate group on to a protein."" [GOC:hb]",1229,115,20,26963,0.17391304347826086,0.01627339300244101,query_1,"['GO:0016310', 'GO:0036211']",3
GO:BP,GO:0002573,myeloid leukocyte differentiation,0.0006050993831770223,True,"""The process in which a relatively unspecialized myeloid precursor cell acquires the specialized features of any cell of the myeloid leukocyte lineage."" [GOC:add, PMID:16551251]",270,115,10,26963,0.08695652173913043,0.037037037037037035,query_1,"['GO:0002521', 'GO:0030099']",3
GO:BP,GO:0046631,alpha-beta T cell activation,0.0006195919959315464,True,"""The change in morphology and behavior of an alpha-beta T cell resulting from exposure to a mitogen, cytokine, chemokine, cellular ligand, or an antigen for which it is specific."" [GOC:add]",206,115,9,26963,0.0782608695652174,0.043689320388349516,query_1,['GO:0042110'],3
GO:BP,GO:0002262,myeloid cell homeostasis,0.0006722708708683533,True,"""The process of regulating the proliferation and elimination of myeloid cells such that the total number of myeloid cells within a whole or part of an organism is stable over time in the absence of an outside stimulus."" [CL:0000763, GOC:add]",208,115,9,26963,0.0782608695652174,0.04326923076923077,query_1,"['GO:0002376', 'GO:0048872']",3
GO:BP,GO:0032611,interleukin-1 beta production,0.0007677234972082549,True,"""The appearance of interleukin-1 beta due to biosynthesis or secretion following a cellular stimulus, resulting in an increase in its intracellular or extracellular levels."" [GOC:mah]",104,115,7,26963,0.06086956521739131,0.0673076923076923,query_1,['GO:0032612'],3
GO:BP,GO:0032651,regulation of interleukin-1 beta production,0.0007677234972082549,True,"""Any process that modulates the frequency, rate, or extent of interleukin-1 beta production."" [GOC:mah]",104,115,7,26963,0.06086956521739131,0.0673076923076923,query_1,"['GO:0032611', 'GO:0032652']",3
GO:BP,GO:0045596,negative regulation of cell differentiation,0.0007677771646894396,True,"""Any process that stops, prevents, or reduces the frequency, rate or extent of cell differentiation."" [GOC:go_curators]",804,115,16,26963,0.1391304347826087,0.01990049751243781,query_1,"['GO:0030154', 'GO:0045595', 'GO:0048523', 'GO:0051093']",3
GO:BP,GO:0032663,regulation of interleukin-2 production,0.0007701235541820984,True,"""Any process that modulates the frequency, rate, or extent of interleukin-2 production."" [GOC:mah]",64,115,6,26963,0.05217391304347826,0.09375,query_1,"['GO:0001817', 'GO:0032623']",3
GO:BP,GO:0032623,interleukin-2 production,0.0007701235541820984,True,"""The appearance of interleukin-2 due to biosynthesis or secretion following a cellular stimulus, resulting in an increase in its intracellular or extracellular levels."" [GOC:mah]",64,115,6,26963,0.05217391304347826,0.09375,query_1,['GO:0001816'],3
GO:BP,GO:0045619,regulation of lymphocyte differentiation,0.0007894070962954011,True,"""Any process that modulates the frequency, rate or extent of lymphocyte differentiation."" [GOC:go_curators]",212,115,9,26963,0.0782608695652174,0.04245283018867924,query_1,"['GO:0030098', 'GO:0051249', 'GO:1902105']",3
GO:BP,GO:0043372,"positive regulation of CD4-positive, alpha-beta T cell differentiation",0.0009022957911142237,True,"""Any process that activates or increases the frequency, rate or extent of CD4-positive, alpha-beta T cell differentiation."" [GOC:add, GOC:pr, ISBN:0781735149]",35,115,5,26963,0.043478260869565216,0.14285714285714285,query_1,"['GO:0043367', 'GO:0043370', 'GO:0046638', 'GO:2000516']",3
GO:BP,GO:0002822,regulation of adaptive immune response based on somatic recombination of immune receptors built from immunoglobulin superfamily domains,0.0009238713395189357,True,"""Any process that modulates the frequency, rate, or extent of an adaptive immune response based on somatic recombination of immune receptors built from immunoglobulin superfamily domains. An example of this process is found in the Gnathostomata."" [GOC:add, GOC:mtg_sensu]",216,115,9,26963,0.0782608695652174,0.041666666666666664,query_1,"['GO:0002460', 'GO:0002819']",3
GO:BP,GO:0002548,monocyte chemotaxis,0.0009268430241679592,True,"""The movement of a monocyte in response to an external stimulus."" [GOC:add, PMID:11696603, PMID:15173832]",66,115,6,26963,0.05217391304347826,0.09090909090909091,query_1,"['GO:0030595', 'GO:0071674', 'GO:0097529']",3
GO:BP,GO:0032731,positive regulation of interleukin-1 beta production,0.0009268430241679592,True,"""Any process that activates or increases the frequency, rate, or extent of interleukin-1 beta production."" [GOC:mah]",66,115,6,26963,0.05217391304347826,0.09090909090909091,query_1,"['GO:0032611', 'GO:0032651', 'GO:0032732']",3
GO:BP,GO:0045934,negative regulation of nucleobase-containing compound metabolic process,0.000988743677338752,True,"""Any cellular process that stops, prevents, or reduces the frequency, rate or extent of the chemical reactions and pathways involving nucleobases, nucleosides, nucleotides and nucleic acids."" [GOC:go_curators]",1650,115,23,26963,0.2,0.013939393939393939,query_1,"['GO:0006139', 'GO:0009892', 'GO:0019219']",3
GO:BP,GO:0002250,adaptive immune response,0.0010618389316718727,True,"""An immune response mediated by cells expressing specific receptors for antigens produced through a somatic diversification process, and allowing for an enhanced secondary response to subsequent exposures to the same antigen (immunological memory)."" [GO_REF:0000022, GOC:add, ISBN:0781735149]",623,115,14,26963,0.12173913043478261,0.02247191011235955,query_1,['GO:0006955'],3
GO:BP,GO:0022408,negative regulation of cell-cell adhesion,0.0011195613812013518,True,"""Any process that stops, prevents or reduces the rate or extent of cell adhesion to another cell."" [GOC:isa_complete]",221,115,9,26963,0.0782608695652174,0.04072398190045249,query_1,"['GO:0007162', 'GO:0022407', 'GO:0098609']",3
GO:BP,GO:0045672,positive regulation of osteoclast differentiation,0.0012033417688566495,True,"""Any process that activates or increases the frequency, rate or extent of osteoclast differentiation."" [GOC:go_curators]",37,115,5,26963,0.043478260869565216,0.13513513513513514,query_1,"['GO:0002763', 'GO:0030316', 'GO:0045670']",3
GO:BP,GO:0050866,negative regulation of cell activation,0.001207357240046998,True,"""Any process that stops, prevents, or reduces the frequency, rate or extent of cell activation."" [GOC:ai]",223,115,9,26963,0.0782608695652174,0.04035874439461883,query_1,"['GO:0001775', 'GO:0048523', 'GO:0050865', 'GO:0051241']",3
GO:BP,GO:0045936,negative regulation of phosphate metabolic process,0.0012407476882128885,True,"""Any process that stops, prevents, or reduces the frequency, rate or extent of the chemical reactions and pathways involving phosphates."" [GOC:go_curators]",292,115,10,26963,0.08695652173913043,0.03424657534246575,query_1,"['GO:0006796', 'GO:0010563', 'GO:0019220']",3
GO:BP,GO:0010563,negative regulation of phosphorus metabolic process,0.0012407476882128885,True,"""Any process that decreases the frequency, rate or extent of the chemical reactions and pathways involving phosphorus or compounds containing phosphorus."" [GOC:dph, GOC:tb]",292,115,10,26963,0.08695652173913043,0.03424657534246575,query_1,"['GO:0006793', 'GO:0009892', 'GO:0051174']",3
GO:BP,GO:0000302,response to reactive oxygen species,0.0012534501800322757,True,"""Any process that results in a change in state or activity of a cell or an organism (in terms of movement, secretion, enzyme production, gene expression, etc.) as a result of a reactive oxygen species stimulus. Reactive oxygen species include singlet oxygen, superoxide, and oxygen free radicals."" [GOC:krc]",224,115,9,26963,0.0782608695652174,0.04017857142857143,query_1,"['GO:0006979', 'GO:1901700']",3
GO:BP,GO:1903038,negative regulation of leukocyte cell-cell adhesion,0.0013404557492605995,True,"""Any process that stops, prevents or reduces the frequency, rate or extent of leukocyte cell-cell adhesion."" [GO_REF:0000058, GOC:BHF, GOC:rl, GOC:TermGenie, PMID:21106532]",165,115,8,26963,0.06956521739130435,0.048484848484848485,query_1,"['GO:0007159', 'GO:0022408', 'GO:1903037']",3
GO:BP,GO:0032675,regulation of interleukin-6 production,0.0013404557492605995,True,"""Any process that modulates the frequency, rate, or extent of interleukin-6 production."" [GOC:mah]",165,115,8,26963,0.06956521739130435,0.048484848484848485,query_1,"['GO:0001817', 'GO:0032635']",3
GO:BP,GO:0032635,interleukin-6 production,0.0013404557492605995,True,"""The appearance of interleukin-6 due to biosynthesis or secretion following a cellular stimulus, resulting in an increase in its intracellular or extracellular levels."" [GOC:mah]",165,115,8,26963,0.06956521739130435,0.048484848484848485,query_1,['GO:0001816'],3
GO:BP,GO:0002443,leukocyte mediated immunity,0.0014186936919988117,True,"""Any process involved in the carrying out of an immune response by a leukocyte."" [GO_REF:0000022, GOC:add, ISBN:0781735149]",544,115,13,26963,0.11304347826086956,0.02389705882352941,query_1,['GO:0002252'],3
GO:BP,GO:0045428,regulation of nitric oxide biosynthetic process,0.0014358877771190374,True,"""Any process that modulates the frequency, rate or extent of the chemical reactions and pathways resulting in the formation of nitric oxide."" [GOC:go_curators]",71,115,6,26963,0.05217391304347826,0.08450704225352113,query_1,"['GO:0006809', 'GO:0009889', 'GO:0080164']",3
GO:BP,GO:0030522,intracellular receptor signaling pathway,0.0015152617074664213,True,"""The series of molecular signals initiated by a ligand binding to a receptor located within a cell."" [GOC:bf, GOC:mah]",375,115,11,26963,0.09565217391304348,0.029333333333333333,query_1,['GO:0035556'],3
GO:BP,GO:0002763,positive regulation of myeloid leukocyte differentiation,0.0015610088382160205,True,"""Any process that activates or increases the frequency, rate, or extent of myeloid leukocyte differentiation."" [GOC:add]",72,115,6,26963,0.05217391304347826,0.08333333333333333,query_1,"['GO:0002573', 'GO:0002761', 'GO:0045639', 'GO:1902107']",3
GO:BP,GO:0045637,regulation of myeloid cell differentiation,0.0015633766591937877,True,"""Any process that modulates the frequency, rate or extent of myeloid cell differentiation."" [GOC:go_curators]",230,115,9,26963,0.0782608695652174,0.0391304347826087,query_1,"['GO:0030099', 'GO:1903706']",3
GO:BP,GO:0048661,positive regulation of smooth muscle cell proliferation,0.0016157311171627461,True,"""Any process that activates or increases the rate or extent of smooth muscle cell proliferation."" [CL:0000192, GOC:ebc]",116,115,7,26963,0.06086956521739131,0.0603448275862069,query_1,"['GO:0008284', 'GO:0048659', 'GO:0048660']",3
GO:BP,GO:0046637,regulation of alpha-beta T cell differentiation,0.0016949222779328928,True,"""Any process that modulates the frequency, rate or extent of alpha-beta T cell differentiation."" [GOC:ai]",73,115,6,26963,0.05217391304347826,0.0821917808219178,query_1,"['GO:0045580', 'GO:0046632', 'GO:0046634']",3
GO:BP,GO:0071495,cellular response to endogenous stimulus,0.0017853207941526744,True,"""Any process that results in a change in state or activity of a cell (in terms of movement, secretion, enzyme production, gene expression, etc.) as a result of a stimulus arising within the organism."" [GOC:mah]",1321,115,20,26963,0.17391304347826086,0.01514004542013626,query_1,['GO:0009719'],3
GO:BP,GO:0022614,membrane to membrane docking,0.001788402482283661,True,"""The initial attachment of a membrane to a target membrane, mediated by proteins protruding from the two membranes. Docking requires only that the membranes come close enough for the proteins to interact and adhere."" [GOC:isa_complete]",5,115,3,26963,0.02608695652173913,0.6,query_1,['GO:0022406'],3
GO:BP,GO:0010573,vascular endothelial growth factor production,0.0017980770799508549,True,"""The appearance of vascular endothelial growth factor production due to biosynthesis or secretion following a cellular stimulus, resulting in an increase in its intracellular or extracellular levels."" [GOC:rl]",40,115,5,26963,0.043478260869565216,0.125,query_1,['GO:0001816'],3
GO:BP,GO:0045446,endothelial cell differentiation,0.0018141757239474744,True,"""The process in which a mesodermal, bone marrow or neural crest cell acquires specialized features of an endothelial cell, a thin flattened cell. A layer of such cells lines the inside surfaces of body cavities, blood vessels, and lymph vessels, making up the endothelium."" [CL:0000115, GOC:go_curators]",118,115,7,26963,0.06086956521739131,0.059322033898305086,query_1,"['GO:0003158', 'GO:0030855']",3
GO:BP,GO:0080164,regulation of nitric oxide metabolic process,0.0019910295421618554,True,"""Any process that modulates the frequency, rate or extent of the chemical reactions and pathways involving nitric oxide, nitrogen monoxide (NO), a colorless gas only slightly soluble in water."" [GOC:DHL]",75,115,6,26963,0.05217391304347826,0.08,query_1,"['GO:0019222', 'GO:0046209']",3
GO:BP,GO:0016310,phosphorylation,0.002122683191911847,True,"""The process of introducing a phosphate group into a molecule, usually with the formation of a phosphoric ester, a phosphoric anhydride or a phosphoric amide."" [ISBN:0198506732]",1462,115,21,26963,0.1826086956521739,0.014363885088919288,query_1,['GO:0006796'],3
GO:BP,GO:0043122,regulation of canonical NF-kappaB signal transduction,0.002228104297500611,True,"""Any process that modulates the canonical NF-kappaB signaling cascade."" [GOC:jl, PMID:12773372]",240,115,9,26963,0.0782608695652174,0.0375,query_1,"['GO:0007249', 'GO:1902531']",3
GO:BP,GO:0045622,regulation of T-helper cell differentiation,0.002308796991381602,True,"""Any process that modulates the frequency, rate or extent of T-helper cell differentiation."" [GOC:go_curators]",42,115,5,26963,0.043478260869565216,0.11904761904761904,query_1,"['GO:0002697', 'GO:0042093', 'GO:0043370', 'GO:0050776']",3
GO:BP,GO:0032732,positive regulation of interleukin-1 production,0.00232819222602319,True,"""Any process that activates or increases the frequency, rate, or extent of interleukin-1 production."" [GOC:mah]",77,115,6,26963,0.05217391304347826,0.07792207792207792,query_1,"['GO:0001819', 'GO:0032612', 'GO:0032652']",3
GO:BP,GO:0042102,positive regulation of T cell proliferation,0.0024015775050107054,True,"""Any process that activates or increases the rate or extent of T cell proliferation."" [GOC:ai]",123,115,7,26963,0.06086956521739131,0.056910569105691054,query_1,"['GO:0042098', 'GO:0042129', 'GO:0050671', 'GO:0050870']",3
GO:BP,GO:0045089,positive regulation of innate immune response,0.0024570856870753765,True,"""Any process that activates or increases the frequency, rate or extent of the innate immune response, the organism's first line of defense against infection."" [GOC:ebc]",394,115,11,26963,0.09565217391304348,0.027918781725888325,query_1,"['GO:0002833', 'GO:0031349', 'GO:0032103', 'GO:0045087', 'GO:0045088', 'GO:0050778']",3
GO:BP,GO:0032612,interleukin-1 production,0.0025363648999703163,True,"""The appearance of interleukin-1 due to biosynthesis or secretion following a cellular stimulus, resulting in an increase in its intracellular or extracellular levels."" [GOC:mah]",124,115,7,26963,0.06086956521739131,0.056451612903225805,query_1,['GO:0001816'],3
GO:BP,GO:0032652,regulation of interleukin-1 production,0.0025363648999703163,True,"""Any process that modulates the frequency, rate, or extent of interleukin-1 production."" [GOC:mah]",124,115,7,26963,0.06086956521739131,0.056451612903225805,query_1,"['GO:0001817', 'GO:0032612']",3
GO:BP,GO:0051250,negative regulation of lymphocyte activation,0.0025876832610077162,True,"""Any process that stops, prevents, or reduces the frequency, rate or extent of lymphocyte activation."" [GOC:ai]",180,115,8,26963,0.06956521739130435,0.044444444444444446,query_1,"['GO:0002695', 'GO:0046649', 'GO:0051249']",3
GO:BP,GO:0008625,extrinsic apoptotic signaling pathway via death domain receptors,0.002710682430191923,True,"""The series of molecular signals in which a signal is conveyed from the cell surface to trigger the apoptotic death of a cell. The pathway starts with a ligand binding to a death domain receptor on the cell surface, and ends when the execution phase of apoptosis is triggered."" [GOC:mah, GOC:mtg_apoptosis]",79,115,6,26963,0.05217391304347826,0.0759493670886076,query_1,['GO:0097191'],3
GO:BP,GO:0042092,type 2 immune response,0.002927572126370978,True,"""An immune response which is associated with resistance to extracellular organisms such as helminths and pathological conditions such as allergy, which is orchestrated by the production of particular cytokines, most notably IL-4, IL-5, IL-10, and IL-13, by any of a variety of cell types including T-helper 2 cells, eosinophils, basophils, mast cells, and nuocytes, resulting in enhanced production of certain antibody isotypes and other effects."" [GOC:add, ISBN:0781735149, PMID:18000958, PMID:18007680, PMID:20065995, PMID:20200518]",44,115,5,26963,0.043478260869565216,0.11363636363636363,query_1,['GO:0006955'],3
GO:BP,GO:0007162,negative regulation of cell adhesion,0.003009793307967947,True,"""Any process that stops, prevents, or reduces the frequency, rate or extent of cell adhesion."" [GOC:go_curators]",322,115,10,26963,0.08695652173913043,0.031055900621118012,query_1,"['GO:0007155', 'GO:0030155', 'GO:0048523']",3
GO:BP,GO:0007346,regulation of mitotic cell cycle,0.003064660790844698,True,"""Any process that modulates the rate or extent of progress through the mitotic cell cycle."" [GOC:dph, GOC:go_curators, GOC:tb]",490,115,12,26963,0.10434782608695652,0.024489795918367346,query_1,"['GO:0000278', 'GO:0051726']",3
GO:BP,GO:0044092,negative regulation of molecular function,0.0032292554283523075,True,"""Any process that stops or reduces the rate or extent of a molecular function, an elemental biological activity occurring at the molecular level, such as catalysis or binding."" [GO:jl]",251,115,9,26963,0.0782608695652174,0.035856573705179286,query_1,['GO:0065009'],3
GO:BP,GO:1902533,positive regulation of intracellular signal transduction,0.0034853955012493516,True,"""Any process that activates or increases the frequency, rate or extent of intracellular signal transduction."" [GOC:BHF, GOC:dph, GOC:signaling, GOC:tb, GOC:TermGenie]",1133,115,18,26963,0.1565217391304348,0.01588702559576346,query_1,"['GO:0009967', 'GO:0035556', 'GO:1902531']",3
GO:BP,GO:0031667,response to nutrient levels,0.0035674136730108412,True,"""Any process that results in a change in state or activity of a cell or an organism (in terms of movement, secretion, enzyme production, gene expression, etc.) as a result of a stimulus reflecting the presence, absence, or concentration of nutrients."" [GOC:mah]",591,115,13,26963,0.11304347826086956,0.021996615905245348,query_1,['GO:0050896'],3
GO:BP,GO:0006809,nitric oxide biosynthetic process,0.0036302457923933127,True,"""The chemical reactions and pathways resulting in the formation of nitric oxide, nitrogen monoxide (NO), a colorless gas only slightly soluble in water."" [GOC:ai]",83,115,6,26963,0.05217391304347826,0.07228915662650602,query_1,"['GO:0009058', 'GO:0046209']",3
GO:BP,GO:2000516,"positive regulation of CD4-positive, alpha-beta T cell activation",0.0036701468041834403,True,"""Any process that activates or increases the frequency, rate or extent of CD4-positive, alpha-beta T cell activation."" [GOC:obol]",46,115,5,26963,0.043478260869565216,0.10869565217391304,query_1,"['GO:0035710', 'GO:0046635', 'GO:2000514']",3
GO:BP,GO:1902041,regulation of extrinsic apoptotic signaling pathway via death domain receptors,0.0036701468041834403,True,"""Any process that modulates the frequency, rate or extent of extrinsic apoptotic signaling pathway via death domain receptors."" [GOC:TermGenie, PMID:17245429]",46,115,5,26963,0.043478260869565216,0.10869565217391304,query_1,"['GO:0008625', 'GO:2001236']",3
GO:BP,GO:0071346,cellular response to type II interferon,0.0038612508896649638,True,"""Any process that results in a change in state or activity of a cell (in terms of movement, secretion, enzyme production, gene expression, etc.) as a result of an interferon-gamma stimulus. Interferon gamma is the only member of the type II interferon found so far."" [GOC:mah]",132,115,7,26963,0.06086956521739131,0.05303030303030303,query_1,"['GO:0034341', 'GO:0071345']",3
GO:BP,GO:2001233,regulation of apoptotic signaling pathway,0.003880953309593116,True,"""Any process that modulates the frequency, rate or extent of apoptotic signaling pathway."" [GOC:mtg_apoptosis]",413,115,11,26963,0.09565217391304348,0.026634382566585957,query_1,"['GO:0009966', 'GO:0042981', 'GO:0097190']",3
GO:BP,GO:0019538,protein metabolic process,0.003940931685225652,True,"""The chemical reactions and pathways involving a protein. Includes protein modification."" [GOC:ma]",4653,115,41,26963,0.3565217391304348,0.008811519449817323,query_1,"['GO:0043170', 'GO:0044238']",3
GO:BP,GO:0002688,regulation of leukocyte chemotaxis,0.004061521978410006,True,"""Any process that modulates the frequency, rate, or extent of leukocyte chemotaxis."" [GOC:add]",133,115,7,26963,0.06086956521739131,0.05263157894736842,query_1,"['GO:0002685', 'GO:0030595', 'GO:0050920']",3
GO:BP,GO:0045444,fat cell differentiation,0.004182168981557203,True,"""The process in which a relatively unspecialized cell acquires specialized features of an adipocyte, an animal connective tissue cell specialized for the synthesis and storage of fat."" [CL:0000136, GOC:go_curators]",259,115,9,26963,0.0782608695652174,0.03474903474903475,query_1,['GO:0030154'],3
GO:BP,GO:0045064,T-helper 2 cell differentiation,0.004230579202805591,True,"""The process in which a relatively unspecialized T cell acquires specialized features of a T-helper 2 (Th2) cell. A Th2 cell is a CD4-positive, alpha-beta T cell that has the phenotype GATA-3-positive and produces interleukin-4."" [CL:0000546, GOC:ebc]",21,115,4,26963,0.034782608695652174,0.19047619047619047,query_1,"['GO:0042092', 'GO:0042093']",3
GO:BP,GO:0046634,regulation of alpha-beta T cell activation,0.004488210266701138,True,"""Any process that modulates the frequency, rate or extent of alpha-beta T cell activation."" [GOC:ai]",135,115,7,26963,0.06086956521739131,0.05185185185185185,query_1,"['GO:0046631', 'GO:0050863']",3
GO:BP,GO:0002833,positive regulation of response to biotic stimulus,0.004670529976309698,True,"""Any process that activates or increases the frequency, rate, or extent of a response to biotic stimulus."" [GOC:add]",421,115,11,26963,0.09565217391304348,0.026128266033254157,query_1,"['GO:0002831', 'GO:0009607', 'GO:0048584']",3
GO:BP,GO:0051128,regulation of cellular component organization,0.004733766033639144,True,"""Any process that modulates the frequency, rate or extent of a process involved in the formation, arrangement of constituent parts, or disassembly of cell structures, including the plasma membrane and any external encapsulating structures such as the cell wall and cell envelope."" [GOC:ai]",2532,115,28,26963,0.24347826086956523,0.011058451816745656,query_1,"['GO:0016043', 'GO:0050794']",3
GO:BP,GO:0002221,pattern recognition receptor signaling pathway,0.00474343287002557,True,"""The series of molecular signals initiated by a ligand binding to a pattern recognition receptor (PRR), and ending with the regulation of a downstream cellular process, e.g. transcription. PRRs bind pathogen-associated molecular pattern (PAMPs), structures conserved among microbial species, or damage-associated molecular pattern (DAMPs), endogenous molecules released from damaged cells."" [GOC:add, GOC:ar, ISBN:0781735149, PMID:15199967]",263,115,9,26963,0.0782608695652174,0.034220532319391636,query_1,['GO:0002758'],3
GO:BP,GO:0006979,response to oxidative stress,0.004888709834841636,True,"""Any process that results in a change in state or activity of a cell or an organism (in terms of movement, secretion, enzyme production, gene expression, etc.) as a result of oxidative stress, a state often resulting from exposure to high levels of reactive oxygen species, e.g. superoxide anions, hydrogen peroxide (H2O2), and hydroxyl radicals."" [GOC:jl, PMID:12115731]",423,115,11,26963,0.09565217391304348,0.026004728132387706,query_1,['GO:0006950'],3
GO:BP,GO:0002274,myeloid leukocyte activation,0.0048934903401595545,True,"""A change in the morphology or behavior of a myeloid leukocyte resulting from exposure to an activating factor such as a cellular or soluble ligand."" [GOC:add, ISBN:0781735149]",264,115,9,26963,0.0782608695652174,0.03409090909090909,query_1,['GO:0045321'],3
GO:BP,GO:0062197,cellular response to chemical stress,0.0049011457735985715,True,"""Any process that results in a change in state or activity of a cell (in terms of movement, secretion, enzyme production, gene expression, etc.) as a result of a chemical stimulus indicating the organism is under stress."" [PMID:26653712]",340,115,10,26963,0.08695652173913043,0.029411764705882353,query_1,"['GO:0033554', 'GO:0070887']",3
GO:BP,GO:0048245,eosinophil chemotaxis,0.005153707366771725,True,"""The movement of an eosinophil in response to an external stimulus."" [GOC:jid, PMID:11292027, PMID:12391252]",22,115,4,26963,0.034782608695652174,0.18181818181818182,query_1,"['GO:0071621', 'GO:0072677']",3
GO:BP,GO:0031399,regulation of protein modification process,0.005403131800525306,True,"""Any process that modulates the frequency, rate or extent of the covalent alteration of one or more amino acid residues within a protein."" [GOC:mah, GOC:tb]",1049,115,17,26963,0.14782608695652175,0.016205910390848427,query_1,"['GO:0036211', 'GO:0051246']",3
GO:BP,GO:0045624,positive regulation of T-helper cell differentiation,0.0062181886798606594,True,"""Any process that activates or increases the frequency, rate or extent of T-helper cell differentiation."" [GOC:go_curators]",23,115,4,26963,0.034782608695652174,0.17391304347826086,query_1,"['GO:0002699', 'GO:0042093', 'GO:0043372', 'GO:0045622', 'GO:0050778']",3
GO:BP,GO:0002758,innate immune response-activating signaling pathway,0.006633909528195169,True,"""The series of molecular signals generated by a ligand binding to its receptor that lead to the activation or perpetuation of an innate immune response."" [GOC:jy, GOC:mah, PMID:11418339, PMID:28105028]",274,115,9,26963,0.0782608695652174,0.032846715328467155,query_1,"['GO:0002218', 'GO:0002757']",3
GO:BP,GO:0045581,negative regulation of T cell differentiation,0.006818266507171024,True,"""Any process that stops, prevents, or reduces the frequency, rate or extent of T cell differentiation."" [GOC:go_curators]",52,115,5,26963,0.043478260869565216,0.09615384615384616,query_1,"['GO:0030217', 'GO:0045580', 'GO:0045620', 'GO:0050868']",3
GO:BP,GO:0097398,cellular response to interleukin-17,0.0074372983502835445,True,"""Any process that results in a change in state or activity of a cell (in terms of movement, secretion, enzyme production, gene expression, etc.) as a result of an interleukin-17 stimulus."" [GOC:pr]",24,115,4,26963,0.034782608695652174,0.16666666666666666,query_1,"['GO:0071345', 'GO:0097396']",3
GO:BP,GO:0034114,regulation of heterotypic cell-cell adhesion,0.0074372983502835445,True,"""Any process that modulates the frequency, rate, or extent of heterotypic cell-cell adhesion."" [GOC:add]",24,115,4,26963,0.034782608695652174,0.16666666666666666,query_1,"['GO:0022407', 'GO:0034113']",3
GO:BP,GO:0046638,positive regulation of alpha-beta T cell differentiation,0.007502984367613545,True,"""Any process that activates or increases the frequency, rate or extent of alpha-beta T cell differentiation."" [GOC:ai]",53,115,5,26963,0.043478260869565216,0.09433962264150944,query_1,"['GO:0045582', 'GO:0046632', 'GO:0046635', 'GO:0046637']",3
GO:BP,GO:0046209,nitric oxide metabolic process,0.007538618557765007,True,"""The chemical reactions and pathways involving nitric oxide, nitrogen monoxide (NO), a colorless gas only slightly soluble in water."" [GOC:ai]",94,115,6,26963,0.05217391304347826,0.06382978723404255,query_1,['GO:2001057'],3
GO:BP,GO:0010332,response to gamma radiation,0.008240570159233806,True,"""Any process that results in a change in state or activity of a cell or an organism (in terms of movement, secretion, enzyme production, gene expression, etc.) as a result of a gamma radiation stimulus. Gamma radiation is a form of electromagnetic radiation (EMR) or light emission of a specific frequency produced from sub-atomic particle interaction, such as electron-positron annihilation and radioactive decay. Gamma rays are generally characterized as EMR having the highest frequency and energy, and also the shortest wavelength, within the electromagnetic radiation spectrum."" [GOC:tair_curators]",54,115,5,26963,0.043478260869565216,0.09259259259259259,query_1,['GO:0010212'],3
GO:BP,GO:0051926,negative regulation of calcium ion transport,0.008240570159233806,True,"""Any process that stops, prevents, or reduces the frequency, rate or extent of the directed movement of calcium ions into, out of or within a cell, or between cells, by means of some agent such as a transporter or pore."" [GOC:ai]",54,115,5,26963,0.043478260869565216,0.09259259259259259,query_1,"['GO:0006816', 'GO:0043271', 'GO:0051924']",3
GO:BP,GO:0050868,negative regulation of T cell activation,0.008278136042368003,True,"""Any process that stops, prevents, or reduces the frequency, rate or extent of T cell activation."" [GOC:ai]",148,115,7,26963,0.06086956521739131,0.0472972972972973,query_1,"['GO:0042110', 'GO:0050863', 'GO:0051250', 'GO:1903038']",3
GO:BP,GO:0071706,tumor necrosis factor superfamily cytokine production,0.008466702687167971,True,"""The appearance of any member of the TNF superfamily due to biosynthesis or secretion following a cellular stimulus, resulting in an increase in its intracellular or extracellular levels."" [GOC:add]",211,115,8,26963,0.06956521739130435,0.037914691943127965,query_1,['GO:0001816'],3
GO:BP,GO:1903555,regulation of tumor necrosis factor superfamily cytokine production,0.008466702687167971,True,"""Any process that modulates the frequency, rate or extent of tumor necrosis factor superfamily cytokine production."" [GO_REF:0000058, GOC:TermGenie, PMID:24187568]",211,115,8,26963,0.06956521739130435,0.037914691943127965,query_1,"['GO:0001817', 'GO:0071706']",3
GO:BP,GO:0043525,positive regulation of neuron apoptotic process,0.008524125897654467,True,"""Any process that activates or increases the frequency, rate or extent of cell death of neurons by apoptotic process."" [GOC:go_curators, GOC:mtg_apoptosis]",96,115,6,26963,0.05217391304347826,0.0625,query_1,"['GO:0043065', 'GO:0043523', 'GO:0051402']",3
GO:BP,GO:2001057,reactive nitrogen species metabolic process,0.008524125897654467,True,"""The chemical reactions and pathways involving a reactive nitrogen species."" [GOC:obol]",96,115,6,26963,0.05217391304347826,0.0625,query_1,['GO:0008152'],3
GO:BP,GO:2001237,negative regulation of extrinsic apoptotic signaling pathway,0.009054785816067553,True,"""Any process that stops, prevents or reduces the frequency, rate or extent of extrinsic apoptotic signaling pathway."" [GOC:mtg_apoptosis]",97,115,6,26963,0.05217391304347826,0.061855670103092786,query_1,"['GO:0097191', 'GO:2001234', 'GO:2001236']",3
GO:BP,GO:0035914,skeletal muscle cell differentiation,0.009054785816067553,True,"""The process in which a relatively unspecialized cell acquires specialized features of a skeletal muscle cell, a somatic cell located in skeletal muscle."" [CL:0000188, GOC:BHF, GOC:vk]",97,115,6,26963,0.05217391304347826,0.061855670103092786,query_1,"['GO:0007519', 'GO:0030154']",3
GO:BP,GO:0051049,regulation of transport,0.009403220419636595,True,"""Any process that modulates the frequency, rate or extent of the directed movement of substances (such as macromolecules, small molecules, ions) into, out of or within a cell, or between cells, by means of some agent such as a transporter or pore."" [GOC:ai]",1743,115,22,26963,0.19130434782608696,0.012621916236374068,query_1,"['GO:0006810', 'GO:0032879']",3
GO:BP,GO:0051179,localization,0.009460171509791589,True,"""Any process in which a cell, a substance, or a cellular entity, such as a protein complex or organelle, is transported, tethered to or otherwise maintained in a specific location. In the case of substances, localization may also be achieved via selective degradation."" [GOC:ai, GOC:dos]",5362,115,44,26963,0.3826086956521739,0.008205893323386795,query_1,['GO:0008150'],3
GO:BP,GO:0048247,lymphocyte chemotaxis,0.00988596769177233,True,"""The directed movement of a lymphocyte in response to an external stimulus."" [GOC:hjd, GOC:jid, PMID:12391252]",56,115,5,26963,0.043478260869565216,0.08928571428571429,query_1,"['GO:0030595', 'GO:0072676']",3
GO:BP,GO:0032763,regulation of mast cell cytokine production,0.00992178268038804,True,"""Any process that modulates the frequency, rate, or extent of mast cell cytokine production."" [GOC:mah]",8,115,3,26963,0.02608695652173913,0.375,query_1,"['GO:0002718', 'GO:0032762']",3
GO:BP,GO:0031622,positive regulation of fever generation,0.00992178268038804,True,"""Any process that activates or increases the frequency, rate, or extent of fever generation."" [GOC:add]",8,115,3,26963,0.02608695652173913,0.375,query_1,"['GO:0001660', 'GO:0002675', 'GO:0031620', 'GO:0031652']",3
GO:BP,GO:2000321,positive regulation of T-helper 17 cell differentiation,0.00992178268038804,True,"""Any process that activates or increases the frequency, rate or extent of T-helper 17 cell differentiation."" [GOC:BHF, GOC:mah]",8,115,3,26963,0.02608695652173913,0.375,query_1,"['GO:0045624', 'GO:0072539', 'GO:2000318', 'GO:2000319']",3
GO:BP,GO:0032762,mast cell cytokine production,0.00992178268038804,True,"""Any process that contributes to cytokine production by a mast cell."" [GOC:mah]",8,115,3,26963,0.02608695652173913,0.375,query_1,['GO:0061082'],3
GO:BP,GO:0009967,positive regulation of signal transduction,0.010128347313446891,True,"""Any process that activates or increases the frequency, rate or extent of signal transduction."" [GOC:sm]",1614,115,21,26963,0.1826086956521739,0.013011152416356878,query_1,"['GO:0007165', 'GO:0009966', 'GO:0010647', 'GO:0023056', 'GO:0048584']",3
GO:BP,GO:0009743,response to carbohydrate,0.010234224031045196,True,"""Any process that results in a change in state or activity of a cell or an organism (in terms of movement, secretion, enzyme production, gene expression, etc.) as a result of a carbohydrate stimulus."" [GOC:jl]",289,115,9,26963,0.0782608695652174,0.031141868512110725,query_1,['GO:1901700'],3
GO:BP,GO:0097396,response to interleukin-17,0.010395064258715735,True,"""Any process that results in a change in state or activity of a cell or an organism (in terms of movement, secretion, enzyme production, gene expression, etc.) as a result of an interleukin-17 stimulus."" [GOC:pr]",26,115,4,26963,0.034782608695652174,0.15384615384615385,query_1,['GO:0034097'],3
GO:BP,GO:0072677,eosinophil migration,0.010395064258715735,True,"""The movement of an eosinophil within or between different tissues and organs of the body."" [CL:0000771, GOC:BHF, GOC:mah]",26,115,4,26963,0.034782608695652174,0.15384615384615385,query_1,['GO:0097530'],3
GO:BP,GO:0071674,mononuclear cell migration,0.011520587636942158,True,"""The movement of a mononuclear cell within or between different tissues and organs of the body."" [GOC:mah]",220,115,8,26963,0.06956521739130435,0.03636363636363636,query_1,['GO:0050900'],3
GO:BP,GO:0038066,p38MAPK cascade,0.011778625837844123,True,"""A MAPK cascade containing at least the p38MAPK (MAPK14) MAP kinase, or Hog1 in yeast. It starts with the activation of a MAP3K, and the consecutive activation of a MPK2K and of p38MAPK. The cascade can also contain an additional tier: the upstream MAP4K. The kinases in each tier phosphorylate and activate the kinases in the downstream tier. The p38MAPK cascade is activated by stress signals, including hyperosmolarity, as well as by G protein-coupled receptors, growth factors, and cytokines, and results in cellular responses such as cell proliferation, cell differentiation, apoptosis and inflammation."" [PMID:20811974, PMID:23125017, PMID:32794416]",58,115,5,26963,0.043478260869565216,0.08620689655172414,query_1,['GO:0000165'],3
GO:BP,GO:0019220,regulation of phosphate metabolic process,0.011893645045956799,True,"""Any process that modulates the frequency, rate or extent of the chemical reactions and pathways involving phosphates."" [GOC:go_curators]",993,115,16,26963,0.1391304347826087,0.016112789526686808,query_1,"['GO:0006796', 'GO:0051174']",3
GO:BP,GO:0051174,regulation of phosphorus metabolic process,0.012045596254629871,True,"""Any process that modulates the frequency, rate or extent of the chemical reactions and pathways involving phosphorus or compounds containing phosphorus."" [GOC:ai]",994,115,16,26963,0.1391304347826087,0.01609657947686117,query_1,"['GO:0006793', 'GO:0019222']",3
GO:BP,GO:0002821,positive regulation of adaptive immune response,0.012228115741361564,True,"""Any process that activates or increases the frequency, rate, or extent of an adaptive immune response."" [GOC:add]",157,115,7,26963,0.06086956521739131,0.044585987261146494,query_1,"['GO:0002250', 'GO:0002819', 'GO:0050778']",3
GO:BP,GO:0009790,embryo development,0.013282742965709153,True,"""The process whose specific outcome is the progression of an embryo from its formation until the end of its embryonic life stage. The end of the embryonic stage is organism-specific. For example, for mammals, the process would begin with zygote formation and end with birth. For insects, the process would begin at zygote formation and end with larval hatching. For plant zygotic embryos, this would be from zygote formation to the end of seed dormancy. For plant vegetative embryos, this would be from the initial determination of the cell or group of cells to form an embryo until the point when the embryo becomes independent of the parent plant."" [GOC:go_curators, GOC:isa_complete, GOC:mtg_sensu]",1247,115,18,26963,0.1565217391304348,0.014434643143544507,query_1,['GO:0007275'],3
GO:BP,GO:0002720,positive regulation of cytokine production involved in immune response,0.013571507714312352,True,"""Any process that activates or increases the frequency, rate, or extent of cytokine production that contributes to an immune response."" [GOC:add]",104,115,6,26963,0.05217391304347826,0.057692307692307696,query_1,"['GO:0001819', 'GO:0002367', 'GO:0002702', 'GO:0002718']",3
GO:BP,GO:0001933,negative regulation of protein phosphorylation,0.01358807592378553,True,"""Any process that stops, prevents or reduces the rate of addition of phosphate groups to amino acids within a protein."" [GOC:hjd]",225,115,8,26963,0.06956521739130435,0.035555555555555556,query_1,"['GO:0001932', 'GO:0006468', 'GO:0031400', 'GO:0042326']",3
GO:BP,GO:2001236,regulation of extrinsic apoptotic signaling pathway,0.013850462792110696,True,"""Any process that modulates the frequency, rate or extent of extrinsic apoptotic signaling pathway."" [GOC:mtg_apoptosis]",160,115,7,26963,0.06086956521739131,0.04375,query_1,"['GO:0097191', 'GO:2001233']",3
GO:BP,GO:0045620,negative regulation of lymphocyte differentiation,0.013944201726208375,True,"""Any process that stops, prevents, or reduces the frequency, rate or extent of lymphocyte differentiation."" [GOC:go_curators]",60,115,5,26963,0.043478260869565216,0.08333333333333333,query_1,"['GO:0030098', 'GO:0045619', 'GO:0051250', 'GO:1902106']",3
GO:BP,GO:0090594,inflammatory response to wounding,0.014143311839894415,True,"""The immediate defensive reaction by vertebrate tissue to injury caused by chemical or physical agents."" [GOC:add]",28,115,4,26963,0.034782608695652174,0.14285714285714285,query_1,"['GO:0006954', 'GO:0009611']",3
GO:BP,GO:0002218,activation of innate immune response,0.014217525987392681,True,"""Any process that initiates an innate immune response. Innate immune responses are defense responses mediated by germline encoded components that directly recognize components of potential pathogens. Examples of this process include activation of the hypersensitive response of Arabidopsis thaliana and activation of any NOD or TLR signaling pathway in vertebrate species."" [GO_REF:0000022, GOC:add, GOC:mtg_sensu, ISBN:0781735149, PMID:15199967, PMID:16177805]",301,115,9,26963,0.0782608695652174,0.029900332225913623,query_1,"['GO:0002253', 'GO:0045089']",3
GO:BP,GO:0043523,regulation of neuron apoptotic process,0.01460246338380228,True,"""Any process that modulates the occurrence or rate of cell death by apoptotic process in neurons."" [GOC:go_curators, GOC:mtg_apoptosis]",302,115,9,26963,0.0782608695652174,0.029801324503311258,query_1,"['GO:0042981', 'GO:0051402']",3
GO:BP,GO:0031394,positive regulation of prostaglandin biosynthetic process,0.014836345188447252,True,"""Any process that activates or increases the frequency, rate or extent of the chemical reactions and pathways resulting in the formation of prostaglandin."" [GOC:mah]",9,115,3,26963,0.02608695652173913,0.3333333333333333,query_1,"['GO:0001516', 'GO:0031392', 'GO:2001280']",3
GO:BP,GO:0050921,positive regulation of chemotaxis,0.015028466233826431,True,"""Any process that activates or increases the frequency, rate or extent of the directed movement of a motile cell or organism in response to a specific chemical concentration gradient."" [GOC:ai]",162,115,7,26963,0.06086956521739131,0.043209876543209874,query_1,"['GO:0006935', 'GO:0032103', 'GO:0040017', 'GO:0050920']",3
GO:BP,GO:0034113,heterotypic cell-cell adhesion,0.01513776398727608,True,"""The attachment of a cell to a cell of a different type via adhesion molecules."" [GOC:add]",61,115,5,26963,0.043478260869565216,0.08196721311475409,query_1,['GO:0098609'],3
GO:BP,GO:0050679,positive regulation of epithelial cell proliferation,0.015961385754908998,True,"""Any process that activates or increases the rate or extent of epithelial cell proliferation."" [GOC:ai]",230,115,8,26963,0.06956521739130435,0.034782608695652174,query_1,"['GO:0008284', 'GO:0050673', 'GO:0050678']",3
GO:BP,GO:0046889,positive regulation of lipid biosynthetic process,0.015997285069808718,True,"""Any process that activates or increases the frequency, rate or extent of the chemical reactions and pathways resulting in the formation of lipids."" [GOC:ai]",107,115,6,26963,0.05217391304347826,0.056074766355140186,query_1,"['GO:0008610', 'GO:0009891', 'GO:0045834', 'GO:0046890']",3
GO:BP,GO:0031649,heat generation,0.016352341657279265,True,"""Any homeostatic process in which an organism produces heat, thereby raising its internal temperature."" [GOC:mah]",29,115,4,26963,0.034782608695652174,0.13793103448275862,query_1,['GO:0001659'],3
GO:BP,GO:0070374,positive regulation of ERK1 and ERK2 cascade,0.016475838864703114,True,"""Any process that activates or increases the frequency, rate or extent of signal transduction mediated by the ERK1 and ERK2 cascade."" [GOC:mah]",231,115,8,26963,0.06956521739130435,0.03463203463203463,query_1,"['GO:0043410', 'GO:0070371', 'GO:0070372']",3
GO:BP,GO:0051253,negative regulation of RNA metabolic process,0.01657751685096352,True,"""Any process that stops, prevents, or reduces the frequency, rate or extent of the chemical reactions and pathways involving RNA."" [GOC:ai]",1530,115,20,26963,0.17391304347826086,0.013071895424836602,query_1,"['GO:0010605', 'GO:0016070', 'GO:0045934', 'GO:0051252']",3
GO:BP,GO:0008630,intrinsic apoptotic signaling pathway in response to DNA damage,0.01687985106812431,True,"""The series of molecular signals in which an intracellular signal is conveyed to trigger the apoptotic death of a cell. The pathway is induced by the detection of DNA damage, and ends when the execution phase of apoptosis is triggered."" [GOC:go_curators, GOC:mtg_apoptosis]",108,115,6,26963,0.05217391304347826,0.05555555555555555,query_1,"['GO:0006974', 'GO:0097193']",3
GO:BP,GO:0002690,positive regulation of leukocyte chemotaxis,0.01687985106812431,True,"""Any process that activates or increases the frequency, rate, or extent of leukocyte chemotaxis."" [GOC:add]",108,115,6,26963,0.05217391304347826,0.05555555555555555,query_1,"['GO:0002687', 'GO:0002688', 'GO:0030595', 'GO:0050921']",3
GO:BP,GO:1902042,negative regulation of extrinsic apoptotic signaling pathway via death domain receptors,0.018806105268842247,True,"""Any process that stops, prevents or reduces the frequency, rate or extent of extrinsic apoptotic signaling pathway via death domain receptors."" [GOC:TermGenie, PMID:17245429]",30,115,4,26963,0.034782608695652174,0.13333333333333333,query_1,"['GO:0008625', 'GO:1902041', 'GO:2001237']",3
GO:BP,GO:0006796,phosphate-containing compound metabolic process,0.019245914517414454,True,"""The chemical reactions and pathways involving the phosphate group, the anion or salt of any phosphoric acid."" [GOC:ai]",2413,115,26,26963,0.22608695652173913,0.01077496891835889,query_1,['GO:0006793'],3
GO:BP,GO:0050920,regulation of chemotaxis,0.01926358154916115,True,"""Any process that modulates the frequency, rate or extent of the directed movement of a motile cell or organism in response to a specific chemical concentration gradient."" [GOC:ai]",236,115,8,26963,0.06956521739130435,0.03389830508474576,query_1,"['GO:0006935', 'GO:0032101', 'GO:0040012']",3
GO:BP,GO:0050673,epithelial cell proliferation,0.01939784544986095,True,"""The multiplication or reproduction of epithelial cells, resulting in the expansion of a cell population. Epithelial cells make up the epithelium, the covering of internal and external surfaces of the body, including the lining of vessels and other small cavities. It consists of cells joined by small amounts of cementing substances."" [ISBN:0721662544]",489,115,11,26963,0.09565217391304348,0.022494887525562373,query_1,['GO:0008283'],3
GO:BP,GO:0006793,phosphorus metabolic process,0.019677843561438157,True,"""The chemical reactions and pathways involving the nonmetallic element phosphorus or compounds that contain phosphorus."" [GOC:ai]",2416,115,26,26963,0.22608695652173913,0.01076158940397351,query_1,['GO:0008152'],3
GO:BP,GO:0072676,lymphocyte migration,0.01976730918134896,True,"""The movement of a lymphocyte within or between different tissues and organs of the body."" [CL:0000542, GOC:BHF, GOC:mah]",111,115,6,26963,0.05217391304347826,0.05405405405405406,query_1,['GO:0071674'],3
GO:BP,GO:0016525,negative regulation of angiogenesis,0.01976730918134896,True,"""Any process that stops, prevents, or reduces the frequency, rate or extent of angiogenesis."" [GOC:go_curators]",111,115,6,26963,0.05217391304347826,0.05405405405405406,query_1,"['GO:0001525', 'GO:0045765', 'GO:2000181']",3
GO:BP,GO:0031620,regulation of fever generation,0.021128812681063997,True,"""Any process that modulates the rate or extent of fever generation."" [GOC:add, GOC:dph, GOC:tb]",10,115,3,26963,0.02608695652173913,0.3,query_1,"['GO:0001660', 'GO:0002673', 'GO:0031650']",3
GO:BP,GO:0001932,regulation of protein phosphorylation,0.021724675004688276,True,"""Any process that modulates the frequency, rate or extent of addition of phosphate groups into an amino acid in a protein."" [GOC:hjd]",808,115,14,26963,0.12173913043478261,0.017326732673267328,query_1,"['GO:0006468', 'GO:0031399', 'GO:0042325']",3
GO:BP,GO:0043434,response to peptide hormone,0.02174480533583073,True,"""Any process that results in a change in state or activity of a cell or an organism (in terms of movement, secretion, enzyme production, gene expression, etc.) as a result of a peptide hormone stimulus. A peptide hormone is any of a class of peptides that are secreted into the blood stream and have endocrine functions in living animals."" [PMID:11027914, PMID:15134857, Wikipedia:Peptide_hormone]",495,115,11,26963,0.09565217391304348,0.022222222222222223,query_1,"['GO:0009725', 'GO:1901698', 'GO:1901700']",3
GO:BP,GO:0045892,negative regulation of DNA-templated transcription,0.021765612361430004,True,"""Any process that stops, prevents, or reduces the frequency, rate or extent of cellular DNA-templated transcription."" [GOC:go_curators, GOC:txnOH]",1424,115,19,26963,0.16521739130434782,0.013342696629213483,query_1,"['GO:0006351', 'GO:0006355', 'GO:1902679']",3
GO:BP,GO:2000181,negative regulation of blood vessel morphogenesis,0.0219054657224524,True,"""Any process that stops, prevents, or reduces the frequency, rate or extent of blood vessel morphogenesis."" [GOC:dph, GOC:yaf]",113,115,6,26963,0.05217391304347826,0.05309734513274336,query_1,"['GO:0022603', 'GO:0048514', 'GO:1901343']",3
GO:BP,GO:0031400,negative regulation of protein modification process,0.02265476868704923,True,"""Any process that stops, prevents, or reduces the frequency, rate or extent of the covalent alteration of one or more amino acid residues within a protein."" [GOC:mah, GOC:tb]",319,115,9,26963,0.0782608695652174,0.02821316614420063,query_1,"['GO:0031399', 'GO:0036211', 'GO:0051248']",3
GO:BP,GO:1901343,negative regulation of vasculature development,0.02304266722927209,True,"""Any process that stops, prevents or reduces the frequency, rate or extent of vasculature development."" [GOC:TermGenie]",114,115,6,26963,0.05217391304347826,0.05263157894736842,query_1,"['GO:0001944', 'GO:0051093', 'GO:0051241', 'GO:1901342']",3
GO:BP,GO:1902679,negative regulation of RNA biosynthetic process,0.023555968885986635,True,"""Any process that stops, prevents or reduces the frequency, rate or extent of RNA biosynthetic process."" [GO:jl, GO_REF:0000058, GOC:TermGenie]",1432,115,19,26963,0.16521739130434782,0.013268156424581005,query_1,"['GO:0010558', 'GO:0032774', 'GO:0051253', 'GO:2001141']",3
GO:BP,GO:0034405,response to fluid shear stress,0.024514961715492757,True,"""Any process that results in a change in state or activity of a cell or an organism (in terms of movement, secretion, enzyme production, gene expression, etc.) as a result of a fluid shear stress stimulus. Fluid shear stress is the force acting on an object in a system where the fluid is moving across a solid surface."" [GOC:sl]",32,115,4,26963,0.034782608695652174,0.125,query_1,['GO:0006950'],3
GO:BP,GO:0042326,negative regulation of phosphorylation,0.024549679765699023,True,"""Any process that stops, prevents or decreases the rate of addition of phosphate groups to a molecule."" [GOC:jl]",244,115,8,26963,0.06956521739130435,0.03278688524590164,query_1,"['GO:0016310', 'GO:0042325', 'GO:0045936']",3
GO:BP,GO:0038061,non-canonical NF-kappaB signal transduction,0.025460558565267608,True,"""An intracellular signaling cassette characterized by the NIK-dependent processing and activation of NF-kappaB. Begins with activation of the NF-kappaB-inducing kinase (NIK), which in turn phosphorylates and activates IkappaB kinase alpha (IKKalpha). IKKalpha phosphorylates the NF-kappa B2 protein (p100) leading to p100 processing and release of an active NF-kappaB (p52). The non-canonical NF-kappaB signaling pathway is generally activated by ligands of the TNF receptor superfamily, including lymphotoxin beta (LTB), CD40, OX40, RANK, TWEAK and B cell-activating factor (BAFF)."" [GOC:bf, GOC:mg2, GOC:signaling, GOC:vs, PMID:11239468, PMID:15140882, PMID:34659217]",116,115,6,26963,0.05217391304347826,0.05172413793103448,query_1,['GO:0141124'],3
GO:BP,GO:1902106,negative regulation of leukocyte differentiation,0.02807977402408026,True,"""Any process that stops, prevents or reduces the frequency, rate or extent of leukocyte differentiation."" [GOC:add, GOC:TermGenie]",118,115,6,26963,0.05217391304347826,0.05084745762711865,query_1,"['GO:0002521', 'GO:1902105', 'GO:1903707']",3
GO:BP,GO:2001280,positive regulation of unsaturated fatty acid biosynthetic process,0.028961712542365393,True,"""Any process that activates or increases the frequency, rate or extent of unsaturated fatty acid biosynthetic process."" [GO:0006636]",11,115,3,26963,0.02608695652173913,0.2727272727272727,query_1,"['GO:0006636', 'GO:0045723', 'GO:2001279']",3
GO:BP,GO:0051924,regulation of calcium ion transport,0.03101051252153289,True,"""Any process that modulates the frequency, rate or extent of the directed movement of calcium ions into, out of or within a cell, or between cells, by means of some agent such as a transporter or pore."" [GOC:ai]",252,115,8,26963,0.06956521739130435,0.031746031746031744,query_1,"['GO:0006816', 'GO:0010959']",3
GO:BP,GO:0002828,regulation of type 2 immune response,0.03140855345635666,True,"""Any process that modulates the frequency, rate, or extent of a type 2 immune response."" [GOC:add]",34,115,4,26963,0.034782608695652174,0.11764705882352941,query_1,"['GO:0042092', 'GO:0050776']",3
GO:BP,GO:0001885,endothelial cell development,0.032024574822757466,True,"""The progression of an endothelial cell over time, from its formation to the mature structure."" [GOC:dph]",71,115,5,26963,0.043478260869565216,0.07042253521126761,query_1,"['GO:0002064', 'GO:0045446']",3
GO:BP,GO:0042542,response to hydrogen peroxide,0.032413415769427266,True,"""Any process that results in a change in state or activity of a cell or an organism (in terms of movement, secretion, enzyme production, gene expression, etc.) as a result of a hydrogen peroxide (H2O2) stimulus."" [GOC:jl]",121,115,6,26963,0.05217391304347826,0.049586776859504134,query_1,['GO:0000302'],3
GO:BP,GO:0051234,establishment of localization,0.03308307737442189,True,"""Any process that localizes a substance or cellular component. This may occur via movement, tethering or selective degradation."" [GOC:ai, GOC:dos]",4689,115,39,26963,0.3391304347826087,0.008317338451695458,query_1,['GO:0051179'],3
GO:BP,GO:0032743,positive regulation of interleukin-2 production,0.03534484476800082,True,"""Any process that activates or increases the frequency, rate, or extent of interleukin-2 production."" [GOC:mah]",35,115,4,26963,0.034782608695652174,0.11428571428571428,query_1,"['GO:0001819', 'GO:0032623', 'GO:0032663']",3
GO:BP,GO:0072539,T-helper 17 cell differentiation,0.03534484476800082,True,"""The process in which a relatively unspecialized T cell acquires the specialized features of a T-helper 17 (Th17) cell. A Th17 cell is a CD4-positive, alpha-beta T cell with the phenotype RORgamma-t-positive that produces IL-17."" [CL:0000899, GOC:BHF, GOC:ebc]",35,115,4,26963,0.034782608695652174,0.11428571428571428,query_1,"['GO:0042093', 'GO:0072538']",3
GO:BP,GO:0043534,blood vessel endothelial cell migration,0.03559142778680852,True,"""The orderly movement of an endothelial cell into the extracellular matrix in order to form new blood vessels during angiogenesis."" [PMID:11166264]",123,115,6,26963,0.05217391304347826,0.04878048780487805,query_1,['GO:0043542'],3
GO:BP,GO:1903707,negative regulation of hemopoiesis,0.03727219369630886,True,"""Any process that stops, prevents or reduces the frequency, rate or extent of hemopoiesis."" [GO_REF:0000058, GOC:pad, GOC:PARL, GOC:TermGenie, PMID:20080761]",124,115,6,26963,0.05217391304347826,0.04838709677419355,query_1,"['GO:0002683', 'GO:0010721', 'GO:0030097', 'GO:0051241', 'GO:1903706']",3
GO:BP,GO:0031392,regulation of prostaglandin biosynthetic process,0.03849547361163515,True,"""Any process that modulates the frequency, rate or extent of the chemical reactions and pathways resulting in the formation of prostaglandin."" [GOC:mah]",12,115,3,26963,0.02608695652173913,0.25,query_1,"['GO:0001516', 'GO:2001279']",3
GO:BP,GO:0031652,positive regulation of heat generation,0.03849547361163515,True,"""Any process that activates or increases the rate or extent of heat generation."" [GOC:dph, GOC:mah, GOC:tb]",12,115,3,26963,0.02608695652173913,0.25,query_1,"['GO:0031649', 'GO:0031650', 'GO:0051240']",3
GO:BP,GO:0010574,regulation of vascular endothelial growth factor production,0.03963241642163824,True,"""Any process that modulates the frequency, rate, or extent of production of vascular endothelial growth factor."" [GOC:rl]",36,115,4,26963,0.034782608695652174,0.1111111111111111,query_1,"['GO:0001817', 'GO:0010573']",3
GO:BP,GO:0000278,mitotic cell cycle,0.04030578137301595,True,"""Progression through the phases of the mitotic cell cycle, the most common eukaryotic cell cycle, which canonically comprises four successive phases called G1, S, G2, and M and includes replication of the genome and the subsequent segregation of chromosomes into daughter cells. In some variant cell cycles nuclear replication or nuclear division may not be followed by cell division, or G1 and G2 phases may be absent."" [GOC:mah, ISBN:0815316194]",854,115,14,26963,0.12173913043478261,0.01639344262295082,query_1,['GO:0007049'],3
GO:BP,GO:1904705,regulation of vascular associated smooth muscle cell proliferation,0.04188043324639834,True,"""Any process that modulates the frequency, rate or extent of vascular smooth muscle cell proliferation."" [GO_REF:0000058, GOC:TermGenie, PMID:23246467]",75,115,5,26963,0.043478260869565216,0.06666666666666667,query_1,"['GO:0048660', 'GO:1990874']",3
GO:BP,GO:0070542,response to fatty acid,0.04188043324639834,True,"""Any process that results in a change in state or activity of a cell or an organism (in terms of movement, secretion, enzyme production, gene expression, etc.) as a result of a fatty acid stimulus."" [GOC:lp]",75,115,5,26963,0.043478260869565216,0.06666666666666667,query_1,"['GO:0033993', 'GO:1901700']",3
GO:BP,GO:0034284,response to monosaccharide,0.043353123520069814,True,"""Any process that results in a change in state or activity of a cell or an organism (in terms of movement, secretion, enzyme production, gene expression, etc.) as a result of a monosaccharide stimulus."" [GOC:mah]",264,115,8,26963,0.06956521739130435,0.030303030303030304,query_1,['GO:0009743'],3
GO:BP,GO:0032649,regulation of type II interferon production,0.04464840712775675,True,"""Any process that modulates the frequency, rate, or extent of interferon-gamma production. Interferon-gamma is also known as type II interferon."" [GOC:add, GOC:mah, PMID:15546383]",128,115,6,26963,0.05217391304347826,0.046875,query_1,"['GO:0001817', 'GO:0032609']",3
GO:BP,GO:0006810,transport,0.044807373395519635,True,"""The directed movement of substances (such as macromolecules, small molecules, ions) or cellular components (such as complexes and organelles) into, out of or within a cell, or between cells, or within a multicellular organism by means of some agent such as a transporter or a transporter complex, a pore or a motor protein."" [GOC:dos, GOC:dph, GOC:jl, GOC:mah]",4387,115,37,26963,0.3217391304347826,0.008434009573740598,query_1,['GO:0051234'],3
GO:BP,GO:0001666,response to hypoxia,0.0462016038213262,True,"""Any process that results in a change in state or activity of a cell or an organism (in terms of movement, secretion, enzyme production, gene expression, etc.) as a result of a stimulus indicating lowered oxygen tension. Hypoxia, defined as a decline in O2 levels below normoxic levels of 20.8 - 20.95%, results in metabolic adaptation at both the cellular and organismal level."" [GOC:hjd]",349,115,9,26963,0.0782608695652174,0.025787965616045846,query_1,"['GO:0006950', 'GO:0036293']",3
GO:BP,GO:0032609,type II interferon production,0.046664948455627304,True,"""The appearance of interferon-gamma due to biosynthesis or secretion following a cellular stimulus, resulting in an increase in its intracellular or extracellular levels. Interferon-gamma is also known as type II interferon."" [GOC:add, GOC:mah, PMID:15546383]",129,115,6,26963,0.05217391304347826,0.046511627906976744,query_1,['GO:0001816'],3
GO:BP,GO:0042325,regulation of phosphorylation,0.04823940914171011,True,"""Any process that modulates the frequency, rate or extent of addition of phosphate groups into a molecule."" [GOC:jl]",868,115,14,26963,0.12173913043478261,0.016129032258064516,query_1,"['GO:0016310', 'GO:0019220']",3
GO:BP,GO:0002526,acute inflammatory response,0.04875428043015852,True,"""Inflammation which comprises a rapid, short-lived, relatively uniform response to acute injury or antigenic challenge and is characterized by accumulations of fluid, plasma proteins, and granulocytic leukocytes. An acute inflammatory response occurs within a matter of minutes or hours, and either resolves within a few days or becomes a chronic inflammatory response."" [GO_REF:0000022, GOC:add, ISBN:0781735149]",130,115,6,26963,0.05217391304347826,0.046153846153846156,query_1,['GO:0006954'],3
GO:BP,GO:0051239,regulation of multicellular organismal process,8.29597217147153e-21,True,"""Any process that modulates the frequency, rate or extent of a multicellular organismal process, the processes pertinent to the function of a multicellular organism above the cellular level; includes the integrated processes of tissues and organs."" [GOC:ai, GOC:dph, GOC:tb]",3145,159,69,26963,0.4339622641509434,0.021939586645468998,query_1,"['GO:0032501', 'GO:0050789']",4
GO:BP,GO:0048522,positive regulation of cellular process,3.281494823313133e-19,True,"""Any process that activates or increases the frequency, rate or extent of a cellular process, any of those that are carried out at the cellular level, but are not necessarily restricted to a single cell. For example, cell communication occurs among more than one cell, but occurs at the cellular level."" [GOC:jid]",6243,159,94,26963,0.5911949685534591,0.01505686368732981,query_1,"['GO:0009987', 'GO:0048518', 'GO:0050794']",4
GO:BP,GO:0048518,positive regulation of biological process,8.011764767753219e-19,True,"""Any process that activates or increases the frequency, rate or extent of a biological process. Biological processes are regulated by many means; examples include the control of gene expression, protein modification or interaction with a protein or substrate molecule."" [GOC:jid]",6584,159,96,26963,0.6037735849056604,0.014580801944106925,query_1,"['GO:0008150', 'GO:0050789']",4
GO:BP,GO:0050789,regulation of biological process,7.42587401326213e-17,True,"""Any process that modulates the frequency, rate or extent of a biological process. Biological processes are regulated by many means; examples include the control of gene expression, protein modification or interaction with a protein or substrate molecule."" [GOC:ai, GOC:go_curators]",13153,159,133,26963,0.8364779874213837,0.010111761575306013,query_1,"['GO:0008150', 'GO:0065007']",4
GO:BP,GO:0040011,locomotion,3.689276009891923e-16,True,"""Self-propelled movement of a cell or organism from one location to another."" [GOC:dgh]",1278,159,41,26963,0.2578616352201258,0.032081377151799685,query_1,['GO:0008150'],4
GO:BP,GO:0048856,anatomical structure development,1.1013867200504074e-15,True,"""The biological process whose specific outcome is the progression of an anatomical structure from an initial condition to its mature state. This process begins with the formation of the structure and ends with the mature structure, whatever form that may be including its natural destruction. An anatomical structure is any biological entity that occupies space and is distinguished from its surroundings. Anatomical structures can be macroscopic such as a carpel, or microscopic such as an acrosome."" [GO_REF:0000021]",6290,159,89,26963,0.559748427672956,0.014149443561208267,query_1,['GO:0032502'],4
GO:BP,GO:0065007,biological regulation,1.7596826741508868e-15,True,"""Any process that modulates a measurable attribute of any biological process, quality or function."" [GOC:dph, GOC:isa_complete, GOC:mah, GOC:pr, GOC:vw]",13542,159,133,26963,0.8364779874213837,0.009821296706542608,query_1,['GO:0008150'],4
GO:BP,GO:0035556,intracellular signal transduction,2.1463511686464307e-15,True,"""The process in which a signal is passed on to downstream components within the cell, which become activated themselves to further propagate the signal and finally trigger a change in the function or state of the cell."" [GOC:bf, GOC:jl, GOC:signaling, ISBN:3527303782]",2885,159,59,26963,0.3710691823899371,0.020450606585788563,query_1,['GO:0007165'],4
GO:BP,GO:0007275,multicellular organism development,3.860996381937059e-15,True,"""The biological process whose specific outcome is the progression of a multicellular organism over time from an initial condition (e.g. a zygote or a young adult) to a later condition (e.g. a multicellular animal or an aged adult)."" [GOC:dph, GOC:ems, GOC:isa_complete, GOC:tb]",4886,159,77,26963,0.48427672955974843,0.015759312320916905,query_1,"['GO:0032501', 'GO:0048856']",4
GO:BP,GO:0032502,developmental process,7.379075563547153e-15,True,"""A biological process whose specific outcome is the progression of an integrated living unit: an anatomical structure (which may be a subcellular structure, cell, tissue, or organ), or organism over time from an initial condition to a later condition."" [GOC:isa_complete]",6876,159,92,26963,0.5786163522012578,0.013379872018615475,query_1,['GO:0008150'],4
GO:BP,GO:0051241,negative regulation of multicellular organismal process,2.511129089043194e-14,True,"""Any process that stops, prevents, or reduces the frequency, rate or extent of an organismal process, the processes pertinent to the function of an organism above the cellular level; includes the integrated processes of tissues and organs."" [GOC:ai]",1218,159,38,26963,0.2389937106918239,0.031198686371100164,query_1,"['GO:0032501', 'GO:0048519', 'GO:0051239']",4
GO:BP,GO:0050794,regulation of cellular process,4.174252370669504e-14,True,"""Any process that modulates the frequency, rate or extent of a cellular process, any of those that are carried out at the cellular level, but are not necessarily restricted to a single cell. For example, cell communication occurs among more than one cell, but occurs at the cellular level."" [GOC:go_curators]",12758,159,127,26963,0.7987421383647799,0.009954538328891677,query_1,"['GO:0009987', 'GO:0050789']",4
GO:BP,GO:0016477,cell migration,4.8226627668725096e-14,True,"""The controlled self-propelled movement of a cell from one site to a destination guided by molecular cues."" [GOC:cjm, GOC:dph, GOC:ems, GOC:pf, Wikipedia:Cell_migration]",1544,159,42,26963,0.2641509433962264,0.027202072538860103,query_1,['GO:0048870'],4
GO:BP,GO:0006950,response to stress,7.660542488961536e-14,True,"""Any process that results in a change in state or activity of a cell or an organism (in terms of movement, secretion, enzyme production, gene expression, etc.) as a result of a disturbance in organismal or cellular homeostasis, usually, but not necessarily, exogenous (e.g. temperature, humidity, ionizing radiation)."" [GOC:mah]",3966,159,67,26963,0.42138364779874216,0.016893595562279373,query_1,['GO:0050896'],4
GO:BP,GO:0007166,cell surface receptor signaling pathway,2.1034439136601166e-13,True,"""The series of molecular signals initiated by an extracellular ligand binding to a receptor located on the cell surface. The pathway ends with regulation of a downstream cellular process, e.g. transcription."" [GOC:signaling]",2776,159,55,26963,0.34591194968553457,0.019812680115273776,query_1,['GO:0007165'],4
GO:BP,GO:0051716,cellular response to stimulus,2.770804475467053e-13,True,"""Any process that results in a change in state or activity of a cell (in terms of movement, secretion, enzyme production, gene expression, etc.) as a result of a stimulus. The process begins with detection of the stimulus by a cell and ends with a change in state or activity or the cell."" [GOC:bf, GOC:jl]",8566,159,101,26963,0.6352201257861635,0.011790800840532337,query_1,"['GO:0009987', 'GO:0050896']",4
GO:BP,GO:0050896,response to stimulus,3.8921835220172425e-13,True,"""Any process that results in a change in state or activity of a cell or an organism (in terms of movement, secretion, enzyme production, gene expression, etc.) as a result of a stimulus. The process begins with detection of the stimulus and ends with a change in state or activity or the cell or organism."" [GOC:ai, GOC:bf]",10529,159,113,26963,0.710691823899371,0.01073226327286542,query_1,['GO:0008150'],4
GO:BP,GO:0009605,response to external stimulus,4.188154630317732e-13,True,"""Any process that results in a change in state or activity of a cell or an organism (in terms of movement, secretion, enzyme production, gene expression, etc.) as a result of an external stimulus."" [GOC:hb]",2624,159,53,26963,0.3333333333333333,0.020198170731707318,query_1,['GO:0050896'],4
GO:BP,GO:0048731,system development,5.689553309217793e-13,True,"""The process whose specific outcome is the progression of an organismal system over time, from its formation to the mature structure. A system is a regularly interacting or interdependent group of organs or tissues that work together to carry out a given biological process."" [GOC:dph, GOC:jid]",4123,159,67,26963,0.42138364779874216,0.016250303177298083,query_1,"['GO:0007275', 'GO:0048856']",4
GO:BP,GO:0048519,negative regulation of biological process,7.142330166271159e-13,True,"""Any process that stops, prevents, or reduces the frequency, rate or extent of a biological process. Biological processes are regulated by many means; examples include the control of gene expression, protein modification or interaction with a protein or substrate molecule."" [GOC:jid]",5981,159,82,26963,0.5157232704402516,0.013710081926099314,query_1,"['GO:0008150', 'GO:0050789']",4
GO:BP,GO:0048870,cell motility,1.0621770529655975e-12,True,"""Any process involved in the controlled self-propelled movement of a cell that results in translocation of the cell from one place to another."" [GOC:dgh, GOC:dph, GOC:isa_complete, GOC:mlg]",1769,159,43,26963,0.27044025157232704,0.02430751837196156,query_1,['GO:0009987'],4
GO:BP,GO:0141124,intracellular signaling cassette,2.2148635223022766e-12,True,"""An intracellular signaling module that is part of larger signaling pathways that can be initiated either intracellularly or by cell surface receptors. Intracellular signaling cassettes are discrete signaling units that are often shared by multiple signaling pathways."" [GOC:ha, GOC:pg]",1806,159,43,26963,0.27044025157232704,0.023809523809523808,query_1,['GO:0035556'],4
GO:BP,GO:0009966,regulation of signal transduction,2.330436394629449e-12,True,"""Any process that modulates the frequency, rate or extent of signal transduction."" [GOC:sm]",3036,159,56,26963,0.3522012578616352,0.01844532279314888,query_1,"['GO:0007165', 'GO:0010646', 'GO:0023051', 'GO:0048583']",4
GO:BP,GO:0048583,regulation of response to stimulus,2.494083457503409e-12,True,"""Any process that modulates the frequency, rate or extent of a response to a stimulus. Response to stimulus is a change in state or activity of a cell or an organism (in terms of movement, secretion, enzyme production, gene expression, etc.) as a result of a stimulus."" [GOC:jid]",4015,159,65,26963,0.4088050314465409,0.0161892901618929,query_1,"['GO:0050789', 'GO:0050896']",4
GO:BP,GO:0023051,regulation of signaling,6.004633626902109e-12,True,"""Any process that modulates the frequency, rate or extent of a signaling process."" [GOC:mtg_signal]",3638,159,61,26963,0.3836477987421384,0.016767454645409567,query_1,"['GO:0023052', 'GO:0050789']",4
GO:BP,GO:0010646,regulation of cell communication,6.081963773507538e-12,True,"""Any process that modulates the frequency, rate or extent of cell communication. Cell communication is the process that mediates interactions between a cell and its surroundings. Encompasses interactions such as signaling or attachment between one cell and another cell, between a cell and an extracellular matrix, or between a cell and any other aspect of its environment."" [GOC:dph, GOC:tb]",3639,159,61,26963,0.3836477987421384,0.01676284693597142,query_1,"['GO:0007154', 'GO:0050794']",4
GO:BP,GO:0032501,multicellular organismal process,9.802465818353354e-12,True,"""Any biological process, occurring at the level of a multicellular organism, pertinent to its function."" [GOC:curators, GOC:dph, GOC:isa_complete, GOC:tb]",8528,159,98,26963,0.6163522012578616,0.01149155722326454,query_1,['GO:0008150'],4
GO:BP,GO:0023052,signaling,1.0940665591127285e-11,True,"""The entirety of a process in which information is transmitted within a biological system. This process begins with an active signal and ends when a cellular response has been triggered."" [GOC:mtg_signal, GOC:mtg_signaling_feb11, GOC:signaling]",7507,159,91,26963,0.5723270440251572,0.01212201944851472,query_1,['GO:0050789'],4
GO:BP,GO:0048513,animal organ development,1.3486702645784592e-11,True,"""Development of a tissue or tissues that work together to perform a specific function or functions. Development pertains to the process whose specific outcome is the progression of a structure over time, from its formation to the mature structure. Organs are commonly observed as visibly distinct structures, but may also exist as loosely associated clusters of cells that work together to perform a specific function or functions."" [GOC:dph, GOC:jid]",3267,159,57,26963,0.3584905660377358,0.017447199265381085,query_1,['GO:0048856'],4
GO:BP,GO:0007154,cell communication,1.4344399802874264e-11,True,"""Any process that mediates interactions between a cell and its surroundings. Encompasses interactions such as signaling or attachment between one cell and another cell, between a cell and an extracellular matrix, or between a cell and any other aspect of its environment."" [GOC:mah]",7538,159,91,26963,0.5723270440251572,0.012072167683735738,query_1,['GO:0009987'],4
GO:BP,GO:0009653,anatomical structure morphogenesis,1.7769909042420106e-11,True,"""The process in which anatomical structures are generated and organized. Morphogenesis pertains to the creation of form."" [GOC:go_curators, ISBN:0521436125]",2769,159,52,26963,0.3270440251572327,0.018779342723004695,query_1,"['GO:0032502', 'GO:0048856']",4
GO:BP,GO:0009893,positive regulation of metabolic process,1.7956262216087438e-11,True,"""Any process that activates or increases the frequency, rate or extent of the chemical reactions and pathways within a cell or an organism."" [GOC:go_curators]",3725,159,61,26963,0.3836477987421384,0.016375838926174495,query_1,"['GO:0008152', 'GO:0019222', 'GO:0048522']",4
GO:BP,GO:0009888,tissue development,2.712444966777219e-11,True,"""The process whose specific outcome is the progression of a tissue over time, from its formation to the mature structure."" [ISBN:0471245208]",2121,159,45,26963,0.2830188679245283,0.021216407355021217,query_1,['GO:0048856'],4
GO:BP,GO:0050793,regulation of developmental process,2.774561999116455e-11,True,"""Any process that modulates the frequency, rate or extent of development, the biological process whose specific outcome is the progression of a multicellular organism over time from an initial condition (e.g. a zygote, or a young adult) to a later condition (e.g. a multicellular animal or an aged adult)."" [GOC:go_curators]",2699,159,51,26963,0.32075471698113206,0.018895887365690995,query_1,"['GO:0032502', 'GO:0050789']",4
GO:BP,GO:0048523,negative regulation of cellular process,3.987956481789527e-11,True,"""Any process that stops, prevents, or reduces the frequency, rate or extent of a cellular process, any of those that are carried out at the cellular level, but are not necessarily restricted to a single cell. For example, cell communication occurs among more than one cell, but occurs at the cellular level."" [GOC:jid]",5732,159,77,26963,0.48427672955974843,0.013433356594556873,query_1,"['GO:0009987', 'GO:0048519', 'GO:0050794']",4
GO:BP,GO:0051240,positive regulation of multicellular organismal process,7.938480014852001e-11,True,"""Any process that activates or increases the frequency, rate or extent of an organismal process, any of the processes pertinent to the function of an organism above the cellular level; includes the integrated processes of tissues and organs."" [GOC:ai]",1822,159,41,26963,0.2578616352201258,0.022502744237102086,query_1,"['GO:0032501', 'GO:0048518', 'GO:0051239']",4
GO:BP,GO:0010604,positive regulation of macromolecule metabolic process,8.027974662299002e-11,True,"""Any process that increases the frequency, rate or extent of the chemical reactions and pathways involving macromolecules, any molecule of high relative molecular mass, the structure of which essentially comprises the multiple repetition of units derived, actually or conceptually, from molecules of low relative molecular mass."" [GOC:dph, GOC:tb]",3404,159,57,26963,0.3584905660377358,0.016745005875440658,query_1,"['GO:0009893', 'GO:0043170', 'GO:0060255']",4
GO:BP,GO:0030334,regulation of cell migration,2.243099959223585e-10,True,"""Any process that modulates the frequency, rate or extent of cell migration."" [GOC:go_curators]",990,159,30,26963,0.18867924528301888,0.030303030303030304,query_1,"['GO:0016477', 'GO:2000145']",4
GO:BP,GO:0008283,cell population proliferation,3.1027694433971324e-10,True,"""The multiplication or reproduction of cells, resulting in the expansion of a cell population."" [GOC:mah, GOC:mb]",2176,159,44,26963,0.27672955974842767,0.02022058823529412,query_1,['GO:0009987'],4
GO:BP,GO:0001944,vasculature development,3.1434423200215996e-10,True,"""The process whose specific outcome is the progression of the vasculature over time, from its formation to the mature structure. The vasculature is an interconnected tubular multi-tissue structure that contains fluid that is actively transported around the organism."" [GOC:dph, UBERON:0002409]",796,159,27,26963,0.16981132075471697,0.03391959798994975,query_1,"['GO:0048731', 'GO:0072359']",4
GO:BP,GO:0040012,regulation of locomotion,4.85754765445867e-10,True,"""Any process that modulates the frequency, rate or extent of locomotion of a cell or organism."" [GOC:ems]",1094,159,31,26963,0.1949685534591195,0.0283363802559415,query_1,"['GO:0040011', 'GO:0050789']",4
GO:BP,GO:0070887,cellular response to chemical stimulus,7.592918379735311e-10,True,"""Any process that results in a change in state or activity of a cell (in terms of movement, secretion, enzyme production, gene expression, etc.) as a result of a chemical stimulus."" [GOC:mah]",2527,159,47,26963,0.29559748427672955,0.018599129402453504,query_1,"['GO:0042221', 'GO:0051716']",4
GO:BP,GO:0030154,cell differentiation,1.0327369364164816e-09,True,"""The cellular developmental process in which a relatively unspecialized cell, e.g. embryonic or regenerative cell, acquires specialized structural and/or functional features that characterize a specific cell. Differentiation includes the processes involved in commitment of a cell to a specific fate and its subsequent development to the mature state."" [ISBN:0198506732]",4795,159,67,26963,0.42138364779874216,0.01397288842544317,query_1,['GO:0048869'],4
GO:BP,GO:2000145,regulation of cell motility,1.0334678424748248e-09,True,"""Any process that modulates the frequency, rate or extent of cell motility."" [GOC:mah]",1051,159,30,26963,0.18867924528301888,0.028544243577545196,query_1,"['GO:0040012', 'GO:0048870', 'GO:0050794']",4
GO:BP,GO:0048869,cellular developmental process,1.0431282339945558e-09,True,"""A biological process whose specific outcome is the progression of a cell over time from an initial condition to a later condition."" [GOC:isa_complete]",4796,159,67,26963,0.42138364779874216,0.01396997497914929,query_1,"['GO:0009987', 'GO:0032502']",4
GO:BP,GO:0007165,signal transduction,1.2232315089166544e-09,True,"""The cellular process in which a signal is conveyed to trigger a change in the activity or state of a cell. Signal transduction begins with reception of a signal (e.g. a ligand binding to a receptor or receptor activation by a stimulus such as light), or for signal transduction in the absence of ligand, signal-withdrawal or the activity of a constitutively active receptor. Signal transduction ends with regulation of a downstream cellular process, e.g. regulation of transcription or regulation of a metabolic process. Signal transduction covers signaling from receptors located on the surface of the cell and signaling via molecules located within the cell. For signaling between cells, signal transduction is restricted to events at and within the receiving cell."" [GOC:go_curators, GOC:mtg_signaling_feb11]",6923,159,83,26963,0.5220125786163522,0.011989022100245559,query_1,"['GO:0007154', 'GO:0009987', 'GO:0023052', 'GO:0050794', 'GO:0051716']",4
GO:BP,GO:0042127,regulation of cell population proliferation,1.297342370149602e-09,True,"""Any process that modulates the frequency, rate or extent of cell proliferation."" [GOC:jl]",1802,159,39,26963,0.24528301886792453,0.021642619311875694,query_1,"['GO:0008283', 'GO:0050794']",4
GO:BP,GO:0035239,tube morphogenesis,1.7177103007668371e-09,True,"""The process in which the anatomical structures of a tube are generated and organized. Epithelial and endothelial tubes transport gases, liquids and cells from one site to another and form the basic structure of many organs and tissues, with tube shape and organization varying from the single-celled excretory organ in Caenorhabditis elegans to the branching trees of the mammalian kidney and insect tracheal system."" [GOC:bf, PMID:14624839]",926,159,28,26963,0.1761006289308176,0.03023758099352052,query_1,"['GO:0009653', 'GO:0035295']",4
GO:BP,GO:1902531,regulation of intracellular signal transduction,1.7977597606811969e-09,True,"""Any process that modulates the frequency, rate or extent of intracellular signal transduction."" [GOC:dph, GOC:signaling, GOC:tb, GOC:TermGenie]",1912,159,40,26963,0.25157232704402516,0.02092050209205021,query_1,"['GO:0009966', 'GO:0035556']",4
GO:BP,GO:0001817,regulation of cytokine production,4.85551587258209e-09,True,"""Any process that modulates the frequency, rate, or extent of production of a cytokine."" [GOC:add, ISBN:0781735149]",825,159,26,26963,0.16352201257861634,0.03151515151515152,query_1,"['GO:0001816', 'GO:0010468', 'GO:0051239']",4
GO:BP,GO:0050865,regulation of cell activation,5.558478154133228e-09,True,"""Any process that modulates the frequency, rate or extent of cell activation, the change in the morphology or behavior of a cell resulting from exposure to an activating factor such as a cellular or soluble ligand."" [GOC:ai]",632,159,23,26963,0.14465408805031446,0.03639240506329114,query_1,"['GO:0001775', 'GO:0050794', 'GO:0051239']",4
GO:BP,GO:0001816,cytokine production,5.865247897207052e-09,True,"""The appearance of a cytokine due to biosynthesis or secretion following a cellular stimulus, resulting in an increase in its intracellular or extracellular levels."" [GOC:add, ISBN:0781735149]",832,159,26,26963,0.16352201257861634,0.03125,query_1,"['GO:0010467', 'GO:0032501']",4
GO:BP,GO:0001568,blood vessel development,5.923079504936213e-09,True,"""The process whose specific outcome is the progression of a blood vessel over time, from its formation to the mature structure. The blood vessel is the vasculature carrying blood."" [GOC:hjd, UBERON:0001981]",764,159,25,26963,0.15723270440251572,0.032722513089005235,query_1,"['GO:0001944', 'GO:0048856']",4
GO:BP,GO:0019222,regulation of metabolic process,6.611176602901653e-09,True,"""Any process that modulates the frequency, rate or extent of the chemical reactions and pathways within a cell or an organism."" [GOC:go_curators]",6848,159,81,26963,0.5094339622641509,0.011828271028037383,query_1,"['GO:0008152', 'GO:0050794']",4
GO:BP,GO:0072359,circulatory system development,8.16464980983983e-09,True,"""The process whose specific outcome is the progression of the circulatory system over time, from its formation to the mature structure. The circulatory system is the organ system that passes nutrients (such as amino acids and electrolytes), gases, hormones, blood cells, etc. to and from cells in the body to help fight diseases and help stabilize body temperature and pH to maintain homeostasis."" [GOC:mah, UBERON:0001009]",1220,159,31,26963,0.1949685534591195,0.02540983606557377,query_1,['GO:0048731'],4
GO:BP,GO:0042981,regulation of apoptotic process,1.060074001511757e-08,True,"""Any process that modulates the occurrence or rate of cell death by apoptotic process."" [GOC:jl, GOC:mtg_apoptosis]",1656,159,36,26963,0.22641509433962265,0.021739130434782608,query_1,"['GO:0006915', 'GO:0043067']",4
GO:BP,GO:0002682,regulation of immune system process,1.564726918726747e-08,True,"""Any process that modulates the frequency, rate, or extent of an immune system process."" [GOC:add]",1590,159,35,26963,0.22012578616352202,0.0220125786163522,query_1,"['GO:0002376', 'GO:0050789']",4
GO:BP,GO:0043067,regulation of programmed cell death,2.3137962059661295e-08,True,"""Any process that modulates the frequency, rate or extent of programmed cell death, cell death resulting from activation of endogenous cellular processes."" [GOC:jl]",1702,159,36,26963,0.22641509433962265,0.021151586368977675,query_1,"['GO:0012501', 'GO:0050794']",4
GO:BP,GO:0048584,positive regulation of response to stimulus,2.3736488966106157e-08,True,"""Any process that activates, maintains or increases the rate of a response to a stimulus. Response to stimulus is a change in state or activity of a cell or an organism (in terms of movement, secretion, enzyme production, gene expression, etc.) as a result of a stimulus."" [GOC:jid]",2372,159,43,26963,0.27044025157232704,0.01812816188870152,query_1,"['GO:0048518', 'GO:0048583', 'GO:0050896']",4
GO:BP,GO:0000165,MAPK cascade,3.2218206757798884e-08,True,"""An intracellular protein kinase cascade containing at least a MAP kinase (MAPK). It starts with the activation of a MAP3K, and the consecutive activation of a MPK2K and a MAPK. The cascade can also contain an additional tier: the upstream MAP4K. The kinases in each tier phosphorylate and activate the kinase in the downstream tier to transmit a signal within a cell."" [PMID:20811974, PMID:9561267]",757,159,24,26963,0.1509433962264151,0.031704095112285335,query_1,['GO:0141124'],4
GO:BP,GO:0051246,regulation of protein metabolic process,4.511130280837043e-08,True,"""Any process that modulates the frequency, rate or extent of the chemical reactions and pathways involving a protein."" [GOC:ai]",1835,159,37,26963,0.23270440251572327,0.020163487738419618,query_1,"['GO:0019538', 'GO:0060255', 'GO:0080090']",4
GO:BP,GO:0048585,negative regulation of response to stimulus,4.6829477664667493e-08,True,"""Any process that stops, prevents, or reduces the frequency, rate or extent of a response to a stimulus. Response to stimulus is a change in state or activity of a cell or an organism (in terms of movement, secretion, enzyme production, gene expression, etc.) as a result of a stimulus."" [GOC:jid]",1745,159,36,26963,0.22641509433962265,0.020630372492836675,query_1,"['GO:0048519', 'GO:0048583', 'GO:0050896']",4
GO:BP,GO:0006935,chemotaxis,4.744017591122042e-08,True,"""The directed movement of a motile cell or organism, or the directed growth of a cell guided by a specific chemical concentration gradient. Movement may be towards a higher concentration (positive chemotaxis) or towards a lower concentration (negative chemotaxis)."" [ISBN:0198506732]",455,159,19,26963,0.11949685534591195,0.041758241758241756,query_1,"['GO:0042221', 'GO:0042330']",4
GO:BP,GO:0042330,taxis,5.1136750121594104e-08,True,"""The directed movement of a motile cell or organism in response to an external stimulus."" [GOC:jl, ISBN:0192801023]",457,159,19,26963,0.11949685534591195,0.04157549234135667,query_1,"['GO:0009605', 'GO:0040011']",4
GO:BP,GO:0002376,immune system process,6.482931828092891e-08,True,"""Any process involved in the development or functioning of the immune system, an organismal system for calibrated responses to potential internal or invasive threats."" [GO_REF:0000022, GOC:add]",2866,159,47,26963,0.29559748427672955,0.016399162595952546,query_1,['GO:0008150'],4
GO:BP,GO:0001819,positive regulation of cytokine production,7.625145330413445e-08,True,"""Any process that activates or increases the frequency, rate or extent of production of a cytokine."" [GOC:add, ISBN:0781735149]",527,159,20,26963,0.12578616352201258,0.03795066413662239,query_1,"['GO:0001816', 'GO:0001817', 'GO:0010628', 'GO:0051240']",4
GO:BP,GO:0048514,blood vessel morphogenesis,9.006525714136195e-08,True,"""The process in which the anatomical structures of blood vessels are generated and organized. The blood vessel is the vasculature carrying blood."" [GOC:jid]",659,159,22,26963,0.13836477987421383,0.03338391502276176,query_1,"['GO:0001568', 'GO:0035239']",4
GO:BP,GO:1901700,response to oxygen-containing compound,1.3755626537057525e-07,True,"""Any process that results in a change in state or activity of a cell or an organism (in terms of movement, secretion, enzyme production, gene expression, etc.) as a result of an oxygen-containing compound stimulus."" [GOC:pr, GOC:TermGenie]",2004,159,38,26963,0.2389937106918239,0.018962075848303395,query_1,['GO:0042221'],4
GO:BP,GO:0060326,cell chemotaxis,1.4931488387281794e-07,True,"""The directed movement of a motile cell guided by a specific chemical concentration gradient. Movement may be towards a higher concentration (positive chemotaxis) or towards a lower concentration (negative chemotaxis)."" [GOC:dph]",322,159,16,26963,0.10062893081761007,0.049689440993788817,query_1,"['GO:0006935', 'GO:0016477', 'GO:0070887']",4
GO:BP,GO:0016310,phosphorylation,1.6578523316509334e-07,True,"""The process of introducing a phosphate group into a molecule, usually with the formation of a phosphoric ester, a phosphoric anhydride or a phosphoric amide."" [ISBN:0198506732]",1462,159,32,26963,0.20125786163522014,0.02188782489740082,query_1,['GO:0006796'],4
GO:BP,GO:0033002,muscle cell proliferation,1.9820843110531992e-07,True,"""The expansion of a muscle cell population by cell division."" [CL:0000187, GOC:mah]",279,159,15,26963,0.09433962264150944,0.053763440860215055,query_1,['GO:0008283'],4
GO:BP,GO:0048660,regulation of smooth muscle cell proliferation,2.10914803393103e-07,True,"""Any process that modulates the frequency, rate or extent of smooth muscle cell proliferation."" [CL:0000192, GOC:ebc]",192,159,13,26963,0.08176100628930817,0.06770833333333333,query_1,"['GO:0042127', 'GO:0048659']",4
GO:BP,GO:1901698,response to nitrogen compound,2.502533835543432e-07,True,"""Any process that results in a change in state or activity of a cell or an organism (in terms of movement, secretion, enzyme production, gene expression, etc.) as a result of a nitrogen compound stimulus."" [GOC:pr, GOC:TermGenie]",1146,159,28,26963,0.1761006289308176,0.02443280977312391,query_1,['GO:0042221'],4
GO:BP,GO:0001775,cell activation,3.429104133038576e-07,True,"""A multicellular organismal process by which exposure to an activating factor such as a cellular or soluble ligand results in a change in the morphology or behavior of a cell."" [GOC:mgi_curators]",1162,159,28,26963,0.1761006289308176,0.024096385542168676,query_1,"['GO:0009987', 'GO:0032501']",4
GO:BP,GO:0048659,smooth muscle cell proliferation,3.7261007570859516e-07,True,"""The multiplication or reproduction of smooth muscle cells, resulting in the expansion of a cell population."" [CL:0000192, GOC:ebc, PMID:1840698]",201,159,13,26963,0.08176100628930817,0.06467661691542288,query_1,['GO:0033002'],4
GO:BP,GO:0030335,positive regulation of cell migration,4.3708172324617535e-07,True,"""Any process that activates or increases the frequency, rate or extent of cell migration."" [GOC:go_curators]",582,159,20,26963,0.12578616352201258,0.03436426116838488,query_1,"['GO:0016477', 'GO:0030334', 'GO:2000147']",4
GO:BP,GO:0008284,positive regulation of cell population proliferation,4.742673398054912e-07,True,"""Any process that activates or increases the rate or extent of cell proliferation."" [GOC:go_curators]",1097,159,27,26963,0.16981132075471697,0.024612579762989972,query_1,"['GO:0008283', 'GO:0042127', 'GO:0048522']",4
GO:BP,GO:0035295,tube development,4.949383502126017e-07,True,"""The process whose specific outcome is the progression of a tube over time, from its initial formation to a mature structure. Epithelial and endothelial tubes transport gases, liquids and cells from one site to another and form the basic structure of many organs and tissues including lung and trachea, kidney, the mammary gland, the vascular system and the gastrointestinal and urinary-genital tracts."" [PMID:12526790]",1181,159,28,26963,0.1761006289308176,0.023708721422523286,query_1,"['GO:0007275', 'GO:0048856']",4
GO:BP,GO:0032101,regulation of response to external stimulus,6.14095875916172e-07,True,"""Any process that modulates the frequency, rate or extent of a response to an external stimulus."" [GOC:mah]",1110,159,27,26963,0.16981132075471697,0.024324324324324326,query_1,"['GO:0009605', 'GO:0048583']",4
GO:BP,GO:0060255,regulation of macromolecule metabolic process,6.172031025326344e-07,True,"""Any process that modulates the frequency, rate or extent of the chemical reactions and pathways involving macromolecules, any molecule of high relative molecular mass, the structure of which essentially comprises the multiple repetition of units derived, actually or conceptually, from molecules of low relative molecular mass."" [GOC:dph, GOC:tb]",6316,159,73,26963,0.4591194968553459,0.01155794806839772,query_1,"['GO:0019222', 'GO:0043170']",4
GO:BP,GO:0002684,positive regulation of immune system process,7.185621136355897e-07,True,"""Any process that activates or increases the frequency, rate, or extent of an immune system process."" [GOC:add]",1118,159,27,26963,0.16981132075471697,0.024150268336314847,query_1,"['GO:0002376', 'GO:0002682', 'GO:0048518']",4
GO:BP,GO:2000026,regulation of multicellular organismal development,7.309211658266589e-07,True,"""Any process that modulates the frequency, rate or extent of multicellular organismal development."" [GOC:obol]",1551,159,32,26963,0.20125786163522014,0.020631850419084462,query_1,"['GO:0007275', 'GO:0050793', 'GO:0051239']",4
GO:BP,GO:0023057,negative regulation of signaling,8.621155150224217e-07,True,"""Any process that stops, prevents, or reduces the frequency, rate or extent of a signaling process."" [GOC:mtg_signal]",1471,159,31,26963,0.1949685534591195,0.02107409925220938,query_1,"['GO:0023051', 'GO:0023052', 'GO:0048519']",4
GO:BP,GO:0010648,negative regulation of cell communication,9.057171030878475e-07,True,"""Any process that decreases the frequency, rate or extent of cell communication. Cell communication is the process that mediates interactions between a cell and its surroundings. Encompasses interactions such as signaling or attachment between one cell and another cell, between a cell and an extracellular matrix, or between a cell and any other aspect of its environment."" [GOC:dph, GOC:tb]",1474,159,31,26963,0.1949685534591195,0.02103120759837178,query_1,"['GO:0007154', 'GO:0010646', 'GO:0048523']",4
GO:BP,GO:0048646,anatomical structure formation involved in morphogenesis,1.0084771350988063e-06,True,"""The developmental process pertaining to the initial formation of an anatomical structure from unspecified parts. This process begins with the specific processes that contribute to the appearance of the discrete structure and ends when the structural rudiment is recognizable. An anatomical structure is any biological entity that occupies space and is distinguished from its surroundings. Anatomical structures can be macroscopic such as a carpel, or microscopic such as an acrosome."" [GOC:dph, GOC:jid, GOC:tb]",1219,159,28,26963,0.1761006289308176,0.022969647251845776,query_1,"['GO:0009653', 'GO:0032502']",4
GO:BP,GO:2000147,positive regulation of cell motility,1.0452563164502172e-06,True,"""Any process that activates or increases the frequency, rate or extent of cell motility."" [GOC:mah]",612,159,20,26963,0.12578616352201258,0.032679738562091505,query_1,"['GO:0040017', 'GO:0048522', 'GO:0048870', 'GO:2000145']",4
GO:BP,GO:0006468,protein phosphorylation,1.2104797250955207e-06,True,"""The process of introducing a phosphate group on to a protein."" [GOC:hb]",1229,159,28,26963,0.1761006289308176,0.022782750203417412,query_1,"['GO:0016310', 'GO:0036211']",4
GO:BP,GO:0050866,negative regulation of cell activation,1.3388474753088519e-06,True,"""Any process that stops, prevents, or reduces the frequency, rate or extent of cell activation."" [GOC:ai]",223,159,13,26963,0.08176100628930817,0.05829596412556054,query_1,"['GO:0001775', 'GO:0048523', 'GO:0050865', 'GO:0051241']",4
GO:BP,GO:0080090,regulation of primary metabolic process,1.5672516617450183e-06,True,"""Any process that modulates the frequency, rate or extent of the chemical reactions and pathways within a cell or an organism involving those compounds formed as a part of the normal anabolic and catabolic processes. These processes take place in most, if not all, cells of the organism."" [PMID:19211694]",5358,159,65,26963,0.4088050314465409,0.012131392310563644,query_1,"['GO:0019222', 'GO:0044238']",4
GO:BP,GO:0009968,negative regulation of signal transduction,1.5747480044972418e-06,True,"""Any process that stops, prevents, or reduces the frequency, rate or extent of signal transduction."" [GOC:sm]",1330,159,29,26963,0.18238993710691823,0.02180451127819549,query_1,"['GO:0007165', 'GO:0009966', 'GO:0010648', 'GO:0023057', 'GO:0048585']",4
GO:BP,GO:0050900,leukocyte migration,1.673460812741418e-06,True,"""The movement of a leukocyte within or between different tissues and organs of the body."" [GOC:add, ISBN:0781735149, PMID:14680625, PMID:14708592, PMID:7507411, PMID:8600538]",380,159,16,26963,0.10062893081761007,0.042105263157894736,query_1,"['GO:0002376', 'GO:0016477']",4
GO:BP,GO:0040017,positive regulation of locomotion,1.6752151664058567e-06,True,"""Any process that activates or increases the frequency, rate or extent of locomotion of a cell or organism."" [GOC:go_curators]",629,159,20,26963,0.12578616352201258,0.03179650238473768,query_1,"['GO:0040011', 'GO:0040012', 'GO:0048518']",4
GO:BP,GO:0001525,angiogenesis,1.7027770472360597e-06,True,"""Blood vessel formation when new vessels emerge from the proliferation of pre-existing blood vessels."" [ISBN:0878932453]",563,159,19,26963,0.11949685534591195,0.03374777975133215,query_1,"['GO:0048514', 'GO:0048646']",4
GO:BP,GO:0030595,leukocyte chemotaxis,1.8518352051070973e-06,True,"""The movement of a leukocyte in response to an external stimulus."" [GOC:add, GOC:jl]",229,159,13,26963,0.08176100628930817,0.056768558951965066,query_1,"['GO:0050900', 'GO:0060326']",4
GO:BP,GO:0097529,myeloid leukocyte migration,2.6717439850805134e-06,True,"""The movement of a myeloid leukocyte within or between different tissues and organs of the body."" [GOC:cvs, PMID:22342843, PMID:24157461]",236,159,13,26963,0.08176100628930817,0.05508474576271186,query_1,['GO:0050900'],4
GO:BP,GO:0010628,positive regulation of gene expression,3.855652024118347e-06,True,"""Any process that increases the frequency, rate or extent of gene expression. Gene expression is the process in which a gene's coding sequence is converted into a mature gene product (protein or RNA)."" [GOC:txnOH-2018]",1295,159,28,26963,0.1761006289308176,0.021621621621621623,query_1,"['GO:0010467', 'GO:0010468', 'GO:0010557']",4
GO:BP,GO:0080134,regulation of response to stress,4.015639763881281e-06,True,"""Any process that modulates the frequency, rate or extent of a response to stress. Response to stress is a change in state or activity of a cell or an organism (in terms of movement, secretion, enzyme production, gene expression, etc.) as a result of a disturbance in organismal or cellular homeostasis, usually, but not necessarily, exogenous (e.g. temperature, humidity, ionizing radiation)."" [GOC:dhl]",1386,159,29,26963,0.18238993710691823,0.020923520923520924,query_1,"['GO:0006950', 'GO:0048583']",4
GO:BP,GO:0001932,regulation of protein phosphorylation,4.070308736769768e-06,True,"""Any process that modulates the frequency, rate or extent of addition of phosphate groups into an amino acid in a protein."" [GOC:hjd]",808,159,22,26963,0.13836477987421383,0.027227722772277228,query_1,"['GO:0006468', 'GO:0031399', 'GO:0042325']",4
GO:BP,GO:0048245,eosinophil chemotaxis,4.257127334758275e-06,True,"""The movement of an eosinophil in response to an external stimulus."" [GOC:jid, PMID:11292027, PMID:12391252]",22,159,6,26963,0.03773584905660377,0.2727272727272727,query_1,"['GO:0071621', 'GO:0072677']",4
GO:BP,GO:0031399,regulation of protein modification process,4.506433994147863e-06,True,"""Any process that modulates the frequency, rate or extent of the covalent alteration of one or more amino acid residues within a protein."" [GOC:mah, GOC:tb]",1049,159,25,26963,0.15723270440251572,0.023832221163012392,query_1,"['GO:0036211', 'GO:0051246']",4
GO:BP,GO:0043408,regulation of MAPK cascade,4.557905122421647e-06,True,"""Any process that modulates the frequency, rate or extent of signal transduction mediated by the MAP kinase (MAPK) cascade."" [GOC:go_curators]",667,159,20,26963,0.12578616352201258,0.029985007496251874,query_1,"['GO:0000165', 'GO:1902531']",4
GO:BP,GO:0006915,apoptotic process,4.7327548320089196e-06,True,"""A programmed cell death process which begins when a cell receives an internal (e.g. DNA damage) or external signal (e.g. an extracellular death ligand), and proceeds through a series of biochemical events (signaling pathway phase) which trigger an execution phase. The execution phase is the last step of an apoptotic process, and is typically characterized by rounding-up of the cell, retraction of pseudopodes, reduction of cellular volume (pyknosis), chromatin condensation, nuclear fragmentation (karyorrhexis), plasma membrane blebbing and fragmentation of the cell into apoptotic bodies. When the execution phase is completed, the cell has died."" [GOC:cjm, GOC:dhl, GOC:ecd, GOC:go_curators, GOC:mtg_apoptosis, GOC:tb, ISBN:0198506732, PMID:18846107, PMID:21494263]",2066,159,36,26963,0.22641509433962265,0.017424975798644726,query_1,['GO:0012501'],4
GO:BP,GO:0010557,positive regulation of macromolecule biosynthetic process,5.325820522192792e-06,True,"""Any process that increases the rate, frequency or extent of the chemical reactions and pathways resulting in the formation of a macromolecule, any molecule of high relative molecular mass, the structure of which essentially comprises the multiple repetition of units derived, actually or conceptually, from molecules of low relative molecular mass."" [GOC:dph, GOC:tb]",2708,159,42,26963,0.2641509433962264,0.0155096011816839,query_1,"['GO:0009059', 'GO:0009891', 'GO:0010556', 'GO:0010604']",4
GO:BP,GO:0061041,regulation of wound healing,6.1173643276273846e-06,True,"""Any process that modulates the rate, frequency, or extent of the series of events that restore integrity to a damaged tissue, following an injury."" [GOC:BHF, GOC:dph]",125,159,10,26963,0.06289308176100629,0.08,query_1,"['GO:0042060', 'GO:1903034']",4
GO:BP,GO:0071621,granulocyte chemotaxis,6.611368786915717e-06,True,"""The movement of a granulocyte in response to an external stimulus."" [GOC:rph]",126,159,10,26963,0.06289308176100629,0.07936507936507936,query_1,"['GO:0030595', 'GO:0097530']",4
GO:BP,GO:0043410,positive regulation of MAPK cascade,7.084922789452588e-06,True,"""Any process that activates or increases the frequency, rate or extent of signal transduction mediated by the MAPK cascade."" [GOC:go_curators]",482,159,17,26963,0.1069182389937107,0.035269709543568464,query_1,"['GO:0000165', 'GO:0043408', 'GO:1902533']",4
GO:BP,GO:0061045,negative regulation of wound healing,7.4985369928375206e-06,True,"""Any process that decreases the rate, frequency, or extent of the series of events that restore integrity to a damaged tissue, following an injury."" [GOC:dph]",65,159,8,26963,0.050314465408805034,0.12307692307692308,query_1,"['GO:0032102', 'GO:0042060', 'GO:0061041', 'GO:1903035']",4
GO:BP,GO:0051174,regulation of phosphorus metabolic process,7.547264157835858e-06,True,"""Any process that modulates the frequency, rate or extent of the chemical reactions and pathways involving phosphorus or compounds containing phosphorus."" [GOC:ai]",994,159,24,26963,0.1509433962264151,0.02414486921529175,query_1,"['GO:0006793', 'GO:0019222']",4
GO:BP,GO:0009889,regulation of biosynthetic process,8.486987375314788e-06,True,"""Any process that modulates the frequency, rate or extent of the chemical reactions and pathways resulting in the formation of substances."" [GOC:go_curators]",5712,159,66,26963,0.41509433962264153,0.011554621848739496,query_1,"['GO:0009058', 'GO:0019222']",4
GO:BP,GO:0002548,monocyte chemotaxis,8.490403614586658e-06,True,"""The movement of a monocyte in response to an external stimulus."" [GOC:add, PMID:11696603, PMID:15173832]",66,159,8,26963,0.050314465408805034,0.12121212121212122,query_1,"['GO:0030595', 'GO:0071674', 'GO:0097529']",4
GO:BP,GO:0008219,cell death,1.0956273094181764e-05,True,"""Any biological process that results in permanent cessation of all vital functions of a cell. A cell should be considered dead when any one of the following molecular or morphological criteria is met: (1) the cell has lost the integrity of its plasma membrane; (2) the cell, including its nucleus, has undergone complete fragmentation into discrete bodies (frequently referred to as apoptotic bodies). The cell corpse (or its fragments) may be engulfed by an adjacent cell in vivo, but engulfment of whole cells should not be considered a strict criteria to define cell death as, under some circumstances, live engulfed cells can be released from phagosomes (see PMID:18045538)."" [GOC:mah, GOC:mtg_apoptosis, PMID:25236395]",2133,159,36,26963,0.22641509433962265,0.016877637130801686,query_1,['GO:0009987'],4
GO:BP,GO:0012501,programmed cell death,1.0956273094181764e-05,True,"""A process which begins when a cell receives an internal or external signal and activates a series of biochemical events (signaling pathway). The process ends with the death of the cell."" [GOC:lr, GOC:mtg_apoptosis]",2133,159,36,26963,0.22641509433962265,0.016877637130801686,query_1,['GO:0008219'],4
GO:BP,GO:0042592,homeostatic process,1.144668117208821e-05,True,"""Any biological process involved in the maintenance of an internal steady state."" [GOC:jl, ISBN:0395825172]",1834,159,33,26963,0.20754716981132076,0.017993456924754635,query_1,['GO:0008150'],4
GO:BP,GO:0006952,defense response,1.1913352187103336e-05,True,"""Reactions, triggered in response to the presence of a foreign body or the occurrence of an injury, which result in restriction of damage to the organism attacked or prevention/recovery from the infection caused by the attack."" [GOC:go_curators]",1837,159,33,26963,0.20754716981132076,0.017964071856287425,query_1,['GO:0006950'],4
GO:BP,GO:0009719,response to endogenous stimulus,1.2835142148792067e-05,True,"""Any process that results in a change in state or activity of a cell or an organism (in terms of movement, secretion, enzyme production, gene expression, etc.) as a result of a stimulus arising within the organism."" [GOC:sm]",1648,159,31,26963,0.1949685534591195,0.018810679611650484,query_1,['GO:0050896'],4
GO:BP,GO:0072677,eosinophil migration,1.2882575506709884e-05,True,"""The movement of an eosinophil within or between different tissues and organs of the body."" [CL:0000771, GOC:BHF, GOC:mah]",26,159,6,26963,0.03773584905660377,0.23076923076923078,query_1,['GO:0097530'],4
GO:BP,GO:0071674,mononuclear cell migration,1.2926027121966524e-05,True,"""The movement of a mononuclear cell within or between different tissues and organs of the body."" [GOC:mah]",220,159,12,26963,0.07547169811320754,0.05454545454545454,query_1,['GO:0050900'],4
GO:BP,GO:0014910,regulation of smooth muscle cell migration,1.3326241509683909e-05,True,"""Any process that modulates the frequency, rate or extent of smooth muscle cell migration."" [CL:0000192, GOC:mtg_muscle]",100,159,9,26963,0.05660377358490566,0.09,query_1,"['GO:0014909', 'GO:0030334']",4
GO:BP,GO:0048589,developmental growth,1.4072338737124422e-05,True,"""The increase in size or mass of an entire organism, a part of an organism or a cell, where the increase in size or mass has the specific outcome of the progression of the organism over time from one condition to another."" [GOC:go_curators]",788,159,21,26963,0.1320754716981132,0.0266497461928934,query_1,"['GO:0032502', 'GO:0040007']",4
GO:BP,GO:0042325,regulation of phosphorylation,1.4897696607479455e-05,True,"""Any process that modulates the frequency, rate or extent of addition of phosphate groups into a molecule."" [GOC:jl]",868,159,22,26963,0.13836477987421383,0.02534562211981567,query_1,"['GO:0016310', 'GO:0019220']",4
GO:BP,GO:0030195,negative regulation of blood coagulation,1.5454118511894205e-05,True,"""Any process that stops, prevents, or reduces the frequency, rate or extent of blood coagulation."" [GOC:mah]",46,159,7,26963,0.0440251572327044,0.15217391304347827,query_1,"['GO:0007596', 'GO:0030193', 'GO:0050819', 'GO:0061045', 'GO:1900047']",4
GO:BP,GO:0002763,positive regulation of myeloid leukocyte differentiation,1.7172018475383994e-05,True,"""Any process that activates or increases the frequency, rate, or extent of myeloid leukocyte differentiation."" [GOC:add]",72,159,8,26963,0.050314465408805034,0.1111111111111111,query_1,"['GO:0002573', 'GO:0002761', 'GO:0045639', 'GO:1902107']",4
GO:BP,GO:0030593,neutrophil chemotaxis,1.7319585962810847e-05,True,"""The directed movement of a neutrophil cell, the most numerous polymorphonuclear leukocyte found in the blood, in response to an external stimulus, usually an infection or wounding."" [GOC:jl, ISBN:0198506732]",103,159,9,26963,0.05660377358490566,0.08737864077669903,query_1,"['GO:0071621', 'GO:1990266']",4
GO:BP,GO:0051094,positive regulation of developmental process,1.7352572773950064e-05,True,"""Any process that activates or increases the rate or extent of development, the biological process whose specific outcome is the progression of an organism over time from an initial condition (e.g. a zygote, or a young adult) to a later condition (e.g. a multicellular animal or an aged adult)."" [GOC:ai]",1480,159,29,26963,0.18238993710691823,0.019594594594594596,query_1,"['GO:0032502', 'GO:0048518', 'GO:0050793']",4
GO:BP,GO:1900047,negative regulation of hemostasis,1.8069160539546432e-05,True,"""Any process that stops, prevents or reduces the frequency, rate or extent of hemostasis."" [GOC:TermGenie]",47,159,7,26963,0.0440251572327044,0.14893617021276595,query_1,"['GO:0007599', 'GO:0048519', 'GO:1900046']",4
GO:BP,GO:0030155,regulation of cell adhesion,1.827947160241363e-05,True,"""Any process that modulates the frequency, rate or extent of attachment of a cell to another cell or to the extracellular matrix."" [GOC:mah]",800,159,21,26963,0.1320754716981132,0.02625,query_1,"['GO:0007155', 'GO:0050794']",4
GO:BP,GO:0040007,growth,1.9395342938914228e-05,True,"""The increase in size or mass of an entire organism, a part of an organism or a cell."" [GOC:bf, GOC:ma]",1044,159,24,26963,0.1509433962264151,0.022988505747126436,query_1,['GO:0008150'],4
GO:BP,GO:1902533,positive regulation of intracellular signal transduction,2.086906934957201e-05,True,"""Any process that activates or increases the frequency, rate or extent of intracellular signal transduction."" [GOC:BHF, GOC:dph, GOC:signaling, GOC:tb, GOC:TermGenie]",1133,159,25,26963,0.15723270440251572,0.02206531332744925,query_1,"['GO:0009967', 'GO:0035556', 'GO:1902531']",4
GO:BP,GO:0009891,positive regulation of biosynthetic process,2.0882362784208688e-05,True,"""Any process that activates or increases the frequency, rate or extent of the chemical reactions and pathways resulting in the formation of substances."" [GOC:go_curators]",2837,159,42,26963,0.2641509433962264,0.014804370814240395,query_1,"['GO:0009058', 'GO:0009889', 'GO:0009893']",4
GO:BP,GO:1904705,regulation of vascular associated smooth muscle cell proliferation,2.3845936182302168e-05,True,"""Any process that modulates the frequency, rate or extent of vascular smooth muscle cell proliferation."" [GO_REF:0000058, GOC:TermGenie, PMID:23246467]",75,159,8,26963,0.050314465408805034,0.10666666666666667,query_1,"['GO:0048660', 'GO:1990874']",4
GO:BP,GO:0050819,negative regulation of coagulation,2.4437355447871474e-05,True,"""Any process that stops, prevents, or reduces the frequency, rate or extent of coagulation."" [GOC:ai]",49,159,7,26963,0.0440251572327044,0.14285714285714285,query_1,"['GO:0050817', 'GO:0050818', 'GO:0051241']",4
GO:BP,GO:0022603,regulation of anatomical structure morphogenesis,2.9588790733141676e-05,True,"""Any process that modulates the frequency, rate or extent of anatomical structure morphogenesis."" [GOC:mah]",902,159,22,26963,0.13836477987421383,0.024390243902439025,query_1,"['GO:0009653', 'GO:0050793']",4
GO:BP,GO:0009967,positive regulation of signal transduction,3.056616871374029e-05,True,"""Any process that activates or increases the frequency, rate or extent of signal transduction."" [GOC:sm]",1614,159,30,26963,0.18867924528301888,0.01858736059479554,query_1,"['GO:0007165', 'GO:0009966', 'GO:0010647', 'GO:0023056', 'GO:0048584']",4
GO:BP,GO:0010544,negative regulation of platelet activation,3.091574723458908e-05,True,"""Any process that decreases the rate or frequency of platelet activation. Platelet activation is a series of progressive, overlapping events triggered by exposure of the platelets to subendothelial tissue."" [GOC:BHF, GOC:dph, GOC:tb]",15,159,5,26963,0.031446540880503145,0.3333333333333333,query_1,"['GO:0010543', 'GO:0030168', 'GO:0030195', 'GO:0050866']",4
GO:BP,GO:0045639,positive regulation of myeloid cell differentiation,3.3500726310059094e-05,True,"""Any process that activates or increases the frequency, rate or extent of myeloid cell differentiation."" [GOC:go_curators]",111,159,9,26963,0.05660377358490566,0.08108108108108109,query_1,"['GO:0030099', 'GO:0045597', 'GO:0045637']",4
GO:BP,GO:0010563,negative regulation of phosphorus metabolic process,3.423811206526863e-05,True,"""Any process that decreases the frequency, rate or extent of the chemical reactions and pathways involving phosphorus or compounds containing phosphorus."" [GOC:dph, GOC:tb]",292,159,13,26963,0.08176100628930817,0.04452054794520548,query_1,"['GO:0006793', 'GO:0009892', 'GO:0051174']",4
GO:BP,GO:0045936,negative regulation of phosphate metabolic process,3.423811206526863e-05,True,"""Any process that stops, prevents, or reduces the frequency, rate or extent of the chemical reactions and pathways involving phosphates."" [GOC:go_curators]",292,159,13,26963,0.08176100628930817,0.04452054794520548,query_1,"['GO:0006796', 'GO:0010563', 'GO:0019220']",4
GO:BP,GO:0019220,regulation of phosphate metabolic process,3.5223835309709224e-05,True,"""Any process that modulates the frequency, rate or extent of the chemical reactions and pathways involving phosphates."" [GOC:go_curators]",993,159,23,26963,0.14465408805031446,0.023162134944612285,query_1,"['GO:0006796', 'GO:0051174']",4
GO:BP,GO:0014909,smooth muscle cell migration,3.624588630150717e-05,True,"""The orderly movement of a smooth muscle cell from one site to another, often during the development of a multicellular organism."" [CL:0000192, GOC:mtg_muscle]",112,159,9,26963,0.05660377358490566,0.08035714285714286,query_1,['GO:0014812'],4
GO:BP,GO:1990874,vascular associated smooth muscle cell proliferation,3.9963826903377284e-05,True,"""The multiplication or reproduction of vascular smooth muscle cells, resulting in the expansion of a cell population. A vascular smooth muscle cell is a non-striated, elongated, spindle-shaped cell found lining the blood vessels."" [PMID:23246467]",80,159,8,26963,0.050314465408805034,0.1,query_1,['GO:0048659'],4
GO:BP,GO:0097530,granulocyte migration,4.297304983290676e-05,True,"""The movement of a granulocyte within or between different tissues and organs of the body."" [GOC:cvs, PMID:24163421, PMID:24193336]",153,159,10,26963,0.06289308176100629,0.06535947712418301,query_1,['GO:0097529'],4
GO:BP,GO:0048661,positive regulation of smooth muscle cell proliferation,4.9292501755324445e-05,True,"""Any process that activates or increases the rate or extent of smooth muscle cell proliferation."" [CL:0000192, GOC:ebc]",116,159,9,26963,0.05660377358490566,0.07758620689655173,query_1,"['GO:0008284', 'GO:0048659', 'GO:0048660']",4
GO:BP,GO:0043523,regulation of neuron apoptotic process,5.089048289056654e-05,True,"""Any process that modulates the occurrence or rate of cell death by apoptotic process in neurons."" [GOC:go_curators, GOC:mtg_apoptosis]",302,159,13,26963,0.08176100628930817,0.04304635761589404,query_1,"['GO:0042981', 'GO:0051402']",4
GO:BP,GO:1902107,positive regulation of leukocyte differentiation,6.885517945930406e-05,True,"""Any process that activates or increases the frequency, rate or extent of leukocyte differentiation."" [GOC:add, GOC:TermGenie]",206,159,11,26963,0.06918238993710692,0.05339805825242718,query_1,"['GO:0002521', 'GO:1902105', 'GO:1903708']",4
GO:BP,GO:1903708,positive regulation of hemopoiesis,6.885517945930406e-05,True,"""Any process that activates or increases the frequency, rate or extent of hemopoiesis."" [GO_REF:0000058, GOC:pad, GOC:PARL, GOC:TermGenie, PMID:20080761]",206,159,11,26963,0.06918238993710692,0.05339805825242718,query_1,"['GO:0002684', 'GO:0010720', 'GO:0030097', 'GO:0051240', 'GO:1903706']",4
GO:BP,GO:0003013,circulatory system process,6.888674270753908e-05,True,"""A organ system process carried out by any of the organs or tissues of the circulatory system. The circulatory system is an organ system that moves extracellular fluids to and from tissue within a multicellular organism."" [GOC:mtg_cardio]",563,159,17,26963,0.1069182389937107,0.03019538188277087,query_1,['GO:0003008'],4
GO:BP,GO:0009725,response to hormone,7.490131233675757e-05,True,"""Any process that results in a change in state or activity of a cell or an organism (in terms of movement, secretion, enzyme production, gene expression, etc.) as a result of a hormone stimulus."" [GOC:jl]",1035,159,23,26963,0.14465408805031446,0.022222222222222223,query_1,"['GO:0009719', 'GO:0042221']",4
GO:BP,GO:0042221,response to chemical,8.147649320808584e-05,True,"""Any process that results in a change in state or activity of a cell or an organism (in terms of movement, secretion, enzyme production, gene expression, etc.) as a result of a chemical stimulus."" [GOC:jl]",5487,159,62,26963,0.389937106918239,0.011299435028248588,query_1,['GO:0050896'],4
GO:BP,GO:1903035,negative regulation of response to wounding,8.5154637978916e-05,True,"""Any process that stops, prevents or reduces the frequency, rate or extent of response to wounding."" [GO_REF:0000058, GOC:kmv, GOC:TermGenie, PMID:19164535]",88,159,8,26963,0.050314465408805034,0.09090909090909091,query_1,"['GO:0009611', 'GO:0048585', 'GO:1903034']",4
GO:BP,GO:0009892,negative regulation of metabolic process,8.629788265152902e-05,True,"""Any process that stops, prevents, or reduces the frequency, rate or extent of the chemical reactions and pathways within a cell or an organism."" [GOC:go_curators]",3332,159,45,26963,0.2830188679245283,0.013505402160864346,query_1,"['GO:0008152', 'GO:0019222', 'GO:0048523']",4
GO:BP,GO:0007399,nervous system development,8.746026634972966e-05,True,"""The process whose specific outcome is the progression of nervous tissue over time, from its formation to its mature state."" [GOC:dgh]",2531,159,38,26963,0.2389937106918239,0.0150138285262742,query_1,['GO:0048731'],4
GO:BP,GO:0048468,cell development,9.289976861773335e-05,True,"""The cellular developmental process in which a specific cell progresses from an immature to a mature state. Cell development start once cell commitment has taken place."" [GOC:go_curators]",3222,159,44,26963,0.27672955974842767,0.013656114214773432,query_1,"['GO:0030154', 'GO:0048856', 'GO:0048869']",4
GO:BP,GO:0010556,regulation of macromolecule biosynthetic process,9.494142569673699e-05,True,"""Any process that modulates the rate, frequency or extent of the chemical reactions and pathways resulting in the formation of a macromolecule, any molecule of high relative molecular mass, the structure of which essentially comprises the multiple repetition of units derived, actually or conceptually, from molecules of low relative molecular mass."" [GOC:dph, GOC:tb]",5509,159,62,26963,0.389937106918239,0.011254311127246324,query_1,"['GO:0009059', 'GO:0009889', 'GO:0060255']",4
GO:BP,GO:0018193,peptidyl-amino acid modification,9.495703732701747e-05,True,"""The alteration of an amino acid residue in a peptide."" [GOC:mah]",648,159,18,26963,0.11320754716981132,0.027777777777777776,query_1,['GO:0036211'],4
GO:BP,GO:0002694,regulation of leukocyte activation,9.805160381985729e-05,True,"""Any process that modulates the frequency, rate, or extent of leukocyte activation."" [GOC:add]",577,159,17,26963,0.1069182389937107,0.029462738301559793,query_1,"['GO:0002682', 'GO:0045321', 'GO:0050865']",4
GO:BP,GO:1903034,regulation of response to wounding,9.863155648188172e-05,True,"""Any process that modulates the frequency, rate or extent of response to wounding."" [GO_REF:0000058, GOC:kmv, GOC:TermGenie, PMID:19164535]",167,159,10,26963,0.06289308176100629,0.059880239520958084,query_1,"['GO:0009611', 'GO:0080134']",4
GO:BP,GO:1990266,neutrophil migration,0.0001012656632139939,True,"""The movement of a neutrophil within or between different tissues and organs of the body."" [PMID:1826836]",126,159,9,26963,0.05660377358490566,0.07142857142857142,query_1,['GO:0097530'],4
GO:BP,GO:0010468,regulation of gene expression,0.00010465461017482117,True,"""Any process that modulates the frequency, rate or extent of gene expression. Gene expression is the process in which a gene's coding sequence is converted into a mature gene product (protein or RNA)."" [GOC:txnOH-2018]",5388,159,61,26963,0.3836477987421384,0.011321455085374908,query_1,"['GO:0010467', 'GO:0010556']",4
GO:BP,GO:0042060,wound healing,0.00010606949822024734,True,"""The series of events that restore integrity to a damaged tissue, following an injury."" [GOC:bf, PMID:15269788]",381,159,14,26963,0.0880503144654088,0.03674540682414698,query_1,['GO:0009611'],4
GO:BP,GO:0014812,muscle cell migration,0.0001084447071971547,True,"""The orderly movement of a muscle cell from one site to another, often during the development of a multicellular organism."" [CL:0000187, GOC:mtg_muscle]",127,159,9,26963,0.05660377358490566,0.07086614173228346,query_1,['GO:0016477'],4
GO:BP,GO:0036211,protein modification process,0.00011129113724727026,True,"""The covalent alteration of one or more amino acids occurring in proteins, peptides and nascent polypeptides (co-translational, post-translational modifications). Includes the modification of charged tRNAs that are destined to occur in a protein (pre-translation modification)."" [GOC:bf, GOC:jl]",2666,159,39,26963,0.24528301886792453,0.014628657164291074,query_1,"['GO:0019538', 'GO:0043412']",4
GO:BP,GO:0051248,negative regulation of protein metabolic process,0.00011671482639531966,True,"""Any process that stops, prevents, or reduces the frequency, rate or extent of chemical reactions and pathways involving a protein."" [GOC:ai]",657,159,18,26963,0.11320754716981132,0.0273972602739726,query_1,"['GO:0010605', 'GO:0019538', 'GO:0051246']",4
GO:BP,GO:0032103,positive regulation of response to external stimulus,0.00011939538964963934,True,"""Any process that activates, maintains or increases the rate of a response to an external stimulus."" [GOC:mah]",658,159,18,26963,0.11320754716981132,0.02735562310030395,query_1,"['GO:0009605', 'GO:0032101', 'GO:0048584']",4
GO:BP,GO:0045672,positive regulation of osteoclast differentiation,0.00012330117895496904,True,"""Any process that activates or increases the frequency, rate or extent of osteoclast differentiation."" [GOC:go_curators]",37,159,6,26963,0.03773584905660377,0.16216216216216217,query_1,"['GO:0002763', 'GO:0030316', 'GO:0045670']",4
GO:BP,GO:0031667,response to nutrient levels,0.00013813253103472564,True,"""Any process that results in a change in state or activity of a cell or an organism (in terms of movement, secretion, enzyme production, gene expression, etc.) as a result of a stimulus reflecting the presence, absence, or concentration of nutrients."" [GOC:mah]",591,159,17,26963,0.1069182389937107,0.028764805414551606,query_1,['GO:0050896'],4
GO:BP,GO:0070555,response to interleukin-1,0.00014179062609206012,True,"""Any process that results in a change in state or activity of a cell or an organism (in terms of movement, secretion, enzyme production, gene expression, etc.) as a result of an interleukin-1 stimulus."" [GOC:BHF, GOC:mah]",131,159,9,26963,0.05660377358490566,0.06870229007633588,query_1,['GO:0034097'],4
GO:BP,GO:0071346,cellular response to type II interferon,0.00015140528154753452,True,"""Any process that results in a change in state or activity of a cell (in terms of movement, secretion, enzyme production, gene expression, etc.) as a result of an interferon-gamma stimulus. Interferon gamma is the only member of the type II interferon found so far."" [GOC:mah]",132,159,9,26963,0.05660377358490566,0.06818181818181818,query_1,"['GO:0034341', 'GO:0071345']",4
GO:BP,GO:0051247,positive regulation of protein metabolic process,0.00017483150570114689,True,"""Any process that activates or increases the frequency, rate or extent of the chemical reactions and pathways involving a protein."" [GOC:ai]",1085,159,23,26963,0.14465408805031446,0.02119815668202765,query_1,"['GO:0010604', 'GO:0019538', 'GO:0051246']",4
GO:BP,GO:0007169,cell surface receptor protein tyrosine kinase signaling pathway,0.00017957267630018797,True,"""The series of molecular signals initiated by an extracellular ligand binding to a receptor on the surface of the target cell where the receptor possesses tyrosine kinase activity, and ending with the regulation of a downstream cellular process, e.g. transcription."" [GOC:ceb, GOC:signaling]",602,159,17,26963,0.1069182389937107,0.02823920265780731,query_1,['GO:0007167'],4
GO:BP,GO:0014911,positive regulation of smooth muscle cell migration,0.0001830197764126276,True,"""Any process that activates, maintains or increases the frequency, rate or extent of smooth muscle cell migration."" [CL:0000192, GOC:mtg_muscle]",65,159,7,26963,0.0440251572327044,0.1076923076923077,query_1,"['GO:0014909', 'GO:0014910', 'GO:0030335']",4
GO:BP,GO:0008015,blood circulation,0.00019548753779974546,True,"""The flow of blood through the body of an animal, enabling the transport of nutrients to the tissues and the removal of waste products."" [GOC:mtg_heart, ISBN:0192800825]",534,159,16,26963,0.10062893081761007,0.0299625468164794,query_1,['GO:0003013'],4
GO:BP,GO:0030193,regulation of blood coagulation,0.00020372665115137823,True,"""Any process that modulates the frequency, rate or extent of blood coagulation."" [GOC:mah]",66,159,7,26963,0.0440251572327044,0.10606060606060606,query_1,"['GO:0007596', 'GO:0032101', 'GO:0050818', 'GO:0061041', 'GO:1900046']",4
GO:BP,GO:0071356,cellular response to tumor necrosis factor,0.00021103493648492867,True,"""Any process that results in a change in state or activity of a cell (in terms of movement, secretion, enzyme production, gene expression, etc.) as a result of a tumor necrosis factor stimulus."" [GOC:mah]",230,159,11,26963,0.06918238993710692,0.04782608695652174,query_1,"['GO:0034612', 'GO:0071345']",4
GO:BP,GO:0006954,inflammatory response,0.0002129244208742681,True,"""The immediate defensive reaction (by vertebrate tissue) to infection or injury caused by chemical or physical agents. The process is characterized by local vasodilation, extravasation of plasma into intercellular spaces and accumulation of white blood cells and macrophages."" [GO_REF:0000022, ISBN:0198506732]",842,159,20,26963,0.12578616352201258,0.023752969121140142,query_1,['GO:0006952'],4
GO:BP,GO:0034097,response to cytokine,0.0002502053853835747,True,"""Any process that results in a change in state or activity of a cell or an organism (in terms of movement, secretion, enzyme production, gene expression, etc.) as a result of a cytokine stimulus."" [GOC:sl]",1197,159,24,26963,0.1509433962264151,0.020050125313283207,query_1,['GO:1901652'],4
GO:BP,GO:1900046,regulation of hemostasis,0.00025111150240492353,True,"""Any process that modulates the frequency, rate or extent of hemostasis."" [GOC:TermGenie]",68,159,7,26963,0.0440251572327044,0.10294117647058823,query_1,"['GO:0007599', 'GO:0050789', 'GO:0050878']",4
GO:BP,GO:0006793,phosphorus metabolic process,0.000259324318659603,True,"""The chemical reactions and pathways involving the nonmetallic element phosphorus or compounds that contain phosphorus."" [GOC:ai]",2416,159,36,26963,0.22641509433962265,0.014900662251655629,query_1,['GO:0008152'],4
GO:BP,GO:1901699,cellular response to nitrogen compound,0.000263064414779544,True,"""Any process that results in a change in state or activity of a cell (in terms of movement, secretion, enzyme production, gene expression, etc.) as a result of a nitrogen compound stimulus."" [GOC:pr, GOC:TermGenie]",694,159,18,26963,0.11320754716981132,0.025936599423631124,query_1,"['GO:0070887', 'GO:1901698']",4
GO:BP,GO:0065009,regulation of molecular function,0.0002667206598501683,True,"""Any process that modulates the frequency, rate or extent of a molecular function, an elemental biological activity occurring at the molecular level, such as catalysis or binding."" [GOC:isa_complete]",773,159,19,26963,0.11949685534591195,0.02457956015523933,query_1,['GO:0065007'],4
GO:BP,GO:0009611,response to wounding,0.00027047991588501676,True,"""Any process that results in a change in state or activity of a cell or an organism (in terms of movement, secretion, enzyme production, gene expression, etc.) as a result of a stimulus indicating damage to the organism."" [GOC:go_curators]",547,159,16,26963,0.10062893081761007,0.029250457038391225,query_1,['GO:0006950'],4
GO:BP,GO:0051707,response to other organism,0.00030006606613186397,True,"""Any process that results in a change in state or activity of a cell or an organism (in terms of movement, secretion, enzyme production, gene expression, etc.) as a result of a stimulus from another living organism."" [GOC:ai]",1791,159,30,26963,0.18867924528301888,0.01675041876046901,query_1,"['GO:0043207', 'GO:0044419']",4
GO:BP,GO:0050818,regulation of coagulation,0.00030746668425353887,True,"""Any process that modulates the frequency, rate or extent of coagulation, the process in which a fluid solution, or part of it, changes into a solid or semisolid mass."" [GOC:ai]",70,159,7,26963,0.0440251572327044,0.1,query_1,"['GO:0050817', 'GO:0051239']",4
GO:BP,GO:0018108,peptidyl-tyrosine phosphorylation,0.00031049308033838125,True,"""The phosphorylation of peptidyl-tyrosine to form peptidyl-O4'-phospho-L-tyrosine."" [RESID:AA0039]",239,159,11,26963,0.06918238993710692,0.04602510460251046,query_1,"['GO:0006468', 'GO:0018212']",4
GO:BP,GO:1901652,response to peptide,0.0003140259481897875,True,"""Any process that results in a change in state or activity of a cell or an organism (in terms of movement, secretion, enzyme production, gene expression, etc.) as a result of a peptide stimulus."" [GOC:pr, GOC:TermGenie]",1212,159,24,26963,0.1509433962264151,0.019801980198019802,query_1,['GO:0042221'],4
GO:BP,GO:0045321,leukocyte activation,0.0003142655091799193,True,"""A change in morphology and behavior of a leukocyte resulting from exposure to a specific antigen, mitogen, cytokine, cellular ligand, or soluble factor."" [GOC:add]",1033,159,22,26963,0.13836477987421383,0.021297192642787996,query_1,"['GO:0001775', 'GO:0002376']",4
GO:BP,GO:0043207,response to external biotic stimulus,0.00031478464960398933,True,"""Any process that results in a change in state or activity of a cell or an organism (in terms of movement, secretion, enzyme production, gene expression, etc.) as a result of an external biotic stimulus, an external stimulus caused by, or produced by living things."" [GOC:go_curators]",1795,159,30,26963,0.18867924528301888,0.016713091922005572,query_1,"['GO:0009605', 'GO:0009607']",4
GO:BP,GO:0060429,epithelium development,0.0003159111780079958,True,"""The process whose specific outcome is the progression of an epithelium over time, from its formation to the mature structure. An epithelium is a tissue that covers the internal or external surfaces of an anatomical structure."" [GOC:dph, GOC:mtg_lung]",1305,159,25,26963,0.15723270440251572,0.019157088122605363,query_1,['GO:0009888'],4
GO:BP,GO:0043066,negative regulation of apoptotic process,0.00033020279726488636,True,"""Any process that stops, prevents, or reduces the frequency, rate or extent of cell death by apoptotic process."" [GOC:jl, GOC:mtg_apoptosis]",1036,159,22,26963,0.13836477987421383,0.021235521235521235,query_1,"['GO:0006915', 'GO:0042981', 'GO:0043069']",4
GO:BP,GO:0018212,peptidyl-tyrosine modification,0.00033755010671358387,True,"""The modification of peptidyl-tyrosine."" [GOC:go_curators]",241,159,11,26963,0.06918238993710692,0.04564315352697095,query_1,['GO:0018193'],4
GO:BP,GO:0071347,cellular response to interleukin-1,0.0003394091077221605,True,"""Any process that results in a change in state or activity of a cell (in terms of movement, secretion, enzyme production, gene expression, etc.) as a result of an interleukin-1 stimulus."" [GOC:mah]",105,159,8,26963,0.050314465408805034,0.0761904761904762,query_1,"['GO:0070555', 'GO:0071345']",4
GO:BP,GO:0065008,regulation of biological quality,0.00037299958505302143,True,"""Any process that modulates a qualitative or quantitative trait of a biological quality. A biological quality is a measurable attribute of an organism or part of an organism, such as size, mass, shape, color, etc."" [GOC:dph, GOC:isa_complete, GOC:mah, GOC:pr, GOC:vw]",3142,159,42,26963,0.2641509433962264,0.01336728198599618,query_1,['GO:0065007'],4
GO:BP,GO:0051402,neuron apoptotic process,0.000388834697258108,True,"""Any apoptotic process in a neuron, the basic cellular unit of nervous tissue. Each neuron consists of a body, an axon, and dendrites. Their purpose is to receive, conduct, and transmit impulses in the nervous system."" [CL:0000540, GOC:mtg_apoptosis]",360,159,13,26963,0.08176100628930817,0.03611111111111111,query_1,['GO:0006915'],4
GO:BP,GO:0032868,response to insulin,0.0004015393572820117,True,"""Any process that results in a change in state or activity of a cell or an organism (in terms of movement, secretion, enzyme production, gene expression, etc.) as a result of an insulin stimulus. Insulin is a polypeptide hormone produced by the islets of Langerhans of the pancreas in mammals, and by the homologous organs of other organisms."" [GOC:mah, ISBN:0198506732]",301,159,12,26963,0.07547169811320754,0.03986710963455149,query_1,['GO:0043434'],4
GO:BP,GO:0007167,enzyme-linked receptor protein signaling pathway,0.00040189006608597346,True,"""The series of molecular signals initiated by an extracellular ligand binding to a receptor on the surface of the target cell, where the receptor possesses catalytic activity or is closely associated with an enzyme such as a protein kinase, and ending with the regulation of a downstream cellular process, e.g. transcription."" [GOC:mah, GOC:signaling, ISBN:0815316194]",961,159,21,26963,0.1320754716981132,0.021852237252861603,query_1,['GO:0007166'],4
GO:BP,GO:0019538,protein metabolic process,0.0004107050017948924,True,"""The chemical reactions and pathways involving a protein. Includes protein modification."" [GOC:ma]",4653,159,54,26963,0.33962264150943394,0.01160541586073501,query_1,"['GO:0043170', 'GO:0044238']",4
GO:BP,GO:0043434,response to peptide hormone,0.000428661806569904,True,"""Any process that results in a change in state or activity of a cell or an organism (in terms of movement, secretion, enzyme production, gene expression, etc.) as a result of a peptide hormone stimulus. A peptide hormone is any of a class of peptides that are secreted into the blood stream and have endocrine functions in living animals."" [PMID:11027914, PMID:15134857, Wikipedia:Peptide_hormone]",495,159,15,26963,0.09433962264150944,0.030303030303030304,query_1,"['GO:0009725', 'GO:1901698', 'GO:1901700']",4
GO:BP,GO:0045597,positive regulation of cell differentiation,0.0004761706403315934,True,"""Any process that activates or increases the frequency, rate or extent of cell differentiation."" [GOC:go_curators]",971,159,21,26963,0.1320754716981132,0.021627188465499485,query_1,"['GO:0030154', 'GO:0045595', 'GO:0048522', 'GO:0051094']",4
GO:BP,GO:1901701,cellular response to oxygen-containing compound,0.0004780543661949553,True,"""Any process that results in a change in state or activity of a cell (in terms of movement, secretion, enzyme production, gene expression, etc.) as a result of an oxygen-containing compound stimulus."" [GOC:pr, GOC:TermGenie]",1430,159,26,26963,0.16352201257861634,0.01818181818181818,query_1,"['GO:0070887', 'GO:1901700']",4
GO:BP,GO:0043068,positive regulation of programmed cell death,0.00048477816281981346,True,"""Any process that activates or increases the frequency, rate or extent of programmed cell death, cell death resulting from activation of endogenous cellular processes."" [GOC:jl]",646,159,17,26963,0.1069182389937107,0.02631578947368421,query_1,"['GO:0012501', 'GO:0043067', 'GO:0048522']",4
GO:BP,GO:0009607,response to biotic stimulus,0.00048669696697104176,True,"""Any process that results in a change in state or activity of a cell or an organism (in terms of movement, secretion, enzyme production, gene expression, etc.) as a result of a biotic stimulus, a stimulus caused or produced by a living organism."" [GOC:hb]",1832,159,30,26963,0.18867924528301888,0.016375545851528384,query_1,['GO:0050896'],4
GO:BP,GO:0043412,macromolecule modification,0.0004891033848220149,True,"""The covalent alteration of one or more monomeric units in a polypeptide, polynucleotide, polysaccharide, or other biological macromolecule, resulting in a change in its properties."" [GOC:go_curators]",2821,159,39,26963,0.24528301886792453,0.013824884792626729,query_1,['GO:0043170'],4
GO:BP,GO:0045765,regulation of angiogenesis,0.0005133468911403295,True,"""Any process that modulates the frequency, rate or extent of angiogenesis."" [GOC:go_curators]",308,159,12,26963,0.07547169811320754,0.03896103896103896,query_1,"['GO:0001525', 'GO:0022603', 'GO:1901342']",4
GO:BP,GO:0043069,negative regulation of programmed cell death,0.0005360167700322428,True,"""Any process that stops, prevents, or reduces the frequency, rate or extent of programmed cell death, cell death resulting from activation of endogenous cellular processes."" [GOC:jl]",1066,159,22,26963,0.13836477987421383,0.020637898686679174,query_1,"['GO:0012501', 'GO:0043067', 'GO:0048523']",4
GO:BP,GO:0045785,positive regulation of cell adhesion,0.0005388025245615198,True,"""Any process that activates or increases the frequency, rate or extent of cell adhesion."" [GOC:go_curators]",504,159,15,26963,0.09433962264150944,0.02976190476190476,query_1,"['GO:0007155', 'GO:0030155', 'GO:0048522']",4
GO:BP,GO:0044419,biological process involved in interspecies interaction between organisms,0.0005678607734767241,True,"""Any process evolved to enable an interaction with an organism of a different species."" [GOC:cc]",1950,159,31,26963,0.1949685534591195,0.015897435897435898,query_1,['GO:0008150'],4
GO:BP,GO:0034612,response to tumor necrosis factor,0.0005929862018932579,True,"""Any process that results in a change in state or activity of a cell or an organism (in terms of movement, secretion, enzyme production, gene expression, etc.) as a result of a tumor necrosis factor stimulus."" [GOC:mah]",255,159,11,26963,0.06918238993710692,0.043137254901960784,query_1,['GO:0034097'],4
GO:BP,GO:0043524,negative regulation of neuron apoptotic process,0.0006091109163334944,True,"""Any process that stops, prevents, or reduces the frequency, rate or extent of cell death by apoptotic process in neurons."" [GOC:go_curators, GOC:mtg_apoptosis]",203,159,10,26963,0.06289308176100629,0.04926108374384237,query_1,"['GO:0043066', 'GO:0043523', 'GO:0051402']",4
GO:BP,GO:1901342,regulation of vasculature development,0.000652081047743965,True,"""Any process that modulates the frequency, rate or extent of vasculature development."" [GOC:TermGenie]",315,159,12,26963,0.07547169811320754,0.0380952380952381,query_1,"['GO:0001944', 'GO:2000026']",4
GO:BP,GO:0008625,extrinsic apoptotic signaling pathway via death domain receptors,0.0007112164443151289,True,"""The series of molecular signals in which a signal is conveyed from the cell surface to trigger the apoptotic death of a cell. The pathway starts with a ligand binding to a death domain receptor on the cell surface, and ends when the execution phase of apoptosis is triggered."" [GOC:mah, GOC:mtg_apoptosis]",79,159,7,26963,0.0440251572327044,0.08860759493670886,query_1,['GO:0097191'],4
GO:BP,GO:0006796,phosphate-containing compound metabolic process,0.000762685589542488,True,"""The chemical reactions and pathways involving the phosphate group, the anion or salt of any phosphoric acid."" [GOC:ai]",2413,159,35,26963,0.22012578616352202,0.014504765851636967,query_1,['GO:0006793'],4
GO:BP,GO:0034341,response to type II interferon,0.0008232906255373122,True,"""Any process that results in a change in state or activity of a cell or an organism (in terms of movement, secretion, enzyme production, gene expression, etc.) as a result of an interferon-gamma stimulus. Interferon-gamma is also known as type II interferon."" [GOC:add, ISBN:0126896631, PMID:15546383]",161,159,9,26963,0.05660377358490566,0.055900621118012424,query_1,"['GO:0034097', 'GO:0045087']",4
GO:BP,GO:0010647,positive regulation of cell communication,0.0008996581767315634,True,"""Any process that increases the frequency, rate or extent of cell communication. Cell communication is the process that mediates interactions between a cell and its surroundings. Encompasses interactions such as signaling or attachment between one cell and another cell, between a cell and an extracellular matrix, or between a cell and any other aspect of its environment."" [GOC:dph, GOC:tb]",1992,159,31,26963,0.1949685534591195,0.015562248995983935,query_1,"['GO:0007154', 'GO:0010646', 'GO:0048522']",4
GO:BP,GO:0023056,positive regulation of signaling,0.0008996581767315634,True,"""Any process that activates, maintains or increases the frequency, rate or extent of a signaling process."" [GOC:mtg_signal]",1992,159,31,26963,0.1949685534591195,0.015562248995983935,query_1,"['GO:0023051', 'GO:0023052', 'GO:0048518']",4
GO:BP,GO:0050730,regulation of peptidyl-tyrosine phosphorylation,0.0011705456017665364,True,"""Any process that modulates the frequency, rate or extent of the phosphorylation of peptidyl-tyrosine."" [GOC:ai]",218,159,10,26963,0.06289308176100629,0.045871559633027525,query_1,"['GO:0001932', 'GO:0018108']",4
GO:BP,GO:0009987,cellular process,0.001186372672405766,True,"""Any process that is carried out at the cellular level, but not necessarily restricted to a single cell. For example, cell communication occurs among more than one cell, but occurs at the cellular level."" [GOC:go_curators, GOC:isa_complete]",21509,159,149,26963,0.9371069182389937,0.006927332744432563,query_1,['GO:0008150'],4
GO:BP,GO:0007610,behavior,0.0013553355252997712,True,"""The internally coordinated responses (actions or inactions) of animals (individuals or groups) to internal or external stimuli, via a mechanism that involves nervous system activity."" [GOC:ems, GOC:jl, ISBN:0395448956, PMID:20160973]",777,159,18,26963,0.11320754716981132,0.023166023166023165,query_1,['GO:0032501'],4
GO:BP,GO:0071375,cellular response to peptide hormone stimulus,0.001415632786765495,True,"""Any process that results in a change in state or activity of a cell (in terms of movement, secretion, enzyme production, gene expression, etc.) as a result of a peptide hormone stimulus. A peptide hormone is any of a class of peptides that are secreted into the blood stream and have endocrine functions in living animals."" [GOC:mah]",339,159,12,26963,0.07547169811320754,0.035398230088495575,query_1,"['GO:0032870', 'GO:0043434', 'GO:1901699', 'GO:1901701']",4
GO:BP,GO:0048247,lymphocyte chemotaxis,0.001570075083997536,True,"""The directed movement of a lymphocyte in response to an external stimulus."" [GOC:hjd, GOC:jid, PMID:12391252]",56,159,6,26963,0.03773584905660377,0.10714285714285714,query_1,"['GO:0030595', 'GO:0072676']",4
GO:BP,GO:0001503,ossification,0.0016340955830577203,True,"""The formation of bone or of a bony substance, or the conversion of fibrous tissue or of cartilage into bone or a bony substance."" [GOC:mtg_mpo, PMID:17572649]",478,159,14,26963,0.0880503144654088,0.029288702928870293,query_1,['GO:0032501'],4
GO:BP,GO:0043065,positive regulation of apoptotic process,0.001720372166041347,True,"""Any process that activates or increases the frequency, rate or extent of cell death by apoptotic process."" [GOC:jl, GOC:mtg_apoptosis]",629,159,16,26963,0.10062893081761007,0.025437201907790145,query_1,"['GO:0006915', 'GO:0042981', 'GO:0043068']",4
GO:BP,GO:0031401,positive regulation of protein modification process,0.0017492010909811943,True,"""Any process that activates or increases the frequency, rate or extent of the covalent alteration of one or more amino acid residues within a protein."" [GOC:mah, GOC:tb]",709,159,17,26963,0.1069182389937107,0.023977433004231313,query_1,"['GO:0031399', 'GO:0036211', 'GO:0051247']",4
GO:BP,GO:0071875,adrenergic receptor signaling pathway,0.0019119169779363136,True,"""A G protein-coupled receptor signaling pathway initiated by a ligand binding to an adrenergic receptor on the surface of a target cell, and ending with the regulation of a downstream cellular process."" [GOC:BHF]",32,159,5,26963,0.031446540880503145,0.15625,query_1,['GO:0007186'],4
GO:BP,GO:0097191,extrinsic apoptotic signaling pathway,0.0019804518263171556,True,"""The series of molecular signals in which a signal is conveyed from the cell surface to trigger the apoptotic death of a cell. The pathway starts with either a ligand binding to a cell surface receptor, or a ligand being withdrawn from a cell surface receptor (e.g. in the case of signaling by dependence receptors), and ends when the execution phase of apoptosis is triggered."" [GOC:mtg_apoptosis, GOC:yaf, PMID:17340152]",231,159,10,26963,0.06289308176100629,0.04329004329004329,query_1,"['GO:0007166', 'GO:0097190']",4
GO:BP,GO:0001934,positive regulation of protein phosphorylation,0.002014344838553302,True,"""Any process that activates or increases the frequency, rate or extent of addition of phosphate groups to amino acids within a protein."" [GOC:hjd]",560,159,15,26963,0.09433962264150944,0.026785714285714284,query_1,"['GO:0001932', 'GO:0006468', 'GO:0031401', 'GO:0042327']",4
GO:BP,GO:0045595,regulation of cell differentiation,0.0023329874200919277,True,"""Any process that modulates the frequency, rate or extent of cell differentiation, the process in which relatively unspecialized cells acquire specialized structural and functional features."" [GOC:go_curators]",1762,159,28,26963,0.1761006289308176,0.015891032917139614,query_1,"['GO:0030154', 'GO:0050793', 'GO:0050794']",4
GO:BP,GO:1905517,macrophage migration,0.0026205993770463823,True,"""The orderly movement of a macrophage from one site to another."" [GO_REF:0000091, GOC:TermGenie, PMID:25749876]",61,159,6,26963,0.03773584905660377,0.09836065573770492,query_1,"['GO:0071674', 'GO:0097529']",4
GO:BP,GO:0034330,cell junction organization,0.0026222074239443203,True,"""A process that is carried out at the cellular level which results in the assembly, arrangement of constituent parts, or disassembly of a cell junction. A cell junction is a specialized region of connection between two cells or between a cell and the extracellular matrix."" [GOC:dph, GOC:jl, GOC:mah]",814,159,18,26963,0.11320754716981132,0.022113022113022112,query_1,['GO:0016043'],4
GO:BP,GO:0022407,regulation of cell-cell adhesion,0.0026422905187997395,True,"""Any process that modulates the frequency, rate or extent of attachment of a cell to another cell."" [GOC:isa_complete]",498,159,14,26963,0.0880503144654088,0.028112449799196786,query_1,"['GO:0030155', 'GO:0098609']",4
GO:BP,GO:0071345,cellular response to cytokine stimulus,0.0027102448489441187,True,"""Any process that results in a change in state or activity of a cell (in terms of movement, secretion, enzyme production, gene expression, etc.) as a result of a cytokine stimulus."" [GOC:mah]",1082,159,21,26963,0.1320754716981132,0.019408502772643253,query_1,['GO:0034097'],4
GO:BP,GO:2001237,negative regulation of extrinsic apoptotic signaling pathway,0.002884387500554405,True,"""Any process that stops, prevents or reduces the frequency, rate or extent of extrinsic apoptotic signaling pathway."" [GOC:mtg_apoptosis]",97,159,7,26963,0.0440251572327044,0.07216494845360824,query_1,"['GO:0097191', 'GO:2001234', 'GO:2001236']",4
GO:BP,GO:0061061,muscle structure development,0.0029020656167033842,True,"""The progression of a muscle structure over time, from its formation to its mature state. Muscle structures are contractile cells, tissues or organs that are found in multicellular organisms."" [GOC:dph]",736,159,17,26963,0.1069182389937107,0.02309782608695652,query_1,['GO:0048856'],4
GO:BP,GO:0031347,regulation of defense response,0.0030607295894773496,True,"""Any process that modulates the frequency, rate or extent of a defense response."" [GOC:mah]",823,159,18,26963,0.11320754716981132,0.02187120291616039,query_1,"['GO:0006952', 'GO:0080134']",4
GO:BP,GO:0042311,vasodilation,0.0031757854167175914,True,"""An increase in the internal diameter of blood vessels, especially arterioles or capillaries, due to relaxation of smooth muscle cells that line the vessels, and usually resulting in a decrease in blood pressure."" [GOC:pr, ISBN:0192800981]",63,159,6,26963,0.03773584905660377,0.09523809523809523,query_1,['GO:0097746'],4
GO:BP,GO:0051249,regulation of lymphocyte activation,0.00333043718457256,True,"""Any process that modulates the frequency, rate or extent of lymphocyte activation."" [GOC:ai]",508,159,14,26963,0.0880503144654088,0.027559055118110236,query_1,"['GO:0002694', 'GO:0046649']",4
GO:BP,GO:0009887,animal organ morphogenesis,0.003365453415921136,True,"""Morphogenesis of an animal organ. An organ is defined as a tissue or set of tissues that work together to perform a specific function or functions. Morphogenesis is the process in which anatomical structures are generated and organized. Organs are commonly observed as visibly distinct structures, but may also exist as loosely associated clusters of cells that work together to perform a specific function or functions."" [GOC:dgh, GOC:go_curators, ISBN:0471245208, ISBN:0721662544]",1097,159,21,26963,0.1320754716981132,0.019143117593436645,query_1,"['GO:0009653', 'GO:0048513']",4
GO:BP,GO:0098542,defense response to other organism,0.0036788193143132476,True,"""Reactions triggered in response to the presence of another organism that act to protect the cell or organism from damage caused by that organism."" [GOC:dos]",1294,159,23,26963,0.14465408805031446,0.01777434312210201,query_1,"['GO:0006952', 'GO:0051707']",4
GO:BP,GO:0042327,positive regulation of phosphorylation,0.0038234911855396566,True,"""Any process that activates or increases the frequency, rate or extent of addition of phosphate groups to a molecule."" [GOC:jl]",590,159,15,26963,0.09433962264150944,0.025423728813559324,query_1,"['GO:0016310', 'GO:0042325', 'GO:0045937']",4
GO:BP,GO:0002761,regulation of myeloid leukocyte differentiation,0.004182207990798967,True,"""Any process that modulates the frequency, rate, or extent of myeloid leukocyte differentiation."" [GOC:add]",146,159,8,26963,0.050314465408805034,0.0547945205479452,query_1,"['GO:0002573', 'GO:0045637', 'GO:1902105']",4
GO:BP,GO:0045986,negative regulation of smooth muscle contraction,0.004210024578572836,True,"""Any process that stops, prevents, or reduces the frequency, rate or extent of smooth muscle contraction."" [GOC:go_curators]",17,159,4,26963,0.025157232704402517,0.23529411764705882,query_1,"['GO:0006939', 'GO:0006940', 'GO:0045932']",4
GO:BP,GO:0051924,regulation of calcium ion transport,0.004325874212049272,True,"""Any process that modulates the frequency, rate or extent of the directed movement of calcium ions into, out of or within a cell, or between cells, by means of some agent such as a transporter or pore."" [GOC:ai]",252,159,10,26963,0.06289308176100629,0.03968253968253968,query_1,"['GO:0006816', 'GO:0010959']",4
GO:BP,GO:0071495,cellular response to endogenous stimulus,0.005188756665166412,True,"""Any process that results in a change in state or activity of a cell (in terms of movement, secretion, enzyme production, gene expression, etc.) as a result of a stimulus arising within the organism."" [GOC:mah]",1321,159,23,26963,0.14465408805031446,0.0174110522331567,query_1,['GO:0009719'],4
GO:BP,GO:0050918,positive chemotaxis,0.005442209231897463,True,"""The directed movement of a motile cell or organism towards a higher concentration of a chemical."" [GOC:ai, GOC:bf, GOC:isa_complete]",69,159,6,26963,0.03773584905660377,0.08695652173913043,query_1,['GO:0006935'],4
GO:BP,GO:0009267,cellular response to starvation,0.005868235595595445,True,"""Any process that results in a change in state or activity of a cell (in terms of movement, secretion, enzyme production, gene expression, etc.) as a result of deprivation of nourishment."" [GOC:jl]",204,159,9,26963,0.05660377358490566,0.04411764705882353,query_1,"['GO:0031669', 'GO:0033554', 'GO:0042594']",4
GO:BP,GO:0051049,regulation of transport,0.005964174711794403,True,"""Any process that modulates the frequency, rate or extent of the directed movement of substances (such as macromolecules, small molecules, ions) into, out of or within a cell, or between cells, by means of some agent such as a transporter or pore."" [GOC:ai]",1743,159,27,26963,0.16981132075471697,0.01549053356282272,query_1,"['GO:0006810', 'GO:0032879']",4
GO:BP,GO:0010720,positive regulation of cell development,0.006185645079491889,True,"""Any process that increases the rate, frequency or extent of the progression of the cell over time, from its formation to the mature structure. Cell development does not include the steps involved in committing a cell to a specific fate."" [GOC:BHF, GOC:dph, GOC:tb]",536,159,14,26963,0.0880503144654088,0.026119402985074626,query_1,"['GO:0045597', 'GO:0048468', 'GO:0060284']",4
GO:BP,GO:0043491,phosphatidylinositol 3-kinase/protein kinase B signal transduction,0.006299730750900895,True,"""An intracellular signaling cassette that starts with phosphatidylinositol 3-kinase (PI3K) activation, production of phosphatidylinositol 3-phosphate (PI3P), activation of PDK1, which recruits and ending with the activation of protein kinase B (PKB, also known as Akt). PI3K is activated by cell surface receptors. Note that PTEN is an inhibitor of the pathway."" [PMID:20517722, PMID:22952397]",325,159,11,26963,0.06918238993710692,0.033846153846153845,query_1,['GO:0141124'],4
GO:BP,GO:0051128,regulation of cellular component organization,0.006488827696085723,True,"""Any process that modulates the frequency, rate or extent of a process involved in the formation, arrangement of constituent parts, or disassembly of cell structures, including the plasma membrane and any external encapsulating structures such as the cell wall and cell envelope."" [GOC:ai]",2532,159,34,26963,0.2138364779874214,0.013428120063191154,query_1,"['GO:0016043', 'GO:0050794']",4
GO:BP,GO:0030029,actin filament-based process,0.006630937884045214,True,"""Any cellular process that depends upon or alters the actin cytoskeleton, that part of the cytoskeleton comprising actin filaments and their associated proteins."" [GOC:mah]",783,159,17,26963,0.1069182389937107,0.021711366538952746,query_1,['GO:0009987'],4
GO:BP,GO:0044057,regulation of system process,0.0067081021710853,True,"""Any process that modulates the frequency, rate or extent of a system process, a multicellular organismal process carried out by any of the organs or tissues in an organ system."" [GOC:jl]",618,159,15,26963,0.09433962264150944,0.024271844660194174,query_1,"['GO:0003008', 'GO:0051239']",4
GO:BP,GO:0032870,cellular response to hormone stimulus,0.007692664413996368,True,"""Any process that results in a change in state or activity of a cell (in terms of movement, secretion, enzyme production, gene expression, etc.) as a result of a hormone stimulus."" [GOC:mah]",707,159,16,26963,0.10062893081761007,0.02263083451202263,query_1,"['GO:0009725', 'GO:0070887', 'GO:0071495']",4
GO:BP,GO:0051896,regulation of phosphatidylinositol 3-kinase/protein kinase B signal transduction,0.008239395238601788,True,"""Any process that modulates the frequency, rate or extent of phosphatidylinositol 3-kinase/protein kinase B signal transduction."" [GOC:ai]",271,159,10,26963,0.06289308176100629,0.03690036900369004,query_1,"['GO:0043491', 'GO:1902531']",4
GO:BP,GO:2001236,regulation of extrinsic apoptotic signaling pathway,0.008257994535494237,True,"""Any process that modulates the frequency, rate or extent of extrinsic apoptotic signaling pathway."" [GOC:mtg_apoptosis]",160,159,8,26963,0.050314465408805034,0.05,query_1,"['GO:0097191', 'GO:2001233']",4
GO:BP,GO:0140546,defense response to symbiont,0.008330575286023602,True,"""Reactions triggered in response to the presence of a symbiont that act to protect or prevent damage to the host."" [GOC:pg]",1163,159,21,26963,0.1320754716981132,0.018056749785038694,query_1,['GO:0098542'],4
GO:BP,GO:0048246,macrophage chemotaxis,0.008673380854532477,True,"""The movement of a macrophage in response to an external stimulus."" [GOC:jid]",43,159,5,26963,0.031446540880503145,0.11627906976744186,query_1,"['GO:0030595', 'GO:1905517']",4
GO:BP,GO:0009890,negative regulation of biosynthetic process,0.008973524746963052,True,"""Any process that stops, prevents, or reduces the rate of the chemical reactions and pathways resulting in the formation of substances."" [GOC:go_curators]",2807,159,36,26963,0.22641509433962265,0.01282508015675098,query_1,"['GO:0009058', 'GO:0009889', 'GO:0009892']",4
GO:BP,GO:0050731,positive regulation of peptidyl-tyrosine phosphorylation,0.009907221933995467,True,"""Any process that activates or increases the frequency, rate or extent of the phosphorylation of peptidyl-tyrosine."" [GOC:ai]",164,159,8,26963,0.050314465408805034,0.04878048780487805,query_1,"['GO:0001934', 'GO:0018108', 'GO:0050730']",4
GO:BP,GO:0051093,negative regulation of developmental process,0.009975747794929669,True,"""Any process that stops, prevents or reduces the rate or extent of development, the biological process whose specific outcome is the progression of an organism over time from an initial condition (e.g. a zygote, or a young adult) to a later condition (e.g. a multicellular animal or an aged adult)."" [GOC:ai]",1081,159,20,26963,0.12578616352201258,0.018501387604070305,query_1,"['GO:0032502', 'GO:0048519', 'GO:0050793']",4
GO:BP,GO:0031669,cellular response to nutrient levels,0.009988868913354161,True,"""Any process that results in a change in state or activity of a cell (in terms of movement, secretion, enzyme production, gene expression, etc.) as a result of a stimulus reflecting the presence, absence, or concentration of nutrients."" [GOC:mah]",277,159,10,26963,0.06289308176100629,0.036101083032490974,query_1,"['GO:0031667', 'GO:0051716']",4
GO:BP,GO:0019221,cytokine-mediated signaling pathway,0.010085792749552723,True,"""The series of molecular signals initiated by the binding of a cytokine to a receptor on the surface of a cell, and ending with the regulation of a downstream cellular process, e.g. transcription."" [GOC:mah, GOC:signaling, PMID:19295629]",483,159,13,26963,0.08176100628930817,0.026915113871635612,query_1,"['GO:0007166', 'GO:0071345']",4
GO:BP,GO:0045087,innate immune response,0.01019849829259591,True,"""Innate immune responses are defense responses mediated by germline encoded components that directly recognize components of potential pathogens."" [GO_REF:0000022, GOC:add, GOC:ebc, GOC:mtg_sensu]",989,159,19,26963,0.11949685534591195,0.019211324570273004,query_1,"['GO:0006955', 'GO:0140546']",4
GO:BP,GO:1902105,regulation of leukocyte differentiation,0.010505318901377363,True,"""Any process that modulates the frequency, rate or extent of leukocyte differentiation."" [GOC:add, GOC:TermGenie]",343,159,11,26963,0.06918238993710692,0.03206997084548105,query_1,"['GO:0002521', 'GO:1903706']",4
GO:BP,GO:0022008,neurogenesis,0.010586673443183483,True,"""Generation of cells within the nervous system."" [GO_REF:0000021, GOC:cls, GOC:curators, GOC:dgh, GOC:dph, GOC:jid]",1907,159,28,26963,0.1761006289308176,0.014682747771368642,query_1,"['GO:0007399', 'GO:0030154']",4
GO:BP,GO:0050673,epithelial cell proliferation,0.011511271184921545,True,"""The multiplication or reproduction of epithelial cells, resulting in the expansion of a cell population. Epithelial cells make up the epithelium, the covering of internal and external surfaces of the body, including the lining of vessels and other small cavities. It consists of cells joined by small amounts of cementing substances."" [ISBN:0721662544]",489,159,13,26963,0.08176100628930817,0.026584867075664622,query_1,['GO:0008283'],4
GO:BP,GO:0010810,regulation of cell-substrate adhesion,0.011649908554909376,True,"""Any process that modulates the frequency, rate or extent of cell-substrate adhesion. Cell-substrate adhesion is the attachment of a cell to the underlying substrate via adhesion molecules."" [GOC:dph, GOC:pf, GOC:tb]",222,159,9,26963,0.05660377358490566,0.04054054054054054,query_1,"['GO:0030155', 'GO:0031589']",4
GO:BP,GO:0045937,positive regulation of phosphate metabolic process,0.011830403770630684,True,"""Any process that activates or increases the frequency, rate or extent of the chemical reactions and pathways involving phosphates."" [GOC:go_curators]",648,159,15,26963,0.09433962264150944,0.023148148148148147,query_1,"['GO:0006796', 'GO:0010562', 'GO:0019220']",4
GO:BP,GO:0010562,positive regulation of phosphorus metabolic process,0.011830403770630684,True,"""Any process that increases the frequency, rate or extent of the chemical reactions and pathways involving phosphorus or compounds containing phosphorus."" [GOC:dph, GOC:tb]",648,159,15,26963,0.09433962264150944,0.023148148148148147,query_1,"['GO:0006793', 'GO:0009893', 'GO:0051174']",4
GO:BP,GO:0048871,multicellular organismal-level homeostasis,0.012822974826509263,True,"""Any process involved in the maintenance of an internal steady state at the level of the multicellular organism."" [GOC:isa_complete]",913,159,18,26963,0.11320754716981132,0.019715224534501644,query_1,"['GO:0032501', 'GO:0042592']",4
GO:BP,GO:0001933,negative regulation of protein phosphorylation,0.012979002423979268,True,"""Any process that stops, prevents or reduces the rate of addition of phosphate groups to amino acids within a protein."" [GOC:hjd]",225,159,9,26963,0.05660377358490566,0.04,query_1,"['GO:0001932', 'GO:0006468', 'GO:0031400', 'GO:0042326']",4
GO:BP,GO:0010605,negative regulation of macromolecule metabolic process,0.013347314650529008,True,"""Any process that decreases the frequency, rate or extent of the chemical reactions and pathways involving macromolecules, any molecule of high relative molecular mass, the structure of which essentially comprises the multiple repetition of units derived, actually or conceptually, from molecules of low relative molecular mass."" [GOC:dph, GOC:tb]",3101,159,38,26963,0.2389937106918239,0.012254111576910674,query_1,"['GO:0009892', 'GO:0043170', 'GO:0060255']",4
GO:BP,GO:0070371,ERK1 and ERK2 cascade,0.013767022428325794,True,"""A MAPK cascade containing at least the ERK1 or ERK2 MAP kinases. It starts with the activation of a MAP3K, and the consecutive activation of a MPK2K and of ERK1 or ERK2. The cascade can also contain an additional tier: the upstream MAP4K. The kinases in each tier phosphorylate and activate the kinase in the downstream tier. The ERK1/ERK2 cascade is activated by mitogens, growth factors, G protein-coupled receptors, and results in cellular responses such as cell proliferation, cell differentiation and development."" [PMID:20811974, PMID:23125017, PMID:28903453]",353,159,11,26963,0.06918238993710692,0.031161473087818695,query_1,['GO:0000165'],4
GO:BP,GO:0001952,regulation of cell-matrix adhesion,0.014032314333392748,True,"""Any process that modulates the frequency, rate or extent of attachment of a cell to the extracellular matrix."" [GOC:hjd]",123,159,7,26963,0.0440251572327044,0.056910569105691054,query_1,"['GO:0007160', 'GO:0010810']",4
GO:BP,GO:0010543,regulation of platelet activation,0.015066320372265423,True,"""Any process that modulates the rate or frequency of platelet activation. Platelet activation is a series of progressive, overlapping events triggered by exposure of the platelets to subendothelial tissue."" [GOC:BHF, GOC:dph, GOC:tb]",48,159,5,26963,0.031446540880503145,0.10416666666666667,query_1,"['GO:0030168', 'GO:0050865']",4
GO:BP,GO:0045637,regulation of myeloid cell differentiation,0.015482770420564765,True,"""Any process that modulates the frequency, rate or extent of myeloid cell differentiation."" [GOC:go_curators]",230,159,9,26963,0.05660377358490566,0.0391304347826087,query_1,"['GO:0030099', 'GO:1903706']",4
GO:BP,GO:0070374,positive regulation of ERK1 and ERK2 cascade,0.016030161714926154,True,"""Any process that activates or increases the frequency, rate or extent of signal transduction mediated by the ERK1 and ERK2 cascade."" [GOC:mah]",231,159,9,26963,0.05660377358490566,0.03896103896103896,query_1,"['GO:0043410', 'GO:0070371', 'GO:0070372']",4
GO:BP,GO:0006816,calcium ion transport,0.016180251682812404,True,"""The directed movement of calcium (Ca) ions into, out of or within a cell, or between cells, by means of some agent such as a transporter or pore."" [GOC:ai]",430,159,12,26963,0.07547169811320754,0.027906976744186046,query_1,['GO:0030001'],4
GO:BP,GO:1903706,regulation of hemopoiesis,0.016180251682812404,True,"""Any process that modulates the frequency, rate or extent of hemopoiesis."" [GO_REF:0000058, GOC:pad, GOC:PARL, GOC:TermGenie, PMID:20080761]",430,159,12,26963,0.07547169811320754,0.027906976744186046,query_1,"['GO:0002682', 'GO:0030097', 'GO:0060284', 'GO:2000026']",4
GO:BP,GO:0032869,cellular response to insulin stimulus,0.016594008624246776,True,"""Any process that results in a change in state or activity of a cell (in terms of movement, secretion, enzyme production, gene expression, etc.) as a result of an insulin stimulus. Insulin is a polypeptide hormone produced by the islets of Langerhans of the pancreas in mammals, and by the homologous organs of other organisms."" [GOC:mah, ISBN:0198506732]",232,159,9,26963,0.05660377358490566,0.03879310344827586,query_1,"['GO:0032868', 'GO:0071375']",4
GO:BP,GO:0010629,negative regulation of gene expression,0.01675509320386514,True,"""Any process that decreases the frequency, rate or extent of gene expression. Gene expression is the process in which a gene's coding sequence is converted into a mature gene product (protein or RNA)."" [GOC:txnOH-2018]",1523,159,24,26963,0.1509433962264151,0.015758371634931056,query_1,"['GO:0010467', 'GO:0010468', 'GO:0010558']",4
GO:BP,GO:0045935,positive regulation of nucleobase-containing compound metabolic process,0.01763114663154181,True,"""Any cellular process that activates or increases the frequency, rate or extent of the chemical reactions and pathways involving nucleobases, nucleosides, nucleotides and nucleic acids."" [GOC:go_curators]",2072,159,29,26963,0.18238993710691823,0.013996138996138996,query_1,"['GO:0006139', 'GO:0009893', 'GO:0019219']",4
GO:BP,GO:0098609,cell-cell adhesion,0.017685811925400488,True,"""The attachment of one cell to another cell via adhesion molecules."" [GOC:dos]",935,159,18,26963,0.11320754716981132,0.019251336898395723,query_1,['GO:0007155'],4
GO:BP,GO:0030316,osteoclast differentiation,0.018221642693939624,True,"""The process in which a relatively unspecialized monocyte acquires the specialized features of an osteoclast. An osteoclast is a specialized phagocytic cell associated with the absorption and removal of the mineralized matrix of bone tissue."" [CL:0000092, GOC:add, ISBN:0781735149, PMID:12161749]",128,159,7,26963,0.0440251572327044,0.0546875,query_1,['GO:0002573'],4
GO:BP,GO:0050890,cognition,0.018342831360629933,True,"""The operation of the mind by which an organism becomes aware of objects of thought or perception; it includes the mental activities associated with thinking, learning, and memory."" [ISBN:0721619908]",364,159,11,26963,0.06918238993710692,0.03021978021978022,query_1,['GO:0050877'],4
GO:BP,GO:0001818,negative regulation of cytokine production,0.018888050886426973,True,"""Any process that stops, prevents, or reduces the rate of production of a cytokine."" [GOC:add, ISBN:0781735149]",298,159,10,26963,0.06289308176100629,0.03355704697986577,query_1,"['GO:0001816', 'GO:0001817', 'GO:0010629', 'GO:0051241']",4
GO:BP,GO:0003018,vascular process in circulatory system,0.020345863186089976,True,"""A circulatory process that occurs at the level of the vasculature."" [GOC:mtg_cardio]",238,159,9,26963,0.05660377358490566,0.037815126050420166,query_1,['GO:0003013'],4
GO:BP,GO:0002521,leukocyte differentiation,0.020897760611133503,True,"""The process in which a relatively unspecialized hemopoietic precursor cell acquires the specialized features of a leukocyte. A leukocyte is an achromatic cell of the myeloid or lymphoid lineages capable of ameboid movement, found in blood or other tissue."" [CL:0000738, GOC:add, PMID:16551264]",680,159,15,26963,0.09433962264150944,0.022058823529411766,query_1,"['GO:0030097', 'GO:0030154']",4
GO:BP,GO:0031349,positive regulation of defense response,0.021653804396371625,True,"""Any process that activates or increases the frequency, rate or extent of a defense response."" [GOC:mah]",519,159,13,26963,0.08176100628930817,0.025048169556840076,query_1,"['GO:0006952', 'GO:0031347', 'GO:0048584']",4
GO:BP,GO:0010959,regulation of metal ion transport,0.02189887685580563,True,"""Any process that modulates the frequency, rate, or extent of metal ion transport. Metal ion transport is the directed movement of metal ions, any metal ion with an electric charge, into, out of or within a cell, or between cells, by means of some agent such as a transporter or pore."" [GOC:dph, GOC:tb]",371,159,11,26963,0.06918238993710692,0.029649595687331536,query_1,"['GO:0030001', 'GO:0043269']",4
GO:BP,GO:0051254,positive regulation of RNA metabolic process,0.022521831556966344,True,"""Any process that activates or increases the frequency, rate or extent of the chemical reactions and pathways involving RNA."" [GOC:ai]",1875,159,27,26963,0.16981132075471697,0.0144,query_1,"['GO:0010604', 'GO:0016070', 'GO:0045935', 'GO:0051252']",4
GO:BP,GO:0007599,hemostasis,0.02295783892395685,True,"""The stopping of bleeding (loss of body fluid) or the arrest of the circulation to an organ or part."" [ISBN:0198506732]",184,159,8,26963,0.050314465408805034,0.043478260869565216,query_1,['GO:0050878'],4
GO:BP,GO:0045670,regulation of osteoclast differentiation,0.023942012110241714,True,"""Any process that modulates the frequency, rate or extent of osteoclast differentiation."" [GOC:go_curators]",89,159,6,26963,0.03773584905660377,0.06741573033707865,query_1,"['GO:0002761', 'GO:0030316']",4
GO:BP,GO:0002040,sprouting angiogenesis,0.024566528961477395,True,"""The extension of new blood vessels from existing vessels into avascular tissues, this process includes the specialization of endothelial cells into leading tip and stalk cells, proliferation and migration of the endothelial cells and cell adhesion resulting in angiogenic sprout fusion or lumen formation."" [PMID:16391003, PMID:23031691]",134,159,7,26963,0.0440251572327044,0.05223880597014925,query_1,['GO:0001525'],4
GO:BP,GO:0042326,negative regulation of phosphorylation,0.024798854141837377,True,"""Any process that stops, prevents or decreases the rate of addition of phosphate groups to a molecule."" [GOC:jl]",244,159,9,26963,0.05660377358490566,0.036885245901639344,query_1,"['GO:0016310', 'GO:0042325', 'GO:0045936']",4
GO:BP,GO:0030097,hemopoiesis,0.024894106093425235,True,"""The process whose specific outcome is the progression of the myeloid and lymphoid derived organ/tissue systems of the blood and other parts of the body over time, from formation to the mature structure. The site of hemopoiesis is variable during development, but occurs primarily in bone marrow or kidney in many adult vertebrates."" [GOC:dgh, ISBN:0198506732]",1054,159,19,26963,0.11949685534591195,0.018026565464895637,query_1,['GO:0048468'],4
GO:BP,GO:0030278,regulation of ossification,0.025782998865823414,True,"""Any process that modulates the frequency, rate or extent of ossification, the formation of bone or of a bony substance or the conversion of fibrous tissue or of cartilage into bone or a bony substance."" [GOC:go_curators]",135,159,7,26963,0.0440251572327044,0.05185185185185185,query_1,"['GO:0001503', 'GO:0051239']",4
GO:BP,GO:0007044,cell-substrate junction assembly,0.027197980907911666,True,"""The aggregation, arrangement and bonding together of a set of components to form a junction between a cell and its substrate."" [GOC:mah]",91,159,6,26963,0.03773584905660377,0.06593406593406594,query_1,"['GO:0034329', 'GO:0150115']",4
GO:BP,GO:0042594,response to starvation,0.027320330681209294,True,"""Any process that results in a change in state or activity of a cell or an organism (in terms of movement, secretion, enzyme production, gene expression, etc.) as a result of a starvation stimulus, deprivation of nourishment."" [GOC:go_curators]",247,159,9,26963,0.05660377358490566,0.03643724696356275,query_1,"['GO:0006950', 'GO:0031667']",4
GO:BP,GO:0007155,cell adhesion,0.028668125893764797,True,"""The attachment of a cell, either to another cell or to an underlying substrate such as the extracellular matrix, via cell adhesion molecules."" [GOC:hb, GOC:pf]",1468,159,23,26963,0.14465408805031446,0.015667574931880108,query_1,['GO:0009987'],4
GO:BP,GO:0001656,metanephros development,0.030802128955057476,True,"""The process whose specific outcome is the progression of the metanephros over time, from its formation to the mature structure. In mammals, the metanephros is the excretory organ of the fetus, which develops into the mature kidney and is formed from the rear portion of the nephrogenic cord. The metanephros is an endocrine and metabolic organ that filters the blood and excretes the end products of body metabolism in the form of urine."" [GOC:bf, ISBN:0192800752]",93,159,6,26963,0.03773584905660377,0.06451612903225806,query_1,['GO:0001822'],4
GO:BP,GO:0031400,negative regulation of protein modification process,0.03392970864695665,True,"""Any process that stops, prevents, or reduces the frequency, rate or extent of the covalent alteration of one or more amino acid residues within a protein."" [GOC:mah, GOC:tb]",319,159,10,26963,0.06289308176100629,0.03134796238244514,query_1,"['GO:0031399', 'GO:0036211', 'GO:0051248']",4
GO:BP,GO:0045932,negative regulation of muscle contraction,0.0344328218646757,True,"""Any process that stops, prevents, or reduces the frequency, rate or extent of muscle contraction."" [GOC:go_curators]",28,159,4,26963,0.025157232704402517,0.14285714285714285,query_1,"['GO:0006936', 'GO:0006937', 'GO:0051241']",4
GO:BP,GO:1990868,response to chemokine,0.03478173040918628,True,"""Any process that results in a change in state or activity of a cell or an organism (in terms of movement, secretion, enzyme production, gene expression, etc.) as a result of a chemokine stimulus."" [PMID:11113082]",95,159,6,26963,0.03773584905660377,0.06315789473684211,query_1,['GO:0034097'],4
GO:BP,GO:1990869,cellular response to chemokine,0.03478173040918628,True,"""Any process that results in a change in state or activity of a cell (in terms of movement, secretion, enzyme production, gene expression, etc.) as a result of a chemokine stimulus."" [PMID:11113082]",95,159,6,26963,0.03773584905660377,0.06315789473684211,query_1,"['GO:0071345', 'GO:1990868']",4
GO:BP,GO:0032879,regulation of localization,0.03551366449670655,True,"""Any process that modulates the frequency, rate or extent of any process in which a cell, a substance, or a cellular entity is transported to, or maintained in, a specific location."" [GOC:mah]",2151,159,29,26963,0.18238993710691823,0.013482101348210134,query_1,"['GO:0050789', 'GO:0051179']",4
GO:BP,GO:0050790,regulation of catalytic activity,0.036599644187390555,True,"""Any process that modulates the activity of an enzyme."" [GOC:ai, GOC:ebc, GOC:vw]",467,159,12,26963,0.07547169811320754,0.02569593147751606,query_1,['GO:0065009'],4
GO:BP,GO:0098739,import across plasma membrane,0.03754855523358866,True,"""The directed movement of some substance from outside of a cell, across the plasma membrane and into the cytosol."" [GOC:dos]",197,159,8,26963,0.050314465408805034,0.04060913705583756,query_1,"['GO:0055085', 'GO:0098657']",4
GO:BP,GO:0008016,regulation of heart contraction,0.03893599472385907,True,"""Any process that modulates the frequency, rate or extent of heart contraction. Heart contraction is the process in which the heart decreases in volume in a characteristic way to propel blood through the body."" [GOC:dph, GOC:go_curators, GOC:tb]",198,159,8,26963,0.050314465408805034,0.04040404040404041,query_1,"['GO:0060047', 'GO:1903522']",4
GO:BP,GO:0048878,chemical homeostasis,0.039015221318139615,True,"""Any biological process involved in the maintenance of an internal steady state of a chemical."" [GOC:isa_complete]",1089,159,19,26963,0.11949685534591195,0.017447199265381085,query_1,['GO:0042592'],4
GO:BP,GO:0034329,cell junction assembly,0.03978258308170757,True,"""A cellular process that results in the aggregation, arrangement and bonding together of a set of components to form a cell junction."" [GOC:mah]",471,159,12,26963,0.07547169811320754,0.025477707006369428,query_1,"['GO:0022607', 'GO:0034330']",4
GO:BP,GO:0019219,regulation of nucleobase-containing compound metabolic process,0.039949965373423504,True,"""Any cellular process that modulates the frequency, rate or extent of the chemical reactions and pathways involving nucleobases, nucleosides, nucleotides and nucleic acids."" [GOC:go_curators]",3897,159,43,26963,0.27044025157232704,0.011034128817038748,query_1,"['GO:0006139', 'GO:0080090']",4
GO:BP,GO:0051897,positive regulation of phosphatidylinositol 3-kinase/protein kinase B signal transduction,0.04036616839749983,True,"""Any process that activates or increases the frequency, rate or extent of phosphatidylinositol 3-kinase/protein kinase B signal transduction."" [GOC:ai]",199,159,8,26963,0.050314465408805034,0.04020100502512563,query_1,"['GO:0043491', 'GO:0051896', 'GO:1902533']",4
GO:BP,GO:0007611,learning or memory,0.040826535442792744,True,"""The acquisition and processing of information and/or the storage and retrieval of this information over time."" [GOC:jid, PMID:8938125]",326,159,10,26963,0.06289308176100629,0.03067484662576687,query_1,"['GO:0007610', 'GO:0050890']",4
GO:BP,GO:0150115,cell-substrate junction organization,0.041518080518094226,True,"""A process that is carried out at the cellular level which results in the assembly, arrangement of constituent parts, or disassembly of a cell-substrate junction. A cell-substrate junction is a specialized region of connection between a cell and the extracellular matrix."" [GOC:aruk, GOC:bc, PMID:10419689, PMID:1643657, PMID:16805308, PMID:26923917, PMID:8314002]",98,159,6,26963,0.03773584905660377,0.061224489795918366,query_1,['GO:0034330'],4
GO:BP,GO:0022409,positive regulation of cell-cell adhesion,0.04190374315581237,True,"""Any process that activates or increases the rate or extent of cell adhesion to another cell."" [GOC:isa_complete]",327,159,10,26963,0.06289308176100629,0.03058103975535168,query_1,"['GO:0022407', 'GO:0045785', 'GO:0098609']",4
GO:BP,GO:0002757,immune response-activating signaling pathway,0.04232552148376695,True,"""The series of molecular signals generated by a ligand binding to its receptor that lead to the activation or perpetuation of an immune response."" [GOC:add]",474,159,12,26963,0.07547169811320754,0.02531645569620253,query_1,"['GO:0002253', 'GO:0002764']",4
GO:BP,GO:0033135,regulation of peptidyl-serine phosphorylation,0.04470011392418054,True,"""Any process that modulates the frequency, rate or extent of the phosphorylation of peptidyl-serine."" [GOC:mah]",147,159,7,26963,0.0440251572327044,0.047619047619047616,query_1,"['GO:0001932', 'GO:0018105']",4
GO:BP,GO:0070372,regulation of ERK1 and ERK2 cascade,0.045282917851295436,True,"""Any process that modulates the frequency, rate or extent of signal transduction mediated by the ERK1 and ERK2 cascade."" [GOC:add, ISBN:0121245462, ISBN:0896039986]",330,159,10,26963,0.06289308176100629,0.030303030303030304,query_1,"['GO:0043408', 'GO:0070371']",4
GO:BP,GO:0035264,multicellular organism growth,0.04653537207378613,True,"""The increase in size or mass of an entire multicellular organism, as opposed to cell growth."" [GOC:bf, GOC:curators, GOC:dph, GOC:tb]",203,159,8,26963,0.050314465408805034,0.03940886699507389,query_1,"['GO:0032501', 'GO:0048589']",4
